消费地点,日期,时间段,人数
好利来食品店,2019-04-01,07:00-08:00,283
好利来食品店,2019-04-01,08:00-09:00,28
好利来食品店,2019-04-01,09:00-10:00,200
好利来食品店,2019-04-01,10:00-11:00,22
好利来食品店,2019-04-01,11:00-12:00,58
好利来食品店,2019-04-01,12:00-13:00,97
好利来食品店,2019-04-01,13:00-14:00,24
好利来食品店,2019-04-01,14:00-15:00,49
好利来食品店,2019-04-01,15:00-16:00,12
好利来食品店,2019-04-01,16:00-17:00,175
好利来食品店,2019-04-01,17:00-18:00,58
好利来食品店,2019-04-01,18:00-19:00,71
好利来食品店,2019-04-01,19:00-20:00,66
好利来食品店,2019-04-01,20:00-21:00,46
好利来食品店,2019-04-01,21:00-22:00,87
好利来食品店,2019-04-01,22:00-23:00,38
好利来食品店,2019-04-02,07:00-08:00,275
好利来食品店,2019-04-02,08:00-09:00,30
好利来食品店,2019-04-02,09:00-10:00,114
好利来食品店,2019-04-02,10:00-11:00,7
好利来食品店,2019-04-02,11:00-12:00,58
好利来食品店,2019-04-02,12:00-13:00,86
好利来食品店,2019-04-02,13:00-14:00,17
好利来食品店,2019-04-02,14:00-15:00,59
好利来食品店,2019-04-02,15:00-16:00,16
好利来食品店,2019-04-02,16:00-17:00,117
好利来食品店,2019-04-02,17:00-18:00,73
好利来食品店,2019-04-02,18:00-19:00,70
好利来食品店,2019-04-02,19:00-20:00,38
好利来食品店,2019-04-02,20:00-21:00,30
好利来食品店,2019-04-02,21:00-22:00,36
好利来食品店,2019-04-02,22:00-23:00,38
好利来食品店,2019-04-03,07:00-08:00,288
好利来食品店,2019-04-03,08:00-09:00,15
好利来食品店,2019-04-03,09:00-10:00,74
好利来食品店,2019-04-03,10:00-11:00,4
好利来食品店,2019-04-03,11:00-12:00,49
好利来食品店,2019-04-03,12:00-13:00,72
好利来食品店,2019-04-03,13:00-14:00,23
好利来食品店,2019-04-03,14:00-15:00,52
好利来食品店,2019-04-03,15:00-16:00,16
好利来食品店,2019-04-03,16:00-17:00,111
好利来食品店,2019-04-03,17:00-18:00,61
好利来食品店,2019-04-03,18:00-19:00,101
好利来食品店,2019-04-03,19:00-20:00,61
好利来食品店,2019-04-03,20:00-21:00,29
好利来食品店,2019-04-03,21:00-22:00,101
好利来食品店,2019-04-03,22:00-23:00,66
好利来食品店,2019-04-04,07:00-08:00,338
好利来食品店,2019-04-04,08:00-09:00,28
好利来食品店,2019-04-04,09:00-10:00,101
好利来食品店,2019-04-04,10:00-11:00,15
好利来食品店,2019-04-04,11:00-12:00,58
好利来食品店,2019-04-04,12:00-13:00,91
好利来食品店,2019-04-04,13:00-14:00,28
好利来食品店,2019-04-04,14:00-15:00,37
好利来食品店,2019-04-04,15:00-16:00,38
好利来食品店,2019-04-04,16:00-17:00,55
好利来食品店,2019-04-04,17:00-18:00,54
好利来食品店,2019-04-04,18:00-19:00,75
好利来食品店,2019-04-04,19:00-20:00,64
好利来食品店,2019-04-04,20:00-21:00,31
好利来食品店,2019-04-04,21:00-22:00,109
好利来食品店,2019-04-04,22:00-23:00,44
好利来食品店,2019-04-05,07:00-08:00,26
好利来食品店,2019-04-05,08:00-09:00,72
好利来食品店,2019-04-05,09:00-10:00,56
好利来食品店,2019-04-05,10:00-11:00,26
好利来食品店,2019-04-05,11:00-12:00,30
好利来食品店,2019-04-05,12:00-13:00,41
好利来食品店,2019-04-05,13:00-14:00,14
好利来食品店,2019-04-05,14:00-15:00,16
好利来食品店,2019-04-05,15:00-16:00,10
好利来食品店,2019-04-05,16:00-17:00,20
好利来食品店,2019-04-05,17:00-18:00,19
好利来食品店,2019-04-05,18:00-19:00,49
好利来食品店,2019-04-05,19:00-20:00,50
好利来食品店,2019-04-05,20:00-21:00,28
好利来食品店,2019-04-05,21:00-22:00,23
好利来食品店,2019-04-05,22:00-23:00,26
好利来食品店,2019-04-06,07:00-08:00,16
好利来食品店,2019-04-06,08:00-09:00,39
好利来食品店,2019-04-06,09:00-10:00,35
好利来食品店,2019-04-06,10:00-11:00,23
好利来食品店,2019-04-06,11:00-12:00,33
好利来食品店,2019-04-06,12:00-13:00,34
好利来食品店,2019-04-06,13:00-14:00,24
好利来食品店,2019-04-06,14:00-15:00,14
好利来食品店,2019-04-06,15:00-16:00,20
好利来食品店,2019-04-06,16:00-17:00,13
好利来食品店,2019-04-06,17:00-18:00,29
好利来食品店,2019-04-06,18:00-19:00,42
好利来食品店,2019-04-06,19:00-20:00,29
好利来食品店,2019-04-06,20:00-21:00,24
好利来食品店,2019-04-06,21:00-22:00,21
好利来食品店,2019-04-06,22:00-23:00,18
好利来食品店,2019-04-07,07:00-08:00,4
好利来食品店,2019-04-07,08:00-09:00,31
好利来食品店,2019-04-07,09:00-10:00,32
好利来食品店,2019-04-07,10:00-11:00,20
好利来食品店,2019-04-07,11:00-12:00,28
好利来食品店,2019-04-07,12:00-13:00,39
好利来食品店,2019-04-07,13:00-14:00,13
好利来食品店,2019-04-07,14:00-15:00,10
好利来食品店,2019-04-07,15:00-16:00,8
好利来食品店,2019-04-07,16:00-17:00,16
好利来食品店,2019-04-07,17:00-18:00,30
好利来食品店,2019-04-07,18:00-19:00,39
好利来食品店,2019-04-07,19:00-20:00,43
好利来食品店,2019-04-07,20:00-21:00,27
好利来食品店,2019-04-07,21:00-22:00,54
好利来食品店,2019-04-07,22:00-23:00,32
好利来食品店,2019-04-08,07:00-08:00,288
好利来食品店,2019-04-08,08:00-09:00,27
好利来食品店,2019-04-08,09:00-10:00,145
好利来食品店,2019-04-08,10:00-11:00,31
好利来食品店,2019-04-08,11:00-12:00,46
好利来食品店,2019-04-08,12:00-13:00,72
好利来食品店,2019-04-08,13:00-14:00,17
好利来食品店,2019-04-08,14:00-15:00,66
好利来食品店,2019-04-08,15:00-16:00,12
好利来食品店,2019-04-08,16:00-17:00,156
好利来食品店,2019-04-08,17:00-18:00,59
好利来食品店,2019-04-08,18:00-19:00,97
好利来食品店,2019-04-08,19:00-20:00,75
好利来食品店,2019-04-08,20:00-21:00,33
好利来食品店,2019-04-08,21:00-22:00,92
好利来食品店,2019-04-08,22:00-23:00,74
好利来食品店,2019-04-09,07:00-08:00,354
好利来食品店,2019-04-09,08:00-09:00,43
好利来食品店,2019-04-09,09:00-10:00,138
好利来食品店,2019-04-09,10:00-11:00,7
好利来食品店,2019-04-09,11:00-12:00,97
好利来食品店,2019-04-09,12:00-13:00,62
好利来食品店,2019-04-09,13:00-14:00,20
好利来食品店,2019-04-09,14:00-15:00,52
好利来食品店,2019-04-09,15:00-16:00,17
好利来食品店,2019-04-09,16:00-17:00,150
好利来食品店,2019-04-09,17:00-18:00,64
好利来食品店,2019-04-09,18:00-19:00,65
好利来食品店,2019-04-09,19:00-20:00,38
好利来食品店,2019-04-09,20:00-21:00,22
好利来食品店,2019-04-09,21:00-22:00,84
好利来食品店,2019-04-09,22:00-23:00,52
好利来食品店,2019-04-10,07:00-08:00,359
好利来食品店,2019-04-10,08:00-09:00,21
好利来食品店,2019-04-10,09:00-10:00,102
好利来食品店,2019-04-10,10:00-11:00,15
好利来食品店,2019-04-10,11:00-12:00,41
好利来食品店,2019-04-10,12:00-13:00,76
好利来食品店,2019-04-10,13:00-14:00,10
好利来食品店,2019-04-10,14:00-15:00,56
好利来食品店,2019-04-10,15:00-16:00,14
好利来食品店,2019-04-10,16:00-17:00,109
好利来食品店,2019-04-10,17:00-18:00,48
好利来食品店,2019-04-10,18:00-19:00,83
好利来食品店,2019-04-10,19:00-20:00,67
好利来食品店,2019-04-10,20:00-21:00,21
好利来食品店,2019-04-10,21:00-22:00,97
好利来食品店,2019-04-10,22:00-23:00,55
好利来食品店,2019-04-11,07:00-08:00,338
好利来食品店,2019-04-11,08:00-09:00,26
好利来食品店,2019-04-11,09:00-10:00,141
好利来食品店,2019-04-11,10:00-11:00,18
好利来食品店,2019-04-11,11:00-12:00,59
好利来食品店,2019-04-11,12:00-13:00,91
好利来食品店,2019-04-11,13:00-14:00,35
好利来食品店,2019-04-11,14:00-15:00,41
好利来食品店,2019-04-11,15:00-16:00,44
好利来食品店,2019-04-11,16:00-17:00,62
好利来食品店,2019-04-11,17:00-18:00,90
好利来食品店,2019-04-11,18:00-19:00,101
好利来食品店,2019-04-11,19:00-20:00,90
好利来食品店,2019-04-11,20:00-21:00,39
好利来食品店,2019-04-11,21:00-22:00,101
好利来食品店,2019-04-11,22:00-23:00,68
好利来食品店,2019-04-12,07:00-08:00,266
好利来食品店,2019-04-12,08:00-09:00,36
好利来食品店,2019-04-12,09:00-10:00,126
好利来食品店,2019-04-12,10:00-11:00,29
好利来食品店,2019-04-12,11:00-12:00,63
好利来食品店,2019-04-12,12:00-13:00,81
好利来食品店,2019-04-12,13:00-14:00,24
好利来食品店,2019-04-12,14:00-15:00,50
好利来食品店,2019-04-12,15:00-16:00,16
好利来食品店,2019-04-12,16:00-17:00,125
好利来食品店,2019-04-12,17:00-18:00,50
好利来食品店,2019-04-12,18:00-19:00,62
好利来食品店,2019-04-12,19:00-20:00,40
好利来食品店,2019-04-12,20:00-21:00,40
好利来食品店,2019-04-12,21:00-22:00,59
好利来食品店,2019-04-12,22:00-23:00,67
好利来食品店,2019-04-13,07:00-08:00,44
好利来食品店,2019-04-13,08:00-09:00,53
好利来食品店,2019-04-13,09:00-10:00,39
好利来食品店,2019-04-13,10:00-11:00,20
好利来食品店,2019-04-13,11:00-12:00,30
好利来食品店,2019-04-13,12:00-13:00,46
好利来食品店,2019-04-13,13:00-14:00,26
好利来食品店,2019-04-13,14:00-15:00,19
好利来食品店,2019-04-13,15:00-16:00,27
好利来食品店,2019-04-13,16:00-17:00,21
好利来食品店,2019-04-13,17:00-18:00,44
好利来食品店,2019-04-13,18:00-19:00,52
好利来食品店,2019-04-13,19:00-20:00,33
好利来食品店,2019-04-13,20:00-21:00,27
好利来食品店,2019-04-13,21:00-22:00,21
好利来食品店,2019-04-13,22:00-23:00,27
好利来食品店,2019-04-14,07:00-08:00,36
好利来食品店,2019-04-14,08:00-09:00,19
好利来食品店,2019-04-14,09:00-10:00,20
好利来食品店,2019-04-14,10:00-11:00,20
好利来食品店,2019-04-14,11:00-12:00,29
好利来食品店,2019-04-14,12:00-13:00,42
好利来食品店,2019-04-14,13:00-14:00,23
好利来食品店,2019-04-14,14:00-15:00,16
好利来食品店,2019-04-14,15:00-16:00,21
好利来食品店,2019-04-14,16:00-17:00,14
好利来食品店,2019-04-14,17:00-18:00,42
好利来食品店,2019-04-14,18:00-19:00,50
好利来食品店,2019-04-14,19:00-20:00,51
好利来食品店,2019-04-14,20:00-21:00,38
好利来食品店,2019-04-14,21:00-22:00,43
好利来食品店,2019-04-14,22:00-23:00,32
好利来食品店,2019-04-15,07:00-08:00,245
好利来食品店,2019-04-15,08:00-09:00,34
好利来食品店,2019-04-15,09:00-10:00,89
好利来食品店,2019-04-15,10:00-11:00,18
好利来食品店,2019-04-15,11:00-12:00,64
好利来食品店,2019-04-15,12:00-13:00,72
好利来食品店,2019-04-15,13:00-14:00,13
好利来食品店,2019-04-15,14:00-15:00,50
好利来食品店,2019-04-15,15:00-16:00,17
好利来食品店,2019-04-15,16:00-17:00,205
好利来食品店,2019-04-15,17:00-18:00,49
好利来食品店,2019-04-15,18:00-19:00,61
好利来食品店,2019-04-15,19:00-20:00,55
好利来食品店,2019-04-15,20:00-21:00,34
好利来食品店,2019-04-15,21:00-22:00,98
好利来食品店,2019-04-15,22:00-23:00,48
好利来食品店,2019-04-16,07:00-08:00,295
好利来食品店,2019-04-16,08:00-09:00,35
好利来食品店,2019-04-16,09:00-10:00,127
好利来食品店,2019-04-16,10:00-11:00,17
好利来食品店,2019-04-16,11:00-12:00,33
好利来食品店,2019-04-16,12:00-13:00,98
好利来食品店,2019-04-16,13:00-14:00,22
好利来食品店,2019-04-16,14:00-15:00,59
好利来食品店,2019-04-16,15:00-16:00,8
好利来食品店,2019-04-16,16:00-17:00,190
好利来食品店,2019-04-16,17:00-18:00,56
好利来食品店,2019-04-16,18:00-19:00,84
好利来食品店,2019-04-16,19:00-20:00,53
好利来食品店,2019-04-16,20:00-21:00,25
好利来食品店,2019-04-16,21:00-22:00,100
好利来食品店,2019-04-16,22:00-23:00,76
好利来食品店,2019-04-17,07:00-08:00,304
好利来食品店,2019-04-17,08:00-09:00,30
好利来食品店,2019-04-17,09:00-10:00,107
好利来食品店,2019-04-17,10:00-11:00,18
好利来食品店,2019-04-17,11:00-12:00,64
好利来食品店,2019-04-17,12:00-13:00,78
好利来食品店,2019-04-17,13:00-14:00,15
好利来食品店,2019-04-17,14:00-15:00,61
好利来食品店,2019-04-17,15:00-16:00,19
好利来食品店,2019-04-17,16:00-17:00,122
好利来食品店,2019-04-17,17:00-18:00,66
好利来食品店,2019-04-17,18:00-19:00,59
好利来食品店,2019-04-17,19:00-20:00,49
好利来食品店,2019-04-17,20:00-21:00,35
好利来食品店,2019-04-17,21:00-22:00,85
好利来食品店,2019-04-17,22:00-23:00,64
好利来食品店,2019-04-18,07:00-08:00,366
好利来食品店,2019-04-18,08:00-09:00,39
好利来食品店,2019-04-18,09:00-10:00,129
好利来食品店,2019-04-18,10:00-11:00,18
好利来食品店,2019-04-18,11:00-12:00,63
好利来食品店,2019-04-18,12:00-13:00,79
好利来食品店,2019-04-18,13:00-14:00,57
好利来食品店,2019-04-18,14:00-15:00,42
好利来食品店,2019-04-18,15:00-16:00,38
好利来食品店,2019-04-18,16:00-17:00,45
好利来食品店,2019-04-18,17:00-18:00,69
好利来食品店,2019-04-18,18:00-19:00,70
好利来食品店,2019-04-18,19:00-20:00,80
好利来食品店,2019-04-18,20:00-21:00,40
好利来食品店,2019-04-18,21:00-22:00,107
好利来食品店,2019-04-18,22:00-23:00,62
好利来食品店,2019-04-19,07:00-08:00,291
好利来食品店,2019-04-19,08:00-09:00,61
好利来食品店,2019-04-19,09:00-10:00,108
好利来食品店,2019-04-19,10:00-11:00,14
好利来食品店,2019-04-19,11:00-12:00,74
好利来食品店,2019-04-19,12:00-13:00,99
好利来食品店,2019-04-19,13:00-14:00,24
好利来食品店,2019-04-19,14:00-15:00,21
好利来食品店,2019-04-19,15:00-16:00,9
好利来食品店,2019-04-19,16:00-17:00,97
好利来食品店,2019-04-19,17:00-18:00,75
好利来食品店,2019-04-19,18:00-19:00,69
好利来食品店,2019-04-19,19:00-20:00,49
好利来食品店,2019-04-19,20:00-21:00,37
好利来食品店,2019-04-19,21:00-22:00,62
好利来食品店,2019-04-19,22:00-23:00,55
好利来食品店,2019-04-20,07:00-08:00,33
好利来食品店,2019-04-20,08:00-09:00,34
好利来食品店,2019-04-20,09:00-10:00,41
好利来食品店,2019-04-20,10:00-11:00,27
好利来食品店,2019-04-20,11:00-12:00,43
好利来食品店,2019-04-20,12:00-13:00,50
好利来食品店,2019-04-20,13:00-14:00,26
好利来食品店,2019-04-20,14:00-15:00,21
好利来食品店,2019-04-20,15:00-16:00,24
好利来食品店,2019-04-20,16:00-17:00,19
好利来食品店,2019-04-20,17:00-18:00,50
好利来食品店,2019-04-20,18:00-19:00,63
好利来食品店,2019-04-20,19:00-20:00,49
好利来食品店,2019-04-20,20:00-21:00,34
好利来食品店,2019-04-20,21:00-22:00,29
好利来食品店,2019-04-20,22:00-23:00,29
好利来食品店,2019-04-21,07:00-08:00,26
好利来食品店,2019-04-21,08:00-09:00,23
好利来食品店,2019-04-21,09:00-10:00,41
好利来食品店,2019-04-21,10:00-11:00,25
好利来食品店,2019-04-21,11:00-12:00,48
好利来食品店,2019-04-21,12:00-13:00,54
好利来食品店,2019-04-21,13:00-14:00,33
好利来食品店,2019-04-21,14:00-15:00,16
好利来食品店,2019-04-21,15:00-16:00,16
好利来食品店,2019-04-21,16:00-17:00,20
好利来食品店,2019-04-21,17:00-18:00,35
好利来食品店,2019-04-21,18:00-19:00,45
好利来食品店,2019-04-21,19:00-20:00,47
好利来食品店,2019-04-21,20:00-21:00,33
好利来食品店,2019-04-21,21:00-22:00,34
好利来食品店,2019-04-21,22:00-23:00,32
好利来食品店,2019-04-22,07:00-08:00,220
好利来食品店,2019-04-22,08:00-09:00,34
好利来食品店,2019-04-22,09:00-10:00,140
好利来食品店,2019-04-22,10:00-11:00,31
好利来食品店,2019-04-22,11:00-12:00,46
好利来食品店,2019-04-22,12:00-13:00,94
好利来食品店,2019-04-22,13:00-14:00,9
好利来食品店,2019-04-22,14:00-15:00,47
好利来食品店,2019-04-22,15:00-16:00,10
好利来食品店,2019-04-22,16:00-17:00,157
好利来食品店,2019-04-22,17:00-18:00,78
好利来食品店,2019-04-22,18:00-19:00,74
好利来食品店,2019-04-22,19:00-20:00,58
好利来食品店,2019-04-22,20:00-21:00,47
好利来食品店,2019-04-22,21:00-22:00,91
好利来食品店,2019-04-22,22:00-23:00,56
好利来食品店,2019-04-23,07:00-08:00,329
好利来食品店,2019-04-23,08:00-09:00,30
好利来食品店,2019-04-23,09:00-10:00,122
好利来食品店,2019-04-23,10:00-11:00,19
好利来食品店,2019-04-23,11:00-12:00,35
好利来食品店,2019-04-23,12:00-13:00,104
好利来食品店,2019-04-23,13:00-14:00,14
好利来食品店,2019-04-23,14:00-15:00,36
好利来食品店,2019-04-23,15:00-16:00,17
好利来食品店,2019-04-23,16:00-17:00,128
好利来食品店,2019-04-23,17:00-18:00,61
好利来食品店,2019-04-23,18:00-19:00,88
好利来食品店,2019-04-23,19:00-20:00,40
好利来食品店,2019-04-23,20:00-21:00,33
好利来食品店,2019-04-23,21:00-22:00,92
好利来食品店,2019-04-23,22:00-23:00,62
好利来食品店,2019-04-24,07:00-08:00,320
好利来食品店,2019-04-24,08:00-09:00,39
好利来食品店,2019-04-24,09:00-10:00,101
好利来食品店,2019-04-24,10:00-11:00,16
好利来食品店,2019-04-24,11:00-12:00,40
好利来食品店,2019-04-24,12:00-13:00,91
好利来食品店,2019-04-24,13:00-14:00,13
好利来食品店,2019-04-24,14:00-15:00,29
好利来食品店,2019-04-24,15:00-16:00,18
好利来食品店,2019-04-24,16:00-17:00,113
好利来食品店,2019-04-24,17:00-18:00,49
好利来食品店,2019-04-24,18:00-19:00,54
好利来食品店,2019-04-24,19:00-20:00,61
好利来食品店,2019-04-24,20:00-21:00,27
好利来食品店,2019-04-24,21:00-22:00,119
好利来食品店,2019-04-24,22:00-23:00,49
好利来食品店,2019-04-25,07:00-08:00,304
好利来食品店,2019-04-25,08:00-09:00,28
好利来食品店,2019-04-25,09:00-10:00,147
好利来食品店,2019-04-25,10:00-11:00,27
好利来食品店,2019-04-25,11:00-12:00,59
好利来食品店,2019-04-25,12:00-13:00,95
好利来食品店,2019-04-25,13:00-14:00,44
好利来食品店,2019-04-25,14:00-15:00,20
好利来食品店,2019-04-25,15:00-16:00,52
好利来食品店,2019-04-25,16:00-17:00,83
好利来食品店,2019-04-25,17:00-18:00,53
好利来食品店,2019-04-25,18:00-19:00,53
好利来食品店,2019-04-25,19:00-20:00,62
好利来食品店,2019-04-25,20:00-21:00,34
好利来食品店,2019-04-25,21:00-22:00,122
好利来食品店,2019-04-25,22:00-23:00,46
好利来食品店,2019-04-26,07:00-08:00,271
好利来食品店,2019-04-26,08:00-09:00,43
好利来食品店,2019-04-26,09:00-10:00,149
好利来食品店,2019-04-26,10:00-11:00,21
好利来食品店,2019-04-26,11:00-12:00,44
好利来食品店,2019-04-26,12:00-13:00,91
好利来食品店,2019-04-26,13:00-14:00,23
好利来食品店,2019-04-26,14:00-15:00,30
好利来食品店,2019-04-26,15:00-16:00,18
好利来食品店,2019-04-26,16:00-17:00,92
好利来食品店,2019-04-26,17:00-18:00,42
好利来食品店,2019-04-26,18:00-19:00,64
好利来食品店,2019-04-26,19:00-20:00,32
好利来食品店,2019-04-26,20:00-21:00,23
好利来食品店,2019-04-26,21:00-22:00,33
好利来食品店,2019-04-26,22:00-23:00,37
好利来食品店,2019-04-27,07:00-08:00,16
好利来食品店,2019-04-27,08:00-09:00,24
好利来食品店,2019-04-27,09:00-10:00,20
好利来食品店,2019-04-27,10:00-11:00,35
好利来食品店,2019-04-27,11:00-12:00,67
好利来食品店,2019-04-27,12:00-13:00,106
好利来食品店,2019-04-27,13:00-14:00,29
好利来食品店,2019-04-27,14:00-15:00,10
好利来食品店,2019-04-27,15:00-16:00,10
好利来食品店,2019-04-27,16:00-17:00,15
好利来食品店,2019-04-27,17:00-18:00,31
好利来食品店,2019-04-27,18:00-19:00,46
好利来食品店,2019-04-27,19:00-20:00,40
好利来食品店,2019-04-27,20:00-21:00,29
好利来食品店,2019-04-27,21:00-22:00,29
好利来食品店,2019-04-27,22:00-23:00,24
好利来食品店,2019-04-28,07:00-08:00,0
好利来食品店,2019-04-28,08:00-09:00,0
好利来食品店,2019-04-28,09:00-10:00,0
好利来食品店,2019-04-28,10:00-11:00,0
好利来食品店,2019-04-28,11:00-12:00,0
好利来食品店,2019-04-28,12:00-13:00,0
好利来食品店,2019-04-28,13:00-14:00,0
好利来食品店,2019-04-28,14:00-15:00,0
好利来食品店,2019-04-28,15:00-16:00,0
好利来食品店,2019-04-28,16:00-17:00,0
好利来食品店,2019-04-28,17:00-18:00,0
好利来食品店,2019-04-28,18:00-19:00,0
好利来食品店,2019-04-28,19:00-20:00,0
好利来食品店,2019-04-28,20:00-21:00,0
好利来食品店,2019-04-28,21:00-22:00,0
好利来食品店,2019-04-28,22:00-23:00,0
好利来食品店,2019-04-29,07:00-08:00,17
好利来食品店,2019-04-29,08:00-09:00,62
好利来食品店,2019-04-29,09:00-10:00,53
好利来食品店,2019-04-29,10:00-11:00,19
好利来食品店,2019-04-29,11:00-12:00,34
好利来食品店,2019-04-29,12:00-13:00,55
好利来食品店,2019-04-29,13:00-14:00,25
好利来食品店,2019-04-29,14:00-15:00,19
好利来食品店,2019-04-29,15:00-16:00,26
好利来食品店,2019-04-29,16:00-17:00,27
好利来食品店,2019-04-29,17:00-18:00,42
好利来食品店,2019-04-29,18:00-19:00,35
好利来食品店,2019-04-29,19:00-20:00,60
好利来食品店,2019-04-29,20:00-21:00,28
好利来食品店,2019-04-29,21:00-22:00,48
好利来食品店,2019-04-29,22:00-23:00,24
好利来食品店,2019-04-30,07:00-08:00,37
好利来食品店,2019-04-30,08:00-09:00,61
好利来食品店,2019-04-30,09:00-10:00,29
好利来食品店,2019-04-30,10:00-11:00,17
好利来食品店,2019-04-30,11:00-12:00,48
好利来食品店,2019-04-30,12:00-13:00,42
好利来食品店,2019-04-30,13:00-14:00,13
好利来食品店,2019-04-30,14:00-15:00,15
好利来食品店,2019-04-30,15:00-16:00,17
好利来食品店,2019-04-30,16:00-17:00,25
好利来食品店,2019-04-30,17:00-18:00,62
好利来食品店,2019-04-30,18:00-19:00,70
好利来食品店,2019-04-30,19:00-20:00,54
好利来食品店,2019-04-30,20:00-21:00,30
好利来食品店,2019-04-30,21:00-22:00,58
好利来食品店,2019-04-30,22:00-23:00,43
教师食堂,2019-04-01,07:00-08:00,0
教师食堂,2019-04-01,08:00-09:00,0
教师食堂,2019-04-01,09:00-10:00,0
教师食堂,2019-04-01,10:00-11:00,0
教师食堂,2019-04-01,11:00-12:00,36
教师食堂,2019-04-01,12:00-13:00,43
教师食堂,2019-04-01,13:00-14:00,0
教师食堂,2019-04-01,14:00-15:00,0
教师食堂,2019-04-01,15:00-16:00,0
教师食堂,2019-04-01,16:00-17:00,0
教师食堂,2019-04-01,17:00-18:00,0
教师食堂,2019-04-01,18:00-19:00,0
教师食堂,2019-04-01,19:00-20:00,0
教师食堂,2019-04-01,20:00-21:00,0
教师食堂,2019-04-01,21:00-22:00,0
教师食堂,2019-04-01,22:00-23:00,0
教师食堂,2019-04-02,07:00-08:00,0
教师食堂,2019-04-02,08:00-09:00,0
教师食堂,2019-04-02,09:00-10:00,0
教师食堂,2019-04-02,10:00-11:00,0
教师食堂,2019-04-02,11:00-12:00,25
教师食堂,2019-04-02,12:00-13:00,68
教师食堂,2019-04-02,13:00-14:00,0
教师食堂,2019-04-02,14:00-15:00,0
教师食堂,2019-04-02,15:00-16:00,0
教师食堂,2019-04-02,16:00-17:00,0
教师食堂,2019-04-02,17:00-18:00,0
教师食堂,2019-04-02,18:00-19:00,0
教师食堂,2019-04-02,19:00-20:00,0
教师食堂,2019-04-02,20:00-21:00,0
教师食堂,2019-04-02,21:00-22:00,0
教师食堂,2019-04-02,22:00-23:00,0
教师食堂,2019-04-03,07:00-08:00,0
教师食堂,2019-04-03,08:00-09:00,0
教师食堂,2019-04-03,09:00-10:00,0
教师食堂,2019-04-03,10:00-11:00,0
教师食堂,2019-04-03,11:00-12:00,39
教师食堂,2019-04-03,12:00-13:00,55
教师食堂,2019-04-03,13:00-14:00,0
教师食堂,2019-04-03,14:00-15:00,0
教师食堂,2019-04-03,15:00-16:00,0
教师食堂,2019-04-03,16:00-17:00,0
教师食堂,2019-04-03,17:00-18:00,0
教师食堂,2019-04-03,18:00-19:00,0
教师食堂,2019-04-03,19:00-20:00,0
教师食堂,2019-04-03,20:00-21:00,0
教师食堂,2019-04-03,21:00-22:00,0
教师食堂,2019-04-03,22:00-23:00,0
教师食堂,2019-04-04,07:00-08:00,0
教师食堂,2019-04-04,08:00-09:00,0
教师食堂,2019-04-04,09:00-10:00,0
教师食堂,2019-04-04,10:00-11:00,0
教师食堂,2019-04-04,11:00-12:00,33
教师食堂,2019-04-04,12:00-13:00,48
教师食堂,2019-04-04,13:00-14:00,0
教师食堂,2019-04-04,14:00-15:00,0
教师食堂,2019-04-04,15:00-16:00,0
教师食堂,2019-04-04,16:00-17:00,0
教师食堂,2019-04-04,17:00-18:00,0
教师食堂,2019-04-04,18:00-19:00,0
教师食堂,2019-04-04,19:00-20:00,0
教师食堂,2019-04-04,20:00-21:00,0
教师食堂,2019-04-04,21:00-22:00,0
教师食堂,2019-04-04,22:00-23:00,0
教师食堂,2019-04-05,07:00-08:00,0
教师食堂,2019-04-05,08:00-09:00,0
教师食堂,2019-04-05,09:00-10:00,0
教师食堂,2019-04-05,10:00-11:00,0
教师食堂,2019-04-05,11:00-12:00,0
教师食堂,2019-04-05,12:00-13:00,0
教师食堂,2019-04-05,13:00-14:00,0
教师食堂,2019-04-05,14:00-15:00,0
教师食堂,2019-04-05,15:00-16:00,0
教师食堂,2019-04-05,16:00-17:00,0
教师食堂,2019-04-05,17:00-18:00,0
教师食堂,2019-04-05,18:00-19:00,0
教师食堂,2019-04-05,19:00-20:00,0
教师食堂,2019-04-05,20:00-21:00,0
教师食堂,2019-04-05,21:00-22:00,0
教师食堂,2019-04-05,22:00-23:00,0
教师食堂,2019-04-06,07:00-08:00,0
教师食堂,2019-04-06,08:00-09:00,0
教师食堂,2019-04-06,09:00-10:00,0
教师食堂,2019-04-06,10:00-11:00,0
教师食堂,2019-04-06,11:00-12:00,0
教师食堂,2019-04-06,12:00-13:00,0
教师食堂,2019-04-06,13:00-14:00,0
教师食堂,2019-04-06,14:00-15:00,0
教师食堂,2019-04-06,15:00-16:00,0
教师食堂,2019-04-06,16:00-17:00,0
教师食堂,2019-04-06,17:00-18:00,0
教师食堂,2019-04-06,18:00-19:00,0
教师食堂,2019-04-06,19:00-20:00,0
教师食堂,2019-04-06,20:00-21:00,0
教师食堂,2019-04-06,21:00-22:00,0
教师食堂,2019-04-06,22:00-23:00,0
教师食堂,2019-04-07,07:00-08:00,0
教师食堂,2019-04-07,08:00-09:00,0
教师食堂,2019-04-07,09:00-10:00,0
教师食堂,2019-04-07,10:00-11:00,0
教师食堂,2019-04-07,11:00-12:00,0
教师食堂,2019-04-07,12:00-13:00,0
教师食堂,2019-04-07,13:00-14:00,0
教师食堂,2019-04-07,14:00-15:00,0
教师食堂,2019-04-07,15:00-16:00,0
教师食堂,2019-04-07,16:00-17:00,0
教师食堂,2019-04-07,17:00-18:00,0
教师食堂,2019-04-07,18:00-19:00,0
教师食堂,2019-04-07,19:00-20:00,0
教师食堂,2019-04-07,20:00-21:00,0
教师食堂,2019-04-07,21:00-22:00,0
教师食堂,2019-04-07,22:00-23:00,0
教师食堂,2019-04-08,07:00-08:00,0
教师食堂,2019-04-08,08:00-09:00,0
教师食堂,2019-04-08,09:00-10:00,0
教师食堂,2019-04-08,10:00-11:00,0
教师食堂,2019-04-08,11:00-12:00,20
教师食堂,2019-04-08,12:00-13:00,64
教师食堂,2019-04-08,13:00-14:00,0
教师食堂,2019-04-08,14:00-15:00,0
教师食堂,2019-04-08,15:00-16:00,0
教师食堂,2019-04-08,16:00-17:00,0
教师食堂,2019-04-08,17:00-18:00,0
教师食堂,2019-04-08,18:00-19:00,0
教师食堂,2019-04-08,19:00-20:00,0
教师食堂,2019-04-08,20:00-21:00,0
教师食堂,2019-04-08,21:00-22:00,0
教师食堂,2019-04-08,22:00-23:00,0
教师食堂,2019-04-09,07:00-08:00,0
教师食堂,2019-04-09,08:00-09:00,0
教师食堂,2019-04-09,09:00-10:00,0
教师食堂,2019-04-09,10:00-11:00,0
教师食堂,2019-04-09,11:00-12:00,24
教师食堂,2019-04-09,12:00-13:00,79
教师食堂,2019-04-09,13:00-14:00,0
教师食堂,2019-04-09,14:00-15:00,0
教师食堂,2019-04-09,15:00-16:00,0
教师食堂,2019-04-09,16:00-17:00,0
教师食堂,2019-04-09,17:00-18:00,0
教师食堂,2019-04-09,18:00-19:00,0
教师食堂,2019-04-09,19:00-20:00,0
教师食堂,2019-04-09,20:00-21:00,0
教师食堂,2019-04-09,21:00-22:00,0
教师食堂,2019-04-09,22:00-23:00,0
教师食堂,2019-04-10,07:00-08:00,0
教师食堂,2019-04-10,08:00-09:00,0
教师食堂,2019-04-10,09:00-10:00,0
教师食堂,2019-04-10,10:00-11:00,0
教师食堂,2019-04-10,11:00-12:00,26
教师食堂,2019-04-10,12:00-13:00,56
教师食堂,2019-04-10,13:00-14:00,0
教师食堂,2019-04-10,14:00-15:00,0
教师食堂,2019-04-10,15:00-16:00,0
教师食堂,2019-04-10,16:00-17:00,0
教师食堂,2019-04-10,17:00-18:00,0
教师食堂,2019-04-10,18:00-19:00,0
教师食堂,2019-04-10,19:00-20:00,0
教师食堂,2019-04-10,20:00-21:00,0
教师食堂,2019-04-10,21:00-22:00,0
教师食堂,2019-04-10,22:00-23:00,0
教师食堂,2019-04-11,07:00-08:00,0
教师食堂,2019-04-11,08:00-09:00,0
教师食堂,2019-04-11,09:00-10:00,0
教师食堂,2019-04-11,10:00-11:00,0
教师食堂,2019-04-11,11:00-12:00,33
教师食堂,2019-04-11,12:00-13:00,68
教师食堂,2019-04-11,13:00-14:00,0
教师食堂,2019-04-11,14:00-15:00,0
教师食堂,2019-04-11,15:00-16:00,0
教师食堂,2019-04-11,16:00-17:00,0
教师食堂,2019-04-11,17:00-18:00,0
教师食堂,2019-04-11,18:00-19:00,0
教师食堂,2019-04-11,19:00-20:00,0
教师食堂,2019-04-11,20:00-21:00,0
教师食堂,2019-04-11,21:00-22:00,0
教师食堂,2019-04-11,22:00-23:00,0
教师食堂,2019-04-12,07:00-08:00,0
教师食堂,2019-04-12,08:00-09:00,0
教师食堂,2019-04-12,09:00-10:00,0
教师食堂,2019-04-12,10:00-11:00,0
教师食堂,2019-04-12,11:00-12:00,24
教师食堂,2019-04-12,12:00-13:00,44
教师食堂,2019-04-12,13:00-14:00,0
教师食堂,2019-04-12,14:00-15:00,0
教师食堂,2019-04-12,15:00-16:00,0
教师食堂,2019-04-12,16:00-17:00,0
教师食堂,2019-04-12,17:00-18:00,0
教师食堂,2019-04-12,18:00-19:00,0
教师食堂,2019-04-12,19:00-20:00,0
教师食堂,2019-04-12,20:00-21:00,0
教师食堂,2019-04-12,21:00-22:00,0
教师食堂,2019-04-12,22:00-23:00,0
教师食堂,2019-04-13,07:00-08:00,0
教师食堂,2019-04-13,08:00-09:00,0
教师食堂,2019-04-13,09:00-10:00,0
教师食堂,2019-04-13,10:00-11:00,0
教师食堂,2019-04-13,11:00-12:00,0
教师食堂,2019-04-13,12:00-13:00,0
教师食堂,2019-04-13,13:00-14:00,0
教师食堂,2019-04-13,14:00-15:00,0
教师食堂,2019-04-13,15:00-16:00,0
教师食堂,2019-04-13,16:00-17:00,0
教师食堂,2019-04-13,17:00-18:00,0
教师食堂,2019-04-13,18:00-19:00,0
教师食堂,2019-04-13,19:00-20:00,0
教师食堂,2019-04-13,20:00-21:00,0
教师食堂,2019-04-13,21:00-22:00,0
教师食堂,2019-04-13,22:00-23:00,0
教师食堂,2019-04-14,07:00-08:00,0
教师食堂,2019-04-14,08:00-09:00,0
教师食堂,2019-04-14,09:00-10:00,0
教师食堂,2019-04-14,10:00-11:00,0
教师食堂,2019-04-14,11:00-12:00,0
教师食堂,2019-04-14,12:00-13:00,0
教师食堂,2019-04-14,13:00-14:00,0
教师食堂,2019-04-14,14:00-15:00,0
教师食堂,2019-04-14,15:00-16:00,0
教师食堂,2019-04-14,16:00-17:00,0
教师食堂,2019-04-14,17:00-18:00,0
教师食堂,2019-04-14,18:00-19:00,0
教师食堂,2019-04-14,19:00-20:00,0
教师食堂,2019-04-14,20:00-21:00,0
教师食堂,2019-04-14,21:00-22:00,0
教师食堂,2019-04-14,22:00-23:00,0
教师食堂,2019-04-15,07:00-08:00,0
教师食堂,2019-04-15,08:00-09:00,0
教师食堂,2019-04-15,09:00-10:00,0
教师食堂,2019-04-15,10:00-11:00,0
教师食堂,2019-04-15,11:00-12:00,33
教师食堂,2019-04-15,12:00-13:00,57
教师食堂,2019-04-15,13:00-14:00,0
教师食堂,2019-04-15,14:00-15:00,0
教师食堂,2019-04-15,15:00-16:00,0
教师食堂,2019-04-15,16:00-17:00,0
教师食堂,2019-04-15,17:00-18:00,0
教师食堂,2019-04-15,18:00-19:00,0
教师食堂,2019-04-15,19:00-20:00,0
教师食堂,2019-04-15,20:00-21:00,0
教师食堂,2019-04-15,21:00-22:00,0
教师食堂,2019-04-15,22:00-23:00,0
教师食堂,2019-04-16,07:00-08:00,0
教师食堂,2019-04-16,08:00-09:00,0
教师食堂,2019-04-16,09:00-10:00,0
教师食堂,2019-04-16,10:00-11:00,0
教师食堂,2019-04-16,11:00-12:00,37
教师食堂,2019-04-16,12:00-13:00,57
教师食堂,2019-04-16,13:00-14:00,0
教师食堂,2019-04-16,14:00-15:00,0
教师食堂,2019-04-16,15:00-16:00,0
教师食堂,2019-04-16,16:00-17:00,0
教师食堂,2019-04-16,17:00-18:00,0
教师食堂,2019-04-16,18:00-19:00,0
教师食堂,2019-04-16,19:00-20:00,0
教师食堂,2019-04-16,20:00-21:00,0
教师食堂,2019-04-16,21:00-22:00,0
教师食堂,2019-04-16,22:00-23:00,0
教师食堂,2019-04-17,07:00-08:00,0
教师食堂,2019-04-17,08:00-09:00,0
教师食堂,2019-04-17,09:00-10:00,0
教师食堂,2019-04-17,10:00-11:00,0
教师食堂,2019-04-17,11:00-12:00,51
教师食堂,2019-04-17,12:00-13:00,35
教师食堂,2019-04-17,13:00-14:00,0
教师食堂,2019-04-17,14:00-15:00,0
教师食堂,2019-04-17,15:00-16:00,0
教师食堂,2019-04-17,16:00-17:00,0
教师食堂,2019-04-17,17:00-18:00,0
教师食堂,2019-04-17,18:00-19:00,0
教师食堂,2019-04-17,19:00-20:00,0
教师食堂,2019-04-17,20:00-21:00,0
教师食堂,2019-04-17,21:00-22:00,0
教师食堂,2019-04-17,22:00-23:00,0
教师食堂,2019-04-18,07:00-08:00,0
教师食堂,2019-04-18,08:00-09:00,0
教师食堂,2019-04-18,09:00-10:00,0
教师食堂,2019-04-18,10:00-11:00,0
教师食堂,2019-04-18,11:00-12:00,40
教师食堂,2019-04-18,12:00-13:00,74
教师食堂,2019-04-18,13:00-14:00,0
教师食堂,2019-04-18,14:00-15:00,0
教师食堂,2019-04-18,15:00-16:00,0
教师食堂,2019-04-18,16:00-17:00,0
教师食堂,2019-04-18,17:00-18:00,0
教师食堂,2019-04-18,18:00-19:00,0
教师食堂,2019-04-18,19:00-20:00,0
教师食堂,2019-04-18,20:00-21:00,0
教师食堂,2019-04-18,21:00-22:00,0
教师食堂,2019-04-18,22:00-23:00,0
教师食堂,2019-04-19,07:00-08:00,0
教师食堂,2019-04-19,08:00-09:00,0
教师食堂,2019-04-19,09:00-10:00,0
教师食堂,2019-04-19,10:00-11:00,0
教师食堂,2019-04-19,11:00-12:00,22
教师食堂,2019-04-19,12:00-13:00,48
教师食堂,2019-04-19,13:00-14:00,0
教师食堂,2019-04-19,14:00-15:00,0
教师食堂,2019-04-19,15:00-16:00,0
教师食堂,2019-04-19,16:00-17:00,0
教师食堂,2019-04-19,17:00-18:00,0
教师食堂,2019-04-19,18:00-19:00,0
教师食堂,2019-04-19,19:00-20:00,0
教师食堂,2019-04-19,20:00-21:00,0
教师食堂,2019-04-19,21:00-22:00,0
教师食堂,2019-04-19,22:00-23:00,0
教师食堂,2019-04-20,07:00-08:00,0
教师食堂,2019-04-20,08:00-09:00,0
教师食堂,2019-04-20,09:00-10:00,0
教师食堂,2019-04-20,10:00-11:00,0
教师食堂,2019-04-20,11:00-12:00,0
教师食堂,2019-04-20,12:00-13:00,0
教师食堂,2019-04-20,13:00-14:00,0
教师食堂,2019-04-20,14:00-15:00,0
教师食堂,2019-04-20,15:00-16:00,0
教师食堂,2019-04-20,16:00-17:00,0
教师食堂,2019-04-20,17:00-18:00,0
教师食堂,2019-04-20,18:00-19:00,0
教师食堂,2019-04-20,19:00-20:00,0
教师食堂,2019-04-20,20:00-21:00,0
教师食堂,2019-04-20,21:00-22:00,0
教师食堂,2019-04-20,22:00-23:00,0
教师食堂,2019-04-21,07:00-08:00,0
教师食堂,2019-04-21,08:00-09:00,0
教师食堂,2019-04-21,09:00-10:00,0
教师食堂,2019-04-21,10:00-11:00,0
教师食堂,2019-04-21,11:00-12:00,0
教师食堂,2019-04-21,12:00-13:00,0
教师食堂,2019-04-21,13:00-14:00,0
教师食堂,2019-04-21,14:00-15:00,0
教师食堂,2019-04-21,15:00-16:00,0
教师食堂,2019-04-21,16:00-17:00,0
教师食堂,2019-04-21,17:00-18:00,0
教师食堂,2019-04-21,18:00-19:00,0
教师食堂,2019-04-21,19:00-20:00,0
教师食堂,2019-04-21,20:00-21:00,0
教师食堂,2019-04-21,21:00-22:00,0
教师食堂,2019-04-21,22:00-23:00,0
教师食堂,2019-04-22,07:00-08:00,0
教师食堂,2019-04-22,08:00-09:00,0
教师食堂,2019-04-22,09:00-10:00,0
教师食堂,2019-04-22,10:00-11:00,0
教师食堂,2019-04-22,11:00-12:00,34
教师食堂,2019-04-22,12:00-13:00,61
教师食堂,2019-04-22,13:00-14:00,0
教师食堂,2019-04-22,14:00-15:00,0
教师食堂,2019-04-22,15:00-16:00,0
教师食堂,2019-04-22,16:00-17:00,0
教师食堂,2019-04-22,17:00-18:00,0
教师食堂,2019-04-22,18:00-19:00,0
教师食堂,2019-04-22,19:00-20:00,0
教师食堂,2019-04-22,20:00-21:00,0
教师食堂,2019-04-22,21:00-22:00,0
教师食堂,2019-04-22,22:00-23:00,0
教师食堂,2019-04-23,07:00-08:00,0
教师食堂,2019-04-23,08:00-09:00,0
教师食堂,2019-04-23,09:00-10:00,0
教师食堂,2019-04-23,10:00-11:00,1
教师食堂,2019-04-23,11:00-12:00,38
教师食堂,2019-04-23,12:00-13:00,56
教师食堂,2019-04-23,13:00-14:00,0
教师食堂,2019-04-23,14:00-15:00,0
教师食堂,2019-04-23,15:00-16:00,0
教师食堂,2019-04-23,16:00-17:00,0
教师食堂,2019-04-23,17:00-18:00,0
教师食堂,2019-04-23,18:00-19:00,0
教师食堂,2019-04-23,19:00-20:00,0
教师食堂,2019-04-23,20:00-21:00,0
教师食堂,2019-04-23,21:00-22:00,0
教师食堂,2019-04-23,22:00-23:00,0
教师食堂,2019-04-24,07:00-08:00,0
教师食堂,2019-04-24,08:00-09:00,0
教师食堂,2019-04-24,09:00-10:00,0
教师食堂,2019-04-24,10:00-11:00,0
教师食堂,2019-04-24,11:00-12:00,32
教师食堂,2019-04-24,12:00-13:00,55
教师食堂,2019-04-24,13:00-14:00,0
教师食堂,2019-04-24,14:00-15:00,0
教师食堂,2019-04-24,15:00-16:00,0
教师食堂,2019-04-24,16:00-17:00,0
教师食堂,2019-04-24,17:00-18:00,0
教师食堂,2019-04-24,18:00-19:00,0
教师食堂,2019-04-24,19:00-20:00,0
教师食堂,2019-04-24,20:00-21:00,0
教师食堂,2019-04-24,21:00-22:00,0
教师食堂,2019-04-24,22:00-23:00,0
教师食堂,2019-04-25,07:00-08:00,0
教师食堂,2019-04-25,08:00-09:00,0
教师食堂,2019-04-25,09:00-10:00,0
教师食堂,2019-04-25,10:00-11:00,0
教师食堂,2019-04-25,11:00-12:00,45
教师食堂,2019-04-25,12:00-13:00,66
教师食堂,2019-04-25,13:00-14:00,0
教师食堂,2019-04-25,14:00-15:00,0
教师食堂,2019-04-25,15:00-16:00,0
教师食堂,2019-04-25,16:00-17:00,0
教师食堂,2019-04-25,17:00-18:00,0
教师食堂,2019-04-25,18:00-19:00,0
教师食堂,2019-04-25,19:00-20:00,0
教师食堂,2019-04-25,20:00-21:00,0
教师食堂,2019-04-25,21:00-22:00,0
教师食堂,2019-04-25,22:00-23:00,0
教师食堂,2019-04-26,07:00-08:00,0
教师食堂,2019-04-26,08:00-09:00,0
教师食堂,2019-04-26,09:00-10:00,0
教师食堂,2019-04-26,10:00-11:00,0
教师食堂,2019-04-26,11:00-12:00,23
教师食堂,2019-04-26,12:00-13:00,51
教师食堂,2019-04-26,13:00-14:00,0
教师食堂,2019-04-26,14:00-15:00,0
教师食堂,2019-04-26,15:00-16:00,0
教师食堂,2019-04-26,16:00-17:00,0
教师食堂,2019-04-26,17:00-18:00,0
教师食堂,2019-04-26,18:00-19:00,0
教师食堂,2019-04-26,19:00-20:00,0
教师食堂,2019-04-26,20:00-21:00,0
教师食堂,2019-04-26,21:00-22:00,0
教师食堂,2019-04-26,22:00-23:00,0
教师食堂,2019-04-27,07:00-08:00,0
教师食堂,2019-04-27,08:00-09:00,0
教师食堂,2019-04-27,09:00-10:00,0
教师食堂,2019-04-27,10:00-11:00,0
教师食堂,2019-04-27,11:00-12:00,0
教师食堂,2019-04-27,12:00-13:00,0
教师食堂,2019-04-27,13:00-14:00,0
教师食堂,2019-04-27,14:00-15:00,0
教师食堂,2019-04-27,15:00-16:00,0
教师食堂,2019-04-27,16:00-17:00,0
教师食堂,2019-04-27,17:00-18:00,0
教师食堂,2019-04-27,18:00-19:00,0
教师食堂,2019-04-27,19:00-20:00,0
教师食堂,2019-04-27,20:00-21:00,0
教师食堂,2019-04-27,21:00-22:00,0
教师食堂,2019-04-27,22:00-23:00,0
教师食堂,2019-04-28,07:00-08:00,0
教师食堂,2019-04-28,08:00-09:00,0
教师食堂,2019-04-28,09:00-10:00,0
教师食堂,2019-04-28,10:00-11:00,0
教师食堂,2019-04-28,11:00-12:00,0
教师食堂,2019-04-28,12:00-13:00,0
教师食堂,2019-04-28,13:00-14:00,0
教师食堂,2019-04-28,14:00-15:00,0
教师食堂,2019-04-28,15:00-16:00,0
教师食堂,2019-04-28,16:00-17:00,0
教师食堂,2019-04-28,17:00-18:00,0
教师食堂,2019-04-28,18:00-19:00,0
教师食堂,2019-04-28,19:00-20:00,0
教师食堂,2019-04-28,20:00-21:00,0
教师食堂,2019-04-28,21:00-22:00,0
教师食堂,2019-04-28,22:00-23:00,0
教师食堂,2019-04-29,07:00-08:00,0
教师食堂,2019-04-29,08:00-09:00,0
教师食堂,2019-04-29,09:00-10:00,0
教师食堂,2019-04-29,10:00-11:00,0
教师食堂,2019-04-29,11:00-12:00,0
教师食堂,2019-04-29,12:00-13:00,0
教师食堂,2019-04-29,13:00-14:00,0
教师食堂,2019-04-29,14:00-15:00,0
教师食堂,2019-04-29,15:00-16:00,0
教师食堂,2019-04-29,16:00-17:00,0
教师食堂,2019-04-29,17:00-18:00,0
教师食堂,2019-04-29,18:00-19:00,0
教师食堂,2019-04-29,19:00-20:00,0
教师食堂,2019-04-29,20:00-21:00,0
教师食堂,2019-04-29,21:00-22:00,0
教师食堂,2019-04-29,22:00-23:00,0
教师食堂,2019-04-30,07:00-08:00,0
教师食堂,2019-04-30,08:00-09:00,0
教师食堂,2019-04-30,09:00-10:00,0
教师食堂,2019-04-30,10:00-11:00,0
教师食堂,2019-04-30,11:00-12:00,0
教师食堂,2019-04-30,12:00-13:00,0
教师食堂,2019-04-30,13:00-14:00,0
教师食堂,2019-04-30,14:00-15:00,0
教师食堂,2019-04-30,15:00-16:00,0
教师食堂,2019-04-30,16:00-17:00,0
教师食堂,2019-04-30,17:00-18:00,0
教师食堂,2019-04-30,18:00-19:00,0
教师食堂,2019-04-30,19:00-20:00,0
教师食堂,2019-04-30,20:00-21:00,0
教师食堂,2019-04-30,21:00-22:00,0
教师食堂,2019-04-30,22:00-23:00,0
第一食堂,2019-04-01,07:00-08:00,375
第一食堂,2019-04-01,08:00-09:00,71
第一食堂,2019-04-01,09:00-10:00,132
第一食堂,2019-04-01,10:00-11:00,35
第一食堂,2019-04-01,11:00-12:00,262
第一食堂,2019-04-01,12:00-13:00,119
第一食堂,2019-04-01,13:00-14:00,7
第一食堂,2019-04-01,14:00-15:00,19
第一食堂,2019-04-01,15:00-16:00,3
第一食堂,2019-04-01,16:00-17:00,46
第一食堂,2019-04-01,17:00-18:00,78
第一食堂,2019-04-01,18:00-19:00,158
第一食堂,2019-04-01,19:00-20:00,60
第一食堂,2019-04-01,20:00-21:00,21
第一食堂,2019-04-01,21:00-22:00,94
第一食堂,2019-04-01,22:00-23:00,49
第一食堂,2019-04-02,07:00-08:00,326
第一食堂,2019-04-02,08:00-09:00,74
第一食堂,2019-04-02,09:00-10:00,115
第一食堂,2019-04-02,10:00-11:00,20
第一食堂,2019-04-02,11:00-12:00,291
第一食堂,2019-04-02,12:00-13:00,108
第一食堂,2019-04-02,13:00-14:00,10
第一食堂,2019-04-02,14:00-15:00,8
第一食堂,2019-04-02,15:00-16:00,8
第一食堂,2019-04-02,16:00-17:00,42
第一食堂,2019-04-02,17:00-18:00,95
第一食堂,2019-04-02,18:00-19:00,111
第一食堂,2019-04-02,19:00-20:00,40
第一食堂,2019-04-02,20:00-21:00,27
第一食堂,2019-04-02,21:00-22:00,62
第一食堂,2019-04-02,22:00-23:00,44
第一食堂,2019-04-03,07:00-08:00,5
第一食堂,2019-04-03,08:00-09:00,359
第一食堂,2019-04-03,09:00-10:00,62
第一食堂,2019-04-03,10:00-11:00,91
第一食堂,2019-04-03,11:00-12:00,11
第一食堂,2019-04-03,12:00-13:00,266
第一食堂,2019-04-03,13:00-14:00,99
第一食堂,2019-04-03,14:00-15:00,13
第一食堂,2019-04-03,15:00-16:00,13
第一食堂,2019-04-03,16:00-17:00,45
第一食堂,2019-04-03,17:00-18:00,161
第一食堂,2019-04-03,18:00-19:00,169
第一食堂,2019-04-03,19:00-20:00,43
第一食堂,2019-04-03,20:00-21:00,27
第一食堂,2019-04-03,21:00-22:00,107
第一食堂,2019-04-03,22:00-23:00,73
第一食堂,2019-04-04,07:00-08:00,476
第一食堂,2019-04-04,08:00-09:00,59
第一食堂,2019-04-04,09:00-10:00,107
第一食堂,2019-04-04,10:00-11:00,20
第一食堂,2019-04-04,11:00-12:00,291
第一食堂,2019-04-04,12:00-13:00,149
第一食堂,2019-04-04,13:00-14:00,10
第一食堂,2019-04-04,14:00-15:00,5
第一食堂,2019-04-04,15:00-16:00,5
第一食堂,2019-04-04,16:00-17:00,20
第一食堂,2019-04-04,17:00-18:00,178
第一食堂,2019-04-04,18:00-19:00,108
第一食堂,2019-04-04,19:00-20:00,44
第一食堂,2019-04-04,20:00-21:00,20
第一食堂,2019-04-04,21:00-22:00,118
第一食堂,2019-04-04,22:00-23:00,68
第一食堂,2019-04-05,07:00-08:00,148
第一食堂,2019-04-05,08:00-09:00,201
第一食堂,2019-04-05,09:00-10:00,183
第一食堂,2019-04-05,10:00-11:00,94
第一食堂,2019-04-05,11:00-12:00,414
第一食堂,2019-04-05,12:00-13:00,299
第一食堂,2019-04-05,13:00-14:00,23
第一食堂,2019-04-05,14:00-15:00,3
第一食堂,2019-04-05,15:00-16:00,2
第一食堂,2019-04-05,16:00-17:00,31
第一食堂,2019-04-05,17:00-18:00,206
第一食堂,2019-04-05,18:00-19:00,276
第一食堂,2019-04-05,19:00-20:00,93
第一食堂,2019-04-05,20:00-21:00,32
第一食堂,2019-04-05,21:00-22:00,40
第一食堂,2019-04-05,22:00-23:00,21
第一食堂,2019-04-06,07:00-08:00,1
第一食堂,2019-04-06,08:00-09:00,89
第一食堂,2019-04-06,09:00-10:00,133
第一食堂,2019-04-06,10:00-11:00,103
第一食堂,2019-04-06,11:00-12:00,58
第一食堂,2019-04-06,12:00-13:00,347
第一食堂,2019-04-06,13:00-14:00,208
第一食堂,2019-04-06,14:00-15:00,19
第一食堂,2019-04-06,15:00-16:00,9
第一食堂,2019-04-06,16:00-17:00,4
第一食堂,2019-04-06,17:00-18:00,18
第一食堂,2019-04-06,18:00-19:00,207
第一食堂,2019-04-06,19:00-20:00,232
第一食堂,2019-04-06,20:00-21:00,100
第一食堂,2019-04-06,21:00-22:00,37
第一食堂,2019-04-06,22:00-23:00,28
第一食堂,2019-04-07,07:00-08:00,3
第一食堂,2019-04-07,08:00-09:00,59
第一食堂,2019-04-07,09:00-10:00,109
第一食堂,2019-04-07,10:00-11:00,99
第一食堂,2019-04-07,11:00-12:00,45
第一食堂,2019-04-07,12:00-13:00,336
第一食堂,2019-04-07,13:00-14:00,225
第一食堂,2019-04-07,14:00-15:00,11
第一食堂,2019-04-07,15:00-16:00,3
第一食堂,2019-04-07,16:00-17:00,4
第一食堂,2019-04-07,17:00-18:00,10
第一食堂,2019-04-07,18:00-19:00,73
第一食堂,2019-04-07,19:00-20:00,81
第一食堂,2019-04-07,20:00-21:00,41
第一食堂,2019-04-07,21:00-22:00,29
第一食堂,2019-04-07,22:00-23:00,55
第一食堂,2019-04-08,07:00-08:00,345
第一食堂,2019-04-08,08:00-09:00,68
第一食堂,2019-04-08,09:00-10:00,134
第一食堂,2019-04-08,10:00-11:00,19
第一食堂,2019-04-08,11:00-12:00,274
第一食堂,2019-04-08,12:00-13:00,133
第一食堂,2019-04-08,13:00-14:00,6
第一食堂,2019-04-08,14:00-15:00,0
第一食堂,2019-04-08,15:00-16:00,19
第一食堂,2019-04-08,16:00-17:00,78
第一食堂,2019-04-08,17:00-18:00,107
第一食堂,2019-04-08,18:00-19:00,160
第一食堂,2019-04-08,19:00-20:00,70
第一食堂,2019-04-08,20:00-21:00,23
第一食堂,2019-04-08,21:00-22:00,92
第一食堂,2019-04-08,22:00-23:00,46
第一食堂,2019-04-09,07:00-08:00,496
第一食堂,2019-04-09,08:00-09:00,50
第一食堂,2019-04-09,09:00-10:00,122
第一食堂,2019-04-09,10:00-11:00,23
第一食堂,2019-04-09,11:00-12:00,296
第一食堂,2019-04-09,12:00-13:00,95
第一食堂,2019-04-09,13:00-14:00,4
第一食堂,2019-04-09,14:00-15:00,14
第一食堂,2019-04-09,15:00-16:00,3
第一食堂,2019-04-09,16:00-17:00,68
第一食堂,2019-04-09,17:00-18:00,111
第一食堂,2019-04-09,18:00-19:00,185
第一食堂,2019-04-09,19:00-20:00,38
第一食堂,2019-04-09,20:00-21:00,35
第一食堂,2019-04-09,21:00-22:00,82
第一食堂,2019-04-09,22:00-23:00,63
第一食堂,2019-04-10,07:00-08:00,475
第一食堂,2019-04-10,08:00-09:00,95
第一食堂,2019-04-10,09:00-10:00,146
第一食堂,2019-04-10,10:00-11:00,27
第一食堂,2019-04-10,11:00-12:00,299
第一食堂,2019-04-10,12:00-13:00,161
第一食堂,2019-04-10,13:00-14:00,10
第一食堂,2019-04-10,14:00-15:00,0
第一食堂,2019-04-10,15:00-16:00,18
第一食堂,2019-04-10,16:00-17:00,70
第一食堂,2019-04-10,17:00-18:00,107
第一食堂,2019-04-10,18:00-19:00,158
第一食堂,2019-04-10,19:00-20:00,49
第一食堂,2019-04-10,20:00-21:00,25
第一食堂,2019-04-10,21:00-22:00,130
第一食堂,2019-04-10,22:00-23:00,79
第一食堂,2019-04-11,07:00-08:00,463
第一食堂,2019-04-11,08:00-09:00,65
第一食堂,2019-04-11,09:00-10:00,125
第一食堂,2019-04-11,10:00-11:00,26
第一食堂,2019-04-11,11:00-12:00,310
第一食堂,2019-04-11,12:00-13:00,131
第一食堂,2019-04-11,13:00-14:00,7
第一食堂,2019-04-11,14:00-15:00,8
第一食堂,2019-04-11,15:00-16:00,6
第一食堂,2019-04-11,16:00-17:00,28
第一食堂,2019-04-11,17:00-18:00,126
第一食堂,2019-04-11,18:00-19:00,85
第一食堂,2019-04-11,19:00-20:00,27
第一食堂,2019-04-11,20:00-21:00,2
第一食堂,2019-04-11,21:00-22:00,7
第一食堂,2019-04-11,22:00-23:00,2
第一食堂,2019-04-12,07:00-08:00,79
第一食堂,2019-04-12,08:00-09:00,22
第一食堂,2019-04-12,09:00-10:00,35
第一食堂,2019-04-12,10:00-11:00,19
第一食堂,2019-04-12,11:00-12:00,226
第一食堂,2019-04-12,12:00-13:00,138
第一食堂,2019-04-12,13:00-14:00,16
第一食堂,2019-04-12,14:00-15:00,0
第一食堂,2019-04-12,15:00-16:00,12
第一食堂,2019-04-12,16:00-17:00,45
第一食堂,2019-04-12,17:00-18:00,115
第一食堂,2019-04-12,18:00-19:00,87
第一食堂,2019-04-12,19:00-20:00,22
第一食堂,2019-04-12,20:00-21:00,37
第一食堂,2019-04-12,21:00-22:00,60
第一食堂,2019-04-12,22:00-23:00,52
第一食堂,2019-04-13,07:00-08:00,26
第一食堂,2019-04-13,08:00-09:00,60
第一食堂,2019-04-13,09:00-10:00,20
第一食堂,2019-04-13,10:00-11:00,27
第一食堂,2019-04-13,11:00-12:00,98
第一食堂,2019-04-13,12:00-13:00,75
第一食堂,2019-04-13,13:00-14:00,6
第一食堂,2019-04-13,14:00-15:00,8
第一食堂,2019-04-13,15:00-16:00,5
第一食堂,2019-04-13,16:00-17:00,13
第一食堂,2019-04-13,17:00-18:00,57
第一食堂,2019-04-13,18:00-19:00,79
第一食堂,2019-04-13,19:00-20:00,31
第一食堂,2019-04-13,20:00-21:00,34
第一食堂,2019-04-13,21:00-22:00,30
第一食堂,2019-04-13,22:00-23:00,20
第一食堂,2019-04-14,07:00-08:00,11
第一食堂,2019-04-14,08:00-09:00,24
第一食堂,2019-04-14,09:00-10:00,34
第一食堂,2019-04-14,10:00-11:00,26
第一食堂,2019-04-14,11:00-12:00,85
第一食堂,2019-04-14,12:00-13:00,83
第一食堂,2019-04-14,13:00-14:00,14
第一食堂,2019-04-14,14:00-15:00,3
第一食堂,2019-04-14,15:00-16:00,6
第一食堂,2019-04-14,16:00-17:00,5
第一食堂,2019-04-14,17:00-18:00,78
第一食堂,2019-04-14,18:00-19:00,89
第一食堂,2019-04-14,19:00-20:00,39
第一食堂,2019-04-14,20:00-21:00,19
第一食堂,2019-04-14,21:00-22:00,35
第一食堂,2019-04-14,22:00-23:00,24
第一食堂,2019-04-15,07:00-08:00,306
第一食堂,2019-04-15,08:00-09:00,44
第一食堂,2019-04-15,09:00-10:00,84
第一食堂,2019-04-15,10:00-11:00,17
第一食堂,2019-04-15,11:00-12:00,292
第一食堂,2019-04-15,12:00-13:00,128
第一食堂,2019-04-15,13:00-14:00,7
第一食堂,2019-04-15,14:00-15:00,0
第一食堂,2019-04-15,15:00-16:00,33
第一食堂,2019-04-15,16:00-17:00,72
第一食堂,2019-04-15,17:00-18:00,112
第一食堂,2019-04-15,18:00-19:00,143
第一食堂,2019-04-15,19:00-20:00,57
第一食堂,2019-04-15,20:00-21:00,30
第一食堂,2019-04-15,21:00-22:00,73
第一食堂,2019-04-15,22:00-23:00,30
第一食堂,2019-04-16,07:00-08:00,461
第一食堂,2019-04-16,08:00-09:00,42
第一食堂,2019-04-16,09:00-10:00,36
第一食堂,2019-04-16,10:00-11:00,13
第一食堂,2019-04-16,11:00-12:00,331
第一食堂,2019-04-16,12:00-13:00,132
第一食堂,2019-04-16,13:00-14:00,3
第一食堂,2019-04-16,14:00-15:00,18
第一食堂,2019-04-16,15:00-16:00,4
第一食堂,2019-04-16,16:00-17:00,74
第一食堂,2019-04-16,17:00-18:00,113
第一食堂,2019-04-16,18:00-19:00,168
第一食堂,2019-04-16,19:00-20:00,69
第一食堂,2019-04-16,20:00-21:00,18
第一食堂,2019-04-16,21:00-22:00,65
第一食堂,2019-04-16,22:00-23:00,43
第一食堂,2019-04-17,07:00-08:00,369
第一食堂,2019-04-17,08:00-09:00,37
第一食堂,2019-04-17,09:00-10:00,55
第一食堂,2019-04-17,10:00-11:00,5
第一食堂,2019-04-17,11:00-12:00,378
第一食堂,2019-04-17,12:00-13:00,123
第一食堂,2019-04-17,13:00-14:00,0
第一食堂,2019-04-17,14:00-15:00,1
第一食堂,2019-04-17,15:00-16:00,20
第一食堂,2019-04-17,16:00-17:00,74
第一食堂,2019-04-17,17:00-18:00,101
第一食堂,2019-04-17,18:00-19:00,116
第一食堂,2019-04-17,19:00-20:00,22
第一食堂,2019-04-17,20:00-21:00,13
第一食堂,2019-04-17,21:00-22:00,69
第一食堂,2019-04-17,22:00-23:00,36
第一食堂,2019-04-18,07:00-08:00,353
第一食堂,2019-04-18,08:00-09:00,40
第一食堂,2019-04-18,09:00-10:00,61
第一食堂,2019-04-18,10:00-11:00,12
第一食堂,2019-04-18,11:00-12:00,279
第一食堂,2019-04-18,12:00-13:00,94
第一食堂,2019-04-18,13:00-14:00,6
第一食堂,2019-04-18,14:00-15:00,7
第一食堂,2019-04-18,15:00-16:00,5
第一食堂,2019-04-18,16:00-17:00,24
第一食堂,2019-04-18,17:00-18:00,119
第一食堂,2019-04-18,18:00-19:00,109
第一食堂,2019-04-18,19:00-20:00,29
第一食堂,2019-04-18,20:00-21:00,26
第一食堂,2019-04-18,21:00-22:00,60
第一食堂,2019-04-18,22:00-23:00,28
第一食堂,2019-04-19,07:00-08:00,259
第一食堂,2019-04-19,08:00-09:00,57
第一食堂,2019-04-19,09:00-10:00,40
第一食堂,2019-04-19,10:00-11:00,17
第一食堂,2019-04-19,11:00-12:00,199
第一食堂,2019-04-19,12:00-13:00,123
第一食堂,2019-04-19,13:00-14:00,6
第一食堂,2019-04-19,14:00-15:00,0
第一食堂,2019-04-19,15:00-16:00,1
第一食堂,2019-04-19,16:00-17:00,44
第一食堂,2019-04-19,17:00-18:00,78
第一食堂,2019-04-19,18:00-19:00,90
第一食堂,2019-04-19,19:00-20:00,40
第一食堂,2019-04-19,20:00-21:00,13
第一食堂,2019-04-19,21:00-22:00,41
第一食堂,2019-04-19,22:00-23:00,32
第一食堂,2019-04-20,07:00-08:00,34
第一食堂,2019-04-20,08:00-09:00,32
第一食堂,2019-04-20,09:00-10:00,28
第一食堂,2019-04-20,10:00-11:00,19
第一食堂,2019-04-20,11:00-12:00,85
第一食堂,2019-04-20,12:00-13:00,60
第一食堂,2019-04-20,13:00-14:00,4
第一食堂,2019-04-20,14:00-15:00,3
第一食堂,2019-04-20,15:00-16:00,0
第一食堂,2019-04-20,16:00-17:00,13
第一食堂,2019-04-20,17:00-18:00,59
第一食堂,2019-04-20,18:00-19:00,66
第一食堂,2019-04-20,19:00-20:00,31
第一食堂,2019-04-20,20:00-21:00,21
第一食堂,2019-04-20,21:00-22:00,24
第一食堂,2019-04-20,22:00-23:00,14
第一食堂,2019-04-21,07:00-08:00,12
第一食堂,2019-04-21,08:00-09:00,27
第一食堂,2019-04-21,09:00-10:00,30
第一食堂,2019-04-21,10:00-11:00,10
第一食堂,2019-04-21,11:00-12:00,108
第一食堂,2019-04-21,12:00-13:00,81
第一食堂,2019-04-21,13:00-14:00,6
第一食堂,2019-04-21,14:00-15:00,4
第一食堂,2019-04-21,15:00-16:00,3
第一食堂,2019-04-21,16:00-17:00,5
第一食堂,2019-04-21,17:00-18:00,74
第一食堂,2019-04-21,18:00-19:00,83
第一食堂,2019-04-21,19:00-20:00,30
第一食堂,2019-04-21,20:00-21:00,13
第一食堂,2019-04-21,21:00-22:00,30
第一食堂,2019-04-21,22:00-23:00,21
第一食堂,2019-04-22,07:00-08:00,227
第一食堂,2019-04-22,08:00-09:00,24
第一食堂,2019-04-22,09:00-10:00,83
第一食堂,2019-04-22,10:00-11:00,13
第一食堂,2019-04-22,11:00-12:00,293
第一食堂,2019-04-22,12:00-13:00,117
第一食堂,2019-04-22,13:00-14:00,5
第一食堂,2019-04-22,14:00-15:00,0
第一食堂,2019-04-22,15:00-16:00,15
第一食堂,2019-04-22,16:00-17:00,71
第一食堂,2019-04-22,17:00-18:00,126
第一食堂,2019-04-22,18:00-19:00,142
第一食堂,2019-04-22,19:00-20:00,30
第一食堂,2019-04-22,20:00-21:00,21
第一食堂,2019-04-22,21:00-22:00,57
第一食堂,2019-04-22,22:00-23:00,17
第一食堂,2019-04-23,07:00-08:00,379
第一食堂,2019-04-23,08:00-09:00,33
第一食堂,2019-04-23,09:00-10:00,98
第一食堂,2019-04-23,10:00-11:00,24
第一食堂,2019-04-23,11:00-12:00,372
第一食堂,2019-04-23,12:00-13:00,110
第一食堂,2019-04-23,13:00-14:00,2
第一食堂,2019-04-23,14:00-15:00,7
第一食堂,2019-04-23,15:00-16:00,3
第一食堂,2019-04-23,16:00-17:00,71
第一食堂,2019-04-23,17:00-18:00,120
第一食堂,2019-04-23,18:00-19:00,142
第一食堂,2019-04-23,19:00-20:00,41
第一食堂,2019-04-23,20:00-21:00,16
第一食堂,2019-04-23,21:00-22:00,72
第一食堂,2019-04-23,22:00-23:00,57
第一食堂,2019-04-24,07:00-08:00,354
第一食堂,2019-04-24,08:00-09:00,61
第一食堂,2019-04-24,09:00-10:00,118
第一食堂,2019-04-24,10:00-11:00,13
第一食堂,2019-04-24,11:00-12:00,296
第一食堂,2019-04-24,12:00-13:00,148
第一食堂,2019-04-24,13:00-14:00,2
第一食堂,2019-04-24,14:00-15:00,0
第一食堂,2019-04-24,15:00-16:00,7
第一食堂,2019-04-24,16:00-17:00,62
第一食堂,2019-04-24,17:00-18:00,96
第一食堂,2019-04-24,18:00-19:00,72
第一食堂,2019-04-24,19:00-20:00,34
第一食堂,2019-04-24,20:00-21:00,18
第一食堂,2019-04-24,21:00-22:00,73
第一食堂,2019-04-24,22:00-23:00,35
第一食堂,2019-04-25,07:00-08:00,390
第一食堂,2019-04-25,08:00-09:00,72
第一食堂,2019-04-25,09:00-10:00,86
第一食堂,2019-04-25,10:00-11:00,20
第一食堂,2019-04-25,11:00-12:00,242
第一食堂,2019-04-25,12:00-13:00,102
第一食堂,2019-04-25,13:00-14:00,1
第一食堂,2019-04-25,14:00-15:00,3
第一食堂,2019-04-25,15:00-16:00,2
第一食堂,2019-04-25,16:00-17:00,26
第一食堂,2019-04-25,17:00-18:00,103
第一食堂,2019-04-25,18:00-19:00,99
第一食堂,2019-04-25,19:00-20:00,36
第一食堂,2019-04-25,20:00-21:00,38
第一食堂,2019-04-25,21:00-22:00,79
第一食堂,2019-04-25,22:00-23:00,40
第一食堂,2019-04-26,07:00-08:00,303
第一食堂,2019-04-26,08:00-09:00,65
第一食堂,2019-04-26,09:00-10:00,63
第一食堂,2019-04-26,10:00-11:00,9
第一食堂,2019-04-26,11:00-12:00,184
第一食堂,2019-04-26,12:00-13:00,88
第一食堂,2019-04-26,13:00-14:00,4
第一食堂,2019-04-26,14:00-15:00,0
第一食堂,2019-04-26,15:00-16:00,14
第一食堂,2019-04-26,16:00-17:00,30
第一食堂,2019-04-26,17:00-18:00,30
第一食堂,2019-04-26,18:00-19:00,40
第一食堂,2019-04-26,19:00-20:00,10
第一食堂,2019-04-26,20:00-21:00,4
第一食堂,2019-04-26,21:00-22:00,1
第一食堂,2019-04-26,22:00-23:00,0
第一食堂,2019-04-27,07:00-08:00,0
第一食堂,2019-04-27,08:00-09:00,0
第一食堂,2019-04-27,09:00-10:00,0
第一食堂,2019-04-27,10:00-11:00,0
第一食堂,2019-04-27,11:00-12:00,0
第一食堂,2019-04-27,12:00-13:00,0
第一食堂,2019-04-27,13:00-14:00,0
第一食堂,2019-04-27,14:00-15:00,0
第一食堂,2019-04-27,15:00-16:00,0
第一食堂,2019-04-27,16:00-17:00,0
第一食堂,2019-04-27,17:00-18:00,0
第一食堂,2019-04-27,18:00-19:00,0
第一食堂,2019-04-27,19:00-20:00,0
第一食堂,2019-04-27,20:00-21:00,0
第一食堂,2019-04-27,21:00-22:00,0
第一食堂,2019-04-27,22:00-23:00,0
第一食堂,2019-04-28,07:00-08:00,0
第一食堂,2019-04-28,08:00-09:00,0
第一食堂,2019-04-28,09:00-10:00,0
第一食堂,2019-04-28,10:00-11:00,0
第一食堂,2019-04-28,11:00-12:00,0
第一食堂,2019-04-28,12:00-13:00,0
第一食堂,2019-04-28,13:00-14:00,0
第一食堂,2019-04-28,14:00-15:00,0
第一食堂,2019-04-28,15:00-16:00,0
第一食堂,2019-04-28,16:00-17:00,0
第一食堂,2019-04-28,17:00-18:00,0
第一食堂,2019-04-28,18:00-19:00,0
第一食堂,2019-04-28,19:00-20:00,0
第一食堂,2019-04-28,20:00-21:00,0
第一食堂,2019-04-28,21:00-22:00,0
第一食堂,2019-04-28,22:00-23:00,0
第一食堂,2019-04-29,07:00-08:00,49
第一食堂,2019-04-29,08:00-09:00,99
第一食堂,2019-04-29,09:00-10:00,74
第一食堂,2019-04-29,10:00-11:00,34
第一食堂,2019-04-29,11:00-12:00,97
第一食堂,2019-04-29,12:00-13:00,93
第一食堂,2019-04-29,13:00-14:00,6
第一食堂,2019-04-29,14:00-15:00,4
第一食堂,2019-04-29,15:00-16:00,4
第一食堂,2019-04-29,16:00-17:00,10
第一食堂,2019-04-29,17:00-18:00,76
第一食堂,2019-04-29,18:00-19:00,116
第一食堂,2019-04-29,19:00-20:00,61
第一食堂,2019-04-29,20:00-21:00,40
第一食堂,2019-04-29,21:00-22:00,44
第一食堂,2019-04-29,22:00-23:00,47
第一食堂,2019-04-30,07:00-08:00,50
第一食堂,2019-04-30,08:00-09:00,102
第一食堂,2019-04-30,09:00-10:00,61
第一食堂,2019-04-30,10:00-11:00,35
第一食堂,2019-04-30,11:00-12:00,121
第一食堂,2019-04-30,12:00-13:00,135
第一食堂,2019-04-30,13:00-14:00,11
第一食堂,2019-04-30,14:00-15:00,9
第一食堂,2019-04-30,15:00-16:00,4
第一食堂,2019-04-30,16:00-17:00,15
第一食堂,2019-04-30,17:00-18:00,93
第一食堂,2019-04-30,18:00-19:00,129
第一食堂,2019-04-30,19:00-20:00,57
第一食堂,2019-04-30,20:00-21:00,29
第一食堂,2019-04-30,21:00-22:00,73
第一食堂,2019-04-30,22:00-23:00,37
第三食堂,2019-04-01,07:00-08:00,0
第三食堂,2019-04-01,08:00-09:00,0
第三食堂,2019-04-01,09:00-10:00,1
第三食堂,2019-04-01,10:00-11:00,5
第三食堂,2019-04-01,11:00-12:00,423
第三食堂,2019-04-01,12:00-13:00,383
第三食堂,2019-04-01,13:00-14:00,6
第三食堂,2019-04-01,14:00-15:00,1
第三食堂,2019-04-01,15:00-16:00,0
第三食堂,2019-04-01,16:00-17:00,68
第三食堂,2019-04-01,17:00-18:00,161
第三食堂,2019-04-01,18:00-19:00,207
第三食堂,2019-04-01,19:00-20:00,52
第三食堂,2019-04-01,20:00-21:00,5
第三食堂,2019-04-01,21:00-22:00,3
第三食堂,2019-04-01,22:00-23:00,0
第三食堂,2019-04-02,07:00-08:00,24
第三食堂,2019-04-02,08:00-09:00,0
第三食堂,2019-04-02,09:00-10:00,5
第三食堂,2019-04-02,10:00-11:00,16
第三食堂,2019-04-02,11:00-12:00,420
第三食堂,2019-04-02,12:00-13:00,339
第三食堂,2019-04-02,13:00-14:00,0
第三食堂,2019-04-02,14:00-15:00,0
第三食堂,2019-04-02,15:00-16:00,18
第三食堂,2019-04-02,16:00-17:00,61
第三食堂,2019-04-02,17:00-18:00,222
第三食堂,2019-04-02,18:00-19:00,212
第三食堂,2019-04-02,19:00-20:00,45
第三食堂,2019-04-02,20:00-21:00,0
第三食堂,2019-04-02,21:00-22:00,12
第三食堂,2019-04-02,22:00-23:00,0
第三食堂,2019-04-03,07:00-08:00,0
第三食堂,2019-04-03,08:00-09:00,0
第三食堂,2019-04-03,09:00-10:00,9
第三食堂,2019-04-03,10:00-11:00,6
第三食堂,2019-04-03,11:00-12:00,337
第三食堂,2019-04-03,12:00-13:00,340
第三食堂,2019-04-03,13:00-14:00,6
第三食堂,2019-04-03,14:00-15:00,0
第三食堂,2019-04-03,15:00-16:00,6
第三食堂,2019-04-03,16:00-17:00,85
第三食堂,2019-04-03,17:00-18:00,275
第三食堂,2019-04-03,18:00-19:00,249
第三食堂,2019-04-03,19:00-20:00,28
第三食堂,2019-04-03,20:00-21:00,5
第三食堂,2019-04-03,21:00-22:00,1
第三食堂,2019-04-03,22:00-23:00,0
第三食堂,2019-04-04,07:00-08:00,25
第三食堂,2019-04-04,08:00-09:00,3
第三食堂,2019-04-04,09:00-10:00,3
第三食堂,2019-04-04,10:00-11:00,9
第三食堂,2019-04-04,11:00-12:00,339
第三食堂,2019-04-04,12:00-13:00,378
第三食堂,2019-04-04,13:00-14:00,12
第三食堂,2019-04-04,14:00-15:00,4
第三食堂,2019-04-04,15:00-16:00,0
第三食堂,2019-04-04,16:00-17:00,48
第三食堂,2019-04-04,17:00-18:00,324
第三食堂,2019-04-04,18:00-19:00,219
第三食堂,2019-04-04,19:00-20:00,43
第三食堂,2019-04-04,20:00-21:00,3
第三食堂,2019-04-04,21:00-22:00,1
第三食堂,2019-04-04,22:00-23:00,0
第三食堂,2019-04-05,07:00-08:00,0
第三食堂,2019-04-05,08:00-09:00,14
第三食堂,2019-04-05,09:00-10:00,19
第三食堂,2019-04-05,10:00-11:00,45
第三食堂,2019-04-05,11:00-12:00,263
第三食堂,2019-04-05,12:00-13:00,187
第三食堂,2019-04-05,13:00-14:00,17
第三食堂,2019-04-05,14:00-15:00,1
第三食堂,2019-04-05,15:00-16:00,0
第三食堂,2019-04-05,16:00-17:00,7
第三食堂,2019-04-05,17:00-18:00,131
第三食堂,2019-04-05,18:00-19:00,156
第三食堂,2019-04-05,19:00-20:00,58
第三食堂,2019-04-05,20:00-21:00,18
第三食堂,2019-04-05,21:00-22:00,11
第三食堂,2019-04-05,22:00-23:00,0
第三食堂,2019-04-06,07:00-08:00,0
第三食堂,2019-04-06,08:00-09:00,14
第三食堂,2019-04-06,09:00-10:00,17
第三食堂,2019-04-06,10:00-11:00,27
第三食堂,2019-04-06,11:00-12:00,278
第三食堂,2019-04-06,12:00-13:00,152
第三食堂,2019-04-06,13:00-14:00,13
第三食堂,2019-04-06,14:00-15:00,0
第三食堂,2019-04-06,15:00-16:00,3
第三食堂,2019-04-06,16:00-17:00,16
第三食堂,2019-04-06,17:00-18:00,157
第三食堂,2019-04-06,18:00-19:00,162
第三食堂,2019-04-06,19:00-20:00,42
第三食堂,2019-04-06,20:00-21:00,15
第三食堂,2019-04-06,21:00-22:00,15
第三食堂,2019-04-06,22:00-23:00,0
第三食堂,2019-04-07,07:00-08:00,0
第三食堂,2019-04-07,08:00-09:00,1
第三食堂,2019-04-07,09:00-10:00,9
第三食堂,2019-04-07,10:00-11:00,42
第三食堂,2019-04-07,11:00-12:00,328
第三食堂,2019-04-07,12:00-13:00,192
第三食堂,2019-04-07,13:00-14:00,21
第三食堂,2019-04-07,14:00-15:00,8
第三食堂,2019-04-07,15:00-16:00,0
第三食堂,2019-04-07,16:00-17:00,9
第三食堂,2019-04-07,17:00-18:00,138
第三食堂,2019-04-07,18:00-19:00,144
第三食堂,2019-04-07,19:00-20:00,36
第三食堂,2019-04-07,20:00-21:00,8
第三食堂,2019-04-07,21:00-22:00,1
第三食堂,2019-04-07,22:00-23:00,0
第三食堂,2019-04-08,07:00-08:00,12
第三食堂,2019-04-08,08:00-09:00,7
第三食堂,2019-04-08,09:00-10:00,2
第三食堂,2019-04-08,10:00-11:00,9
第三食堂,2019-04-08,11:00-12:00,434
第三食堂,2019-04-08,12:00-13:00,343
第三食堂,2019-04-08,13:00-14:00,4
第三食堂,2019-04-08,14:00-15:00,0
第三食堂,2019-04-08,15:00-16:00,3
第三食堂,2019-04-08,16:00-17:00,91
第三食堂,2019-04-08,17:00-18:00,265
第三食堂,2019-04-08,18:00-19:00,267
第三食堂,2019-04-08,19:00-20:00,50
第三食堂,2019-04-08,20:00-21:00,6
第三食堂,2019-04-08,21:00-22:00,1
第三食堂,2019-04-08,22:00-23:00,0
第三食堂,2019-04-09,07:00-08:00,12
第三食堂,2019-04-09,08:00-09:00,2
第三食堂,2019-04-09,09:00-10:00,6
第三食堂,2019-04-09,10:00-11:00,7
第三食堂,2019-04-09,11:00-12:00,423
第三食堂,2019-04-09,12:00-13:00,409
第三食堂,2019-04-09,13:00-14:00,21
第三食堂,2019-04-09,14:00-15:00,0
第三食堂,2019-04-09,15:00-16:00,0
第三食堂,2019-04-09,16:00-17:00,129
第三食堂,2019-04-09,17:00-18:00,213
第三食堂,2019-04-09,18:00-19:00,278
第三食堂,2019-04-09,19:00-20:00,39
第三食堂,2019-04-09,20:00-21:00,6
第三食堂,2019-04-09,21:00-22:00,3
第三食堂,2019-04-09,22:00-23:00,0
第三食堂,2019-04-10,07:00-08:00,19
第三食堂,2019-04-10,08:00-09:00,4
第三食堂,2019-04-10,09:00-10:00,3
第三食堂,2019-04-10,10:00-11:00,2
第三食堂,2019-04-10,11:00-12:00,400
第三食堂,2019-04-10,12:00-13:00,457
第三食堂,2019-04-10,13:00-14:00,3
第三食堂,2019-04-10,14:00-15:00,0
第三食堂,2019-04-10,15:00-16:00,32
第三食堂,2019-04-10,16:00-17:00,82
第三食堂,2019-04-10,17:00-18:00,190
第三食堂,2019-04-10,18:00-19:00,272
第三食堂,2019-04-10,19:00-20:00,36
第三食堂,2019-04-10,20:00-21:00,0
第三食堂,2019-04-10,21:00-22:00,1
第三食堂,2019-04-10,22:00-23:00,0
第三食堂,2019-04-11,07:00-08:00,15
第三食堂,2019-04-11,08:00-09:00,1
第三食堂,2019-04-11,09:00-10:00,4
第三食堂,2019-04-11,10:00-11:00,17
第三食堂,2019-04-11,11:00-12:00,384
第三食堂,2019-04-11,12:00-13:00,376
第三食堂,2019-04-11,13:00-14:00,9
第三食堂,2019-04-11,14:00-15:00,0
第三食堂,2019-04-11,15:00-16:00,0
第三食堂,2019-04-11,16:00-17:00,46
第三食堂,2019-04-11,17:00-18:00,305
第三食堂,2019-04-11,18:00-19:00,218
第三食堂,2019-04-11,19:00-20:00,54
第三食堂,2019-04-11,20:00-21:00,2
第三食堂,2019-04-11,21:00-22:00,0
第三食堂,2019-04-11,22:00-23:00,0
第三食堂,2019-04-12,07:00-08:00,8
第三食堂,2019-04-12,08:00-09:00,5
第三食堂,2019-04-12,09:00-10:00,2
第三食堂,2019-04-12,10:00-11:00,19
第三食堂,2019-04-12,11:00-12:00,395
第三食堂,2019-04-12,12:00-13:00,294
第三食堂,2019-04-12,13:00-14:00,6
第三食堂,2019-04-12,14:00-15:00,0
第三食堂,2019-04-12,15:00-16:00,250
第三食堂,2019-04-12,16:00-17:00,56
第三食堂,2019-04-12,17:00-18:00,246
第三食堂,2019-04-12,18:00-19:00,172
第三食堂,2019-04-12,19:00-20:00,47
第三食堂,2019-04-12,20:00-21:00,3
第三食堂,2019-04-12,21:00-22:00,2
第三食堂,2019-04-12,22:00-23:00,0
第三食堂,2019-04-13,07:00-08:00,5
第三食堂,2019-04-13,08:00-09:00,7
第三食堂,2019-04-13,09:00-10:00,6
第三食堂,2019-04-13,10:00-11:00,26
第三食堂,2019-04-13,11:00-12:00,231
第三食堂,2019-04-13,12:00-13:00,112
第三食堂,2019-04-13,13:00-14:00,8
第三食堂,2019-04-13,14:00-15:00,0
第三食堂,2019-04-13,15:00-16:00,1
第三食堂,2019-04-13,16:00-17:00,16
第三食堂,2019-04-13,17:00-18:00,139
第三食堂,2019-04-13,18:00-19:00,118
第三食堂,2019-04-13,19:00-20:00,51
第三食堂,2019-04-13,20:00-21:00,4
第三食堂,2019-04-13,21:00-22:00,2
第三食堂,2019-04-13,22:00-23:00,1
第三食堂,2019-04-14,07:00-08:00,1
第三食堂,2019-04-14,08:00-09:00,3
第三食堂,2019-04-14,09:00-10:00,8
第三食堂,2019-04-14,10:00-11:00,23
第三食堂,2019-04-14,11:00-12:00,202
第三食堂,2019-04-14,12:00-13:00,154
第三食堂,2019-04-14,13:00-14:00,9
第三食堂,2019-04-14,14:00-15:00,2
第三食堂,2019-04-14,15:00-16:00,0
第三食堂,2019-04-14,16:00-17:00,6
第三食堂,2019-04-14,17:00-18:00,136
第三食堂,2019-04-14,18:00-19:00,158
第三食堂,2019-04-14,19:00-20:00,48
第三食堂,2019-04-14,20:00-21:00,7
第三食堂,2019-04-14,21:00-22:00,2
第三食堂,2019-04-14,22:00-23:00,0
第三食堂,2019-04-15,07:00-08:00,9
第三食堂,2019-04-15,08:00-09:00,6
第三食堂,2019-04-15,09:00-10:00,3
第三食堂,2019-04-15,10:00-11:00,15
第三食堂,2019-04-15,11:00-12:00,433
第三食堂,2019-04-15,12:00-13:00,286
第三食堂,2019-04-15,13:00-14:00,6
第三食堂,2019-04-15,14:00-15:00,0
第三食堂,2019-04-15,15:00-16:00,2
第三食堂,2019-04-15,16:00-17:00,97
第三食堂,2019-04-15,17:00-18:00,276
第三食堂,2019-04-15,18:00-19:00,237
第三食堂,2019-04-15,19:00-20:00,56
第三食堂,2019-04-15,20:00-21:00,6
第三食堂,2019-04-15,21:00-22:00,2
第三食堂,2019-04-15,22:00-23:00,0
第三食堂,2019-04-16,07:00-08:00,16
第三食堂,2019-04-16,08:00-09:00,2
第三食堂,2019-04-16,09:00-10:00,6
第三食堂,2019-04-16,10:00-11:00,7
第三食堂,2019-04-16,11:00-12:00,461
第三食堂,2019-04-16,12:00-13:00,395
第三食堂,2019-04-16,13:00-14:00,9
第三食堂,2019-04-16,14:00-15:00,1
第三食堂,2019-04-16,15:00-16:00,0
第三食堂,2019-04-16,16:00-17:00,75
第三食堂,2019-04-16,17:00-18:00,194
第三食堂,2019-04-16,18:00-19:00,291
第三食堂,2019-04-16,19:00-20:00,46
第三食堂,2019-04-16,20:00-21:00,4
第三食堂,2019-04-16,21:00-22:00,0
第三食堂,2019-04-16,22:00-23:00,0
第三食堂,2019-04-17,07:00-08:00,20
第三食堂,2019-04-17,08:00-09:00,4
第三食堂,2019-04-17,09:00-10:00,7
第三食堂,2019-04-17,10:00-11:00,20
第三食堂,2019-04-17,11:00-12:00,422
第三食堂,2019-04-17,12:00-13:00,397
第三食堂,2019-04-17,13:00-14:00,7
第三食堂,2019-04-17,14:00-15:00,0
第三食堂,2019-04-17,15:00-16:00,1
第三食堂,2019-04-17,16:00-17:00,105
第三食堂,2019-04-17,17:00-18:00,280
第三食堂,2019-04-17,18:00-19:00,272
第三食堂,2019-04-17,19:00-20:00,23
第三食堂,2019-04-17,20:00-21:00,10
第三食堂,2019-04-17,21:00-22:00,0
第三食堂,2019-04-17,22:00-23:00,0
第三食堂,2019-04-18,07:00-08:00,15
第三食堂,2019-04-18,08:00-09:00,4
第三食堂,2019-04-18,09:00-10:00,5
第三食堂,2019-04-18,10:00-11:00,22
第三食堂,2019-04-18,11:00-12:00,354
第三食堂,2019-04-18,12:00-13:00,349
第三食堂,2019-04-18,13:00-14:00,10
第三食堂,2019-04-18,14:00-15:00,0
第三食堂,2019-04-18,15:00-16:00,0
第三食堂,2019-04-18,16:00-17:00,37
第三食堂,2019-04-18,17:00-18:00,274
第三食堂,2019-04-18,18:00-19:00,260
第三食堂,2019-04-18,19:00-20:00,69
第三食堂,2019-04-18,20:00-21:00,8
第三食堂,2019-04-18,21:00-22:00,3
第三食堂,2019-04-18,22:00-23:00,0
第三食堂,2019-04-19,07:00-08:00,6
第三食堂,2019-04-19,08:00-09:00,0
第三食堂,2019-04-19,09:00-10:00,10
第三食堂,2019-04-19,10:00-11:00,11
第三食堂,2019-04-19,11:00-12:00,358
第三食堂,2019-04-19,12:00-13:00,351
第三食堂,2019-04-19,13:00-14:00,4
第三食堂,2019-04-19,14:00-15:00,0
第三食堂,2019-04-19,15:00-16:00,1
第三食堂,2019-04-19,16:00-17:00,46
第三食堂,2019-04-19,17:00-18:00,216
第三食堂,2019-04-19,18:00-19:00,215
第三食堂,2019-04-19,19:00-20:00,44
第三食堂,2019-04-19,20:00-21:00,5
第三食堂,2019-04-19,21:00-22:00,5
第三食堂,2019-04-19,22:00-23:00,2
第三食堂,2019-04-20,07:00-08:00,0
第三食堂,2019-04-20,08:00-09:00,4
第三食堂,2019-04-20,09:00-10:00,7
第三食堂,2019-04-20,10:00-11:00,34
第三食堂,2019-04-20,11:00-12:00,323
第三食堂,2019-04-20,12:00-13:00,191
第三食堂,2019-04-20,13:00-14:00,15
第三食堂,2019-04-20,14:00-15:00,0
第三食堂,2019-04-20,15:00-16:00,1
第三食堂,2019-04-20,16:00-17:00,15
第三食堂,2019-04-20,17:00-18:00,172
第三食堂,2019-04-20,18:00-19:00,146
第三食堂,2019-04-20,19:00-20:00,39
第三食堂,2019-04-20,20:00-21:00,7
第三食堂,2019-04-20,21:00-22:00,0
第三食堂,2019-04-20,22:00-23:00,0
第三食堂,2019-04-21,07:00-08:00,0
第三食堂,2019-04-21,08:00-09:00,2
第三食堂,2019-04-21,09:00-10:00,2
第三食堂,2019-04-21,10:00-11:00,24
第三食堂,2019-04-21,11:00-12:00,286
第三食堂,2019-04-21,12:00-13:00,164
第三食堂,2019-04-21,13:00-14:00,22
第三食堂,2019-04-21,14:00-15:00,3
第三食堂,2019-04-21,15:00-16:00,1
第三食堂,2019-04-21,16:00-17:00,21
第三食堂,2019-04-21,17:00-18:00,152
第三食堂,2019-04-21,18:00-19:00,145
第三食堂,2019-04-21,19:00-20:00,31
第三食堂,2019-04-21,20:00-21:00,7
第三食堂,2019-04-21,21:00-22:00,1
第三食堂,2019-04-21,22:00-23:00,2
第三食堂,2019-04-22,07:00-08:00,0
第三食堂,2019-04-22,08:00-09:00,0
第三食堂,2019-04-22,09:00-10:00,6
第三食堂,2019-04-22,10:00-11:00,9
第三食堂,2019-04-22,11:00-12:00,412
第三食堂,2019-04-22,12:00-13:00,348
第三食堂,2019-04-22,13:00-14:00,12
第三食堂,2019-04-22,14:00-15:00,0
第三食堂,2019-04-22,15:00-16:00,0
第三食堂,2019-04-22,16:00-17:00,112
第三食堂,2019-04-22,17:00-18:00,281
第三食堂,2019-04-22,18:00-19:00,260
第三食堂,2019-04-22,19:00-20:00,26
第三食堂,2019-04-22,20:00-21:00,6
第三食堂,2019-04-22,21:00-22:00,3
第三食堂,2019-04-22,22:00-23:00,1
第三食堂,2019-04-23,07:00-08:00,1
第三食堂,2019-04-23,08:00-09:00,2
第三食堂,2019-04-23,09:00-10:00,6
第三食堂,2019-04-23,10:00-11:00,11
第三食堂,2019-04-23,11:00-12:00,426
第三食堂,2019-04-23,12:00-13:00,420
第三食堂,2019-04-23,13:00-14:00,3
第三食堂,2019-04-23,14:00-15:00,1
第三食堂,2019-04-23,15:00-16:00,0
第三食堂,2019-04-23,16:00-17:00,127
第三食堂,2019-04-23,17:00-18:00,234
第三食堂,2019-04-23,18:00-19:00,248
第三食堂,2019-04-23,19:00-20:00,41
第三食堂,2019-04-23,20:00-21:00,3
第三食堂,2019-04-23,21:00-22:00,1
第三食堂,2019-04-23,22:00-23:00,0
第三食堂,2019-04-24,07:00-08:00,12
第三食堂,2019-04-24,08:00-09:00,3
第三食堂,2019-04-24,09:00-10:00,3
第三食堂,2019-04-24,10:00-11:00,12
第三食堂,2019-04-24,11:00-12:00,396
第三食堂,2019-04-24,12:00-13:00,443
第三食堂,2019-04-24,13:00-14:00,1
第三食堂,2019-04-24,14:00-15:00,0
第三食堂,2019-04-24,15:00-16:00,3
第三食堂,2019-04-24,16:00-17:00,119
第三食堂,2019-04-24,17:00-18:00,218
第三食堂,2019-04-24,18:00-19:00,190
第三食堂,2019-04-24,19:00-20:00,32
第三食堂,2019-04-24,20:00-21:00,2
第三食堂,2019-04-24,21:00-22:00,2
第三食堂,2019-04-24,22:00-23:00,0
第三食堂,2019-04-25,07:00-08:00,15
第三食堂,2019-04-25,08:00-09:00,4
第三食堂,2019-04-25,09:00-10:00,7
第三食堂,2019-04-25,10:00-11:00,26
第三食堂,2019-04-25,11:00-12:00,406
第三食堂,2019-04-25,12:00-13:00,377
第三食堂,2019-04-25,13:00-14:00,13
第三食堂,2019-04-25,14:00-15:00,1
第三食堂,2019-04-25,15:00-16:00,3
第三食堂,2019-04-25,16:00-17:00,49
第三食堂,2019-04-25,17:00-18:00,257
第三食堂,2019-04-25,18:00-19:00,275
第三食堂,2019-04-25,19:00-20:00,53
第三食堂,2019-04-25,20:00-21:00,3
第三食堂,2019-04-25,21:00-22:00,1
第三食堂,2019-04-25,22:00-23:00,0
第三食堂,2019-04-26,07:00-08:00,1
第三食堂,2019-04-26,08:00-09:00,0
第三食堂,2019-04-26,09:00-10:00,12
第三食堂,2019-04-26,10:00-11:00,41
第三食堂,2019-04-26,11:00-12:00,373
第三食堂,2019-04-26,12:00-13:00,327
第三食堂,2019-04-26,13:00-14:00,5
第三食堂,2019-04-26,14:00-15:00,0
第三食堂,2019-04-26,15:00-16:00,1
第三食堂,2019-04-26,16:00-17:00,45
第三食堂,2019-04-26,17:00-18:00,120
第三食堂,2019-04-26,18:00-19:00,148
第三食堂,2019-04-26,19:00-20:00,35
第三食堂,2019-04-26,20:00-21:00,0
第三食堂,2019-04-26,21:00-22:00,3
第三食堂,2019-04-26,22:00-23:00,0
第三食堂,2019-04-27,07:00-08:00,0
第三食堂,2019-04-27,08:00-09:00,0
第三食堂,2019-04-27,09:00-10:00,0
第三食堂,2019-04-27,10:00-11:00,0
第三食堂,2019-04-27,11:00-12:00,0
第三食堂,2019-04-27,12:00-13:00,0
第三食堂,2019-04-27,13:00-14:00,0
第三食堂,2019-04-27,14:00-15:00,0
第三食堂,2019-04-27,15:00-16:00,0
第三食堂,2019-04-27,16:00-17:00,0
第三食堂,2019-04-27,17:00-18:00,0
第三食堂,2019-04-27,18:00-19:00,0
第三食堂,2019-04-27,19:00-20:00,0
第三食堂,2019-04-27,20:00-21:00,0
第三食堂,2019-04-27,21:00-22:00,0
第三食堂,2019-04-27,22:00-23:00,0
第三食堂,2019-04-28,07:00-08:00,0
第三食堂,2019-04-28,08:00-09:00,0
第三食堂,2019-04-28,09:00-10:00,0
第三食堂,2019-04-28,10:00-11:00,0
第三食堂,2019-04-28,11:00-12:00,0
第三食堂,2019-04-28,12:00-13:00,0
第三食堂,2019-04-28,13:00-14:00,0
第三食堂,2019-04-28,14:00-15:00,0
第三食堂,2019-04-28,15:00-16:00,0
第三食堂,2019-04-28,16:00-17:00,0
第三食堂,2019-04-28,17:00-18:00,0
第三食堂,2019-04-28,18:00-19:00,0
第三食堂,2019-04-28,19:00-20:00,0
第三食堂,2019-04-28,20:00-21:00,0
第三食堂,2019-04-28,21:00-22:00,0
第三食堂,2019-04-28,22:00-23:00,0
第三食堂,2019-04-29,07:00-08:00,7
第三食堂,2019-04-29,08:00-09:00,12
第三食堂,2019-04-29,09:00-10:00,8
第三食堂,2019-04-29,10:00-11:00,12
第三食堂,2019-04-29,11:00-12:00,318
第三食堂,2019-04-29,12:00-13:00,209
第三食堂,2019-04-29,13:00-14:00,14
第三食堂,2019-04-29,14:00-15:00,1
第三食堂,2019-04-29,15:00-16:00,1
第三食堂,2019-04-29,16:00-17:00,14
第三食堂,2019-04-29,17:00-18:00,141
第三食堂,2019-04-29,18:00-19:00,157
第三食堂,2019-04-29,19:00-20:00,62
第三食堂,2019-04-29,20:00-21:00,4
第三食堂,2019-04-29,21:00-22:00,3
第三食堂,2019-04-29,22:00-23:00,1
第三食堂,2019-04-30,07:00-08:00,12
第三食堂,2019-04-30,08:00-09:00,4
第三食堂,2019-04-30,09:00-10:00,1
第三食堂,2019-04-30,10:00-11:00,25
第三食堂,2019-04-30,11:00-12:00,311
第三食堂,2019-04-30,12:00-13:00,128
第三食堂,2019-04-30,13:00-14:00,11
第三食堂,2019-04-30,14:00-15:00,2
第三食堂,2019-04-30,15:00-16:00,1
第三食堂,2019-04-30,16:00-17:00,11
第三食堂,2019-04-30,17:00-18:00,181
第三食堂,2019-04-30,18:00-19:00,208
第三食堂,2019-04-30,19:00-20:00,41
第三食堂,2019-04-30,20:00-21:00,6
第三食堂,2019-04-30,21:00-22:00,1
第三食堂,2019-04-30,22:00-23:00,0
第二食堂,2019-04-01,07:00-08:00,917
第二食堂,2019-04-01,08:00-09:00,138
第二食堂,2019-04-01,09:00-10:00,245
第二食堂,2019-04-01,10:00-11:00,40
第二食堂,2019-04-01,11:00-12:00,548
第二食堂,2019-04-01,12:00-13:00,238
第二食堂,2019-04-01,13:00-14:00,14
第二食堂,2019-04-01,14:00-15:00,10
第二食堂,2019-04-01,15:00-16:00,6
第二食堂,2019-04-01,16:00-17:00,89
第二食堂,2019-04-01,17:00-18:00,173
第二食堂,2019-04-01,18:00-19:00,250
第二食堂,2019-04-01,19:00-20:00,78
第二食堂,2019-04-01,20:00-21:00,42
第二食堂,2019-04-01,21:00-22:00,78
第二食堂,2019-04-01,22:00-23:00,7
第二食堂,2019-04-02,07:00-08:00,760
第二食堂,2019-04-02,08:00-09:00,259
第二食堂,2019-04-02,09:00-10:00,233
第二食堂,2019-04-02,10:00-11:00,90
第二食堂,2019-04-02,11:00-12:00,630
第二食堂,2019-04-02,12:00-13:00,214
第二食堂,2019-04-02,13:00-14:00,8
第二食堂,2019-04-02,14:00-15:00,1
第二食堂,2019-04-02,15:00-16:00,4
第二食堂,2019-04-02,16:00-17:00,102
第二食堂,2019-04-02,17:00-18:00,237
第二食堂,2019-04-02,18:00-19:00,205
第二食堂,2019-04-02,19:00-20:00,70
第二食堂,2019-04-02,20:00-21:00,60
第二食堂,2019-04-02,21:00-22:00,57
第二食堂,2019-04-02,22:00-23:00,30
第二食堂,2019-04-03,07:00-08:00,851
第二食堂,2019-04-03,08:00-09:00,72
第二食堂,2019-04-03,09:00-10:00,39
第二食堂,2019-04-03,10:00-11:00,170
第二食堂,2019-04-03,11:00-12:00,45
第二食堂,2019-04-03,12:00-13:00,539
第二食堂,2019-04-03,13:00-14:00,221
第二食堂,2019-04-03,14:00-15:00,10
第二食堂,2019-04-03,15:00-16:00,27
第二食堂,2019-04-03,16:00-17:00,117
第二食堂,2019-04-03,17:00-18:00,371
第二食堂,2019-04-03,18:00-19:00,291
第二食堂,2019-04-03,19:00-20:00,98
第二食堂,2019-04-03,20:00-21:00,35
第二食堂,2019-04-03,21:00-22:00,133
第二食堂,2019-04-03,22:00-23:00,80
第二食堂,2019-04-04,07:00-08:00,994
第二食堂,2019-04-04,08:00-09:00,240
第二食堂,2019-04-04,09:00-10:00,244
第二食堂,2019-04-04,10:00-11:00,85
第二食堂,2019-04-04,11:00-12:00,597
第二食堂,2019-04-04,12:00-13:00,214
第二食堂,2019-04-04,13:00-14:00,31
第二食堂,2019-04-04,14:00-15:00,1
第二食堂,2019-04-04,15:00-16:00,6
第二食堂,2019-04-04,16:00-17:00,60
第二食堂,2019-04-04,17:00-18:00,356
第二食堂,2019-04-04,18:00-19:00,173
第二食堂,2019-04-04,19:00-20:00,72
第二食堂,2019-04-04,20:00-21:00,31
第二食堂,2019-04-04,21:00-22:00,122
第二食堂,2019-04-04,22:00-23:00,55
第二食堂,2019-04-05,07:00-08:00,0
第二食堂,2019-04-05,08:00-09:00,0
第二食堂,2019-04-05,09:00-10:00,0
第二食堂,2019-04-05,10:00-11:00,0
第二食堂,2019-04-05,11:00-12:00,0
第二食堂,2019-04-05,12:00-13:00,0
第二食堂,2019-04-05,13:00-14:00,0
第二食堂,2019-04-05,14:00-15:00,0
第二食堂,2019-04-05,15:00-16:00,0
第二食堂,2019-04-05,16:00-17:00,0
第二食堂,2019-04-05,17:00-18:00,0
第二食堂,2019-04-05,18:00-19:00,0
第二食堂,2019-04-05,19:00-20:00,0
第二食堂,2019-04-05,20:00-21:00,0
第二食堂,2019-04-05,21:00-22:00,0
第二食堂,2019-04-05,22:00-23:00,0
第二食堂,2019-04-06,07:00-08:00,0
第二食堂,2019-04-06,08:00-09:00,0
第二食堂,2019-04-06,09:00-10:00,0
第二食堂,2019-04-06,10:00-11:00,0
第二食堂,2019-04-06,11:00-12:00,0
第二食堂,2019-04-06,12:00-13:00,0
第二食堂,2019-04-06,13:00-14:00,0
第二食堂,2019-04-06,14:00-15:00,0
第二食堂,2019-04-06,15:00-16:00,0
第二食堂,2019-04-06,16:00-17:00,0
第二食堂,2019-04-06,17:00-18:00,0
第二食堂,2019-04-06,18:00-19:00,0
第二食堂,2019-04-06,19:00-20:00,0
第二食堂,2019-04-06,20:00-21:00,0
第二食堂,2019-04-06,21:00-22:00,0
第二食堂,2019-04-06,22:00-23:00,0
第二食堂,2019-04-07,07:00-08:00,0
第二食堂,2019-04-07,08:00-09:00,0
第二食堂,2019-04-07,09:00-10:00,0
第二食堂,2019-04-07,10:00-11:00,0
第二食堂,2019-04-07,11:00-12:00,0
第二食堂,2019-04-07,12:00-13:00,0
第二食堂,2019-04-07,13:00-14:00,3
第二食堂,2019-04-07,14:00-15:00,1
第二食堂,2019-04-07,15:00-16:00,2
第二食堂,2019-04-07,16:00-17:00,19
第二食堂,2019-04-07,17:00-18:00,122
第二食堂,2019-04-07,18:00-19:00,135
第二食堂,2019-04-07,19:00-20:00,55
第二食堂,2019-04-07,20:00-21:00,35
第二食堂,2019-04-07,21:00-22:00,58
第二食堂,2019-04-07,22:00-23:00,10
第二食堂,2019-04-08,07:00-08:00,928
第二食堂,2019-04-08,08:00-09:00,168
第二食堂,2019-04-08,09:00-10:00,292
第二食堂,2019-04-08,10:00-11:00,36
第二食堂,2019-04-08,11:00-12:00,589
第二食堂,2019-04-08,12:00-13:00,315
第二食堂,2019-04-08,13:00-14:00,5
第二食堂,2019-04-08,14:00-15:00,0
第二食堂,2019-04-08,15:00-16:00,23
第二食堂,2019-04-08,16:00-17:00,122
第二食堂,2019-04-08,17:00-18:00,285
第二食堂,2019-04-08,18:00-19:00,312
第二食堂,2019-04-08,19:00-20:00,127
第二食堂,2019-04-08,20:00-21:00,45
第二食堂,2019-04-08,21:00-22:00,101
第二食堂,2019-04-08,22:00-23:00,47
第二食堂,2019-04-09,07:00-08:00,1133
第二食堂,2019-04-09,08:00-09:00,159
第二食堂,2019-04-09,09:00-10:00,232
第二食堂,2019-04-09,10:00-11:00,45
第二食堂,2019-04-09,11:00-12:00,608
第二食堂,2019-04-09,12:00-13:00,264
第二食堂,2019-04-09,13:00-14:00,6
第二食堂,2019-04-09,14:00-15:00,14
第二食堂,2019-04-09,15:00-16:00,3
第二食堂,2019-04-09,16:00-17:00,187
第二食堂,2019-04-09,17:00-18:00,264
第二食堂,2019-04-09,18:00-19:00,298
第二食堂,2019-04-09,19:00-20:00,73
第二食堂,2019-04-09,20:00-21:00,48
第二食堂,2019-04-09,21:00-22:00,102
第二食堂,2019-04-09,22:00-23:00,70
第二食堂,2019-04-10,07:00-08:00,1009
第二食堂,2019-04-10,08:00-09:00,181
第二食堂,2019-04-10,09:00-10:00,314
第二食堂,2019-04-10,10:00-11:00,18
第二食堂,2019-04-10,11:00-12:00,634
第二食堂,2019-04-10,12:00-13:00,320
第二食堂,2019-04-10,13:00-14:00,13
第二食堂,2019-04-10,14:00-15:00,2
第二食堂,2019-04-10,15:00-16:00,24
第二食堂,2019-04-10,16:00-17:00,130
第二食堂,2019-04-10,17:00-18:00,283
第二食堂,2019-04-10,18:00-19:00,303
第二食堂,2019-04-10,19:00-20:00,109
第二食堂,2019-04-10,20:00-21:00,61
第二食堂,2019-04-10,21:00-22:00,149
第二食堂,2019-04-10,22:00-23:00,74
第二食堂,2019-04-11,07:00-08:00,1169
第二食堂,2019-04-11,08:00-09:00,171
第二食堂,2019-04-11,09:00-10:00,281
第二食堂,2019-04-11,10:00-11:00,25
第二食堂,2019-04-11,11:00-12:00,595
第二食堂,2019-04-11,12:00-13:00,260
第二食堂,2019-04-11,13:00-14:00,7
第二食堂,2019-04-11,14:00-15:00,7
第二食堂,2019-04-11,15:00-16:00,4
第二食堂,2019-04-11,16:00-17:00,54
第二食堂,2019-04-11,17:00-18:00,308
第二食堂,2019-04-11,18:00-19:00,189
第二食堂,2019-04-11,19:00-20:00,94
第二食堂,2019-04-11,20:00-21:00,69
第二食堂,2019-04-11,21:00-22:00,110
第二食堂,2019-04-11,22:00-23:00,53
第二食堂,2019-04-12,07:00-08:00,946
第二食堂,2019-04-12,08:00-09:00,248
第二食堂,2019-04-12,09:00-10:00,267
第二食堂,2019-04-12,10:00-11:00,51
第二食堂,2019-04-12,11:00-12:00,569
第二食堂,2019-04-12,12:00-13:00,289
第二食堂,2019-04-12,13:00-14:00,8
第二食堂,2019-04-12,14:00-15:00,0
第二食堂,2019-04-12,15:00-16:00,26
第二食堂,2019-04-12,16:00-17:00,105
第二食堂,2019-04-12,17:00-18:00,237
第二食堂,2019-04-12,18:00-19:00,209
第二食堂,2019-04-12,19:00-20:00,93
第二食堂,2019-04-12,20:00-21:00,69
第二食堂,2019-04-12,21:00-22:00,111
第二食堂,2019-04-12,22:00-23:00,62
第二食堂,2019-04-13,07:00-08:00,268
第二食堂,2019-04-13,08:00-09:00,237
第二食堂,2019-04-13,09:00-10:00,202
第二食堂,2019-04-13,10:00-11:00,81
第二食堂,2019-04-13,11:00-12:00,262
第二食堂,2019-04-13,12:00-13:00,183
第二食堂,2019-04-13,13:00-14:00,14
第二食堂,2019-04-13,14:00-15:00,10
第二食堂,2019-04-13,15:00-16:00,8
第二食堂,2019-04-13,16:00-17:00,20
第二食堂,2019-04-13,17:00-18:00,159
第二食堂,2019-04-13,18:00-19:00,141
第二食堂,2019-04-13,19:00-20:00,88
第二食堂,2019-04-13,20:00-21:00,60
第二食堂,2019-04-13,21:00-22:00,37
第二食堂,2019-04-13,22:00-23:00,26
第二食堂,2019-04-14,07:00-08:00,192
第二食堂,2019-04-14,08:00-09:00,179
第二食堂,2019-04-14,09:00-10:00,182
第二食堂,2019-04-14,10:00-11:00,57
第二食堂,2019-04-14,11:00-12:00,254
第二食堂,2019-04-14,12:00-13:00,179
第二食堂,2019-04-14,13:00-14:00,16
第二食堂,2019-04-14,14:00-15:00,3
第二食堂,2019-04-14,15:00-16:00,3
第二食堂,2019-04-14,16:00-17:00,12
第二食堂,2019-04-14,17:00-18:00,180
第二食堂,2019-04-14,18:00-19:00,167
第二食堂,2019-04-14,19:00-20:00,86
第二食堂,2019-04-14,20:00-21:00,61
第二食堂,2019-04-14,21:00-22:00,71
第二食堂,2019-04-14,22:00-23:00,26
第二食堂,2019-04-15,07:00-08:00,960
第二食堂,2019-04-15,08:00-09:00,161
第二食堂,2019-04-15,09:00-10:00,281
第二食堂,2019-04-15,10:00-11:00,35
第二食堂,2019-04-15,11:00-12:00,636
第二食堂,2019-04-15,12:00-13:00,264
第二食堂,2019-04-15,13:00-14:00,13
第二食堂,2019-04-15,14:00-15:00,0
第二食堂,2019-04-15,15:00-16:00,44
第二食堂,2019-04-15,16:00-17:00,136
第二食堂,2019-04-15,17:00-18:00,244
第二食堂,2019-04-15,18:00-19:00,305
第二食堂,2019-04-15,19:00-20:00,126
第二食堂,2019-04-15,20:00-21:00,58
第二食堂,2019-04-15,21:00-22:00,112
第二食堂,2019-04-15,22:00-23:00,62
第二食堂,2019-04-16,07:00-08:00,1080
第二食堂,2019-04-16,08:00-09:00,200
第二食堂,2019-04-16,09:00-10:00,287
第二食堂,2019-04-16,10:00-11:00,26
第二食堂,2019-04-16,11:00-12:00,631
第二食堂,2019-04-16,12:00-13:00,262
第二食堂,2019-04-16,13:00-14:00,48
第二食堂,2019-04-16,14:00-15:00,20
第二食堂,2019-04-16,15:00-16:00,35
第二食堂,2019-04-16,16:00-17:00,110
第二食堂,2019-04-16,17:00-18:00,244
第二食堂,2019-04-16,18:00-19:00,295
第二食堂,2019-04-16,19:00-20:00,97
第二食堂,2019-04-16,20:00-21:00,41
第二食堂,2019-04-16,21:00-22:00,92
第二食堂,2019-04-16,22:00-23:00,30
第二食堂,2019-04-17,07:00-08:00,918
第二食堂,2019-04-17,08:00-09:00,239
第二食堂,2019-04-17,09:00-10:00,293
第二食堂,2019-04-17,10:00-11:00,33
第二食堂,2019-04-17,11:00-12:00,698
第二食堂,2019-04-17,12:00-13:00,323
第二食堂,2019-04-17,13:00-14:00,17
第二食堂,2019-04-17,14:00-15:00,0
第二食堂,2019-04-17,15:00-16:00,125
第二食堂,2019-04-17,16:00-17:00,105
第二食堂,2019-04-17,17:00-18:00,334
第二食堂,2019-04-17,18:00-19:00,291
第二食堂,2019-04-17,19:00-20:00,98
第二食堂,2019-04-17,20:00-21:00,45
第二食堂,2019-04-17,21:00-22:00,135
第二食堂,2019-04-17,22:00-23:00,47
第二食堂,2019-04-18,07:00-08:00,1169
第二食堂,2019-04-18,08:00-09:00,194
第二食堂,2019-04-18,09:00-10:00,288
第二食堂,2019-04-18,10:00-11:00,43
第二食堂,2019-04-18,11:00-12:00,552
第二食堂,2019-04-18,12:00-13:00,179
第二食堂,2019-04-18,13:00-14:00,12
第二食堂,2019-04-18,14:00-15:00,3
第二食堂,2019-04-18,15:00-16:00,3
第二食堂,2019-04-18,16:00-17:00,47
第二食堂,2019-04-18,17:00-18:00,264
第二食堂,2019-04-18,18:00-19:00,185
第二食堂,2019-04-18,19:00-20:00,93
第二食堂,2019-04-18,20:00-21:00,59
第二食堂,2019-04-18,21:00-22:00,85
第二食堂,2019-04-18,22:00-23:00,67
第二食堂,2019-04-19,07:00-08:00,942
第二食堂,2019-04-19,08:00-09:00,261
第二食堂,2019-04-19,09:00-10:00,236
第二食堂,2019-04-19,10:00-11:00,66
第二食堂,2019-04-19,11:00-12:00,477
第二食堂,2019-04-19,12:00-13:00,289
第二食堂,2019-04-19,13:00-14:00,8
第二食堂,2019-04-19,14:00-15:00,0
第二食堂,2019-04-19,15:00-16:00,17
第二食堂,2019-04-19,16:00-17:00,117
第二食堂,2019-04-19,17:00-18:00,254
第二食堂,2019-04-19,18:00-19:00,175
第二食堂,2019-04-19,19:00-20:00,93
第二食堂,2019-04-19,20:00-21:00,48
第二食堂,2019-04-19,21:00-22:00,103
第二食堂,2019-04-19,22:00-23:00,50
第二食堂,2019-04-20,07:00-08:00,230
第二食堂,2019-04-20,08:00-09:00,273
第二食堂,2019-04-20,09:00-10:00,233
第二食堂,2019-04-20,10:00-11:00,69
第二食堂,2019-04-20,11:00-12:00,252
第二食堂,2019-04-20,12:00-13:00,160
第二食堂,2019-04-20,13:00-14:00,12
第二食堂,2019-04-20,14:00-15:00,8
第二食堂,2019-04-20,15:00-16:00,2
第二食堂,2019-04-20,16:00-17:00,17
第二食堂,2019-04-20,17:00-18:00,164
第二食堂,2019-04-20,18:00-19:00,148
第二食堂,2019-04-20,19:00-20:00,80
第二食堂,2019-04-20,20:00-21:00,54
第二食堂,2019-04-20,21:00-22:00,43
第二食堂,2019-04-20,22:00-23:00,27
第二食堂,2019-04-21,07:00-08:00,129
第二食堂,2019-04-21,08:00-09:00,179
第二食堂,2019-04-21,09:00-10:00,198
第二食堂,2019-04-21,10:00-11:00,67
第二食堂,2019-04-21,11:00-12:00,266
第二食堂,2019-04-21,12:00-13:00,162
第二食堂,2019-04-21,13:00-14:00,7
第二食堂,2019-04-21,14:00-15:00,7
第二食堂,2019-04-21,15:00-16:00,0
第二食堂,2019-04-21,16:00-17:00,15
第二食堂,2019-04-21,17:00-18:00,179
第二食堂,2019-04-21,18:00-19:00,159
第二食堂,2019-04-21,19:00-20:00,82
第二食堂,2019-04-21,20:00-21:00,64
第二食堂,2019-04-21,21:00-22:00,54
第二食堂,2019-04-21,22:00-23:00,38
第二食堂,2019-04-22,07:00-08:00,960
第二食堂,2019-04-22,08:00-09:00,150
第二食堂,2019-04-22,09:00-10:00,327
第二食堂,2019-04-22,10:00-11:00,39
第二食堂,2019-04-22,11:00-12:00,605
第二食堂,2019-04-22,12:00-13:00,288
第二食堂,2019-04-22,13:00-14:00,1
第二食堂,2019-04-22,14:00-15:00,0
第二食堂,2019-04-22,15:00-16:00,5
第二食堂,2019-04-22,16:00-17:00,161
第二食堂,2019-04-22,17:00-18:00,272
第二食堂,2019-04-22,18:00-19:00,324
第二食堂,2019-04-22,19:00-20:00,68
第二食堂,2019-04-22,20:00-21:00,54
第二食堂,2019-04-22,21:00-22:00,97
第二食堂,2019-04-22,22:00-23:00,56
第二食堂,2019-04-23,07:00-08:00,1190
第二食堂,2019-04-23,08:00-09:00,182
第二食堂,2019-04-23,09:00-10:00,230
第二食堂,2019-04-23,10:00-11:00,46
第二食堂,2019-04-23,11:00-12:00,677
第二食堂,2019-04-23,12:00-13:00,222
第二食堂,2019-04-23,13:00-14:00,12
第二食堂,2019-04-23,14:00-15:00,15
第二食堂,2019-04-23,15:00-16:00,3
第二食堂,2019-04-23,16:00-17:00,166
第二食堂,2019-04-23,17:00-18:00,233
第二食堂,2019-04-23,18:00-19:00,276
第二食堂,2019-04-23,19:00-20:00,91
第二食堂,2019-04-23,20:00-21:00,55
第二食堂,2019-04-23,21:00-22:00,147
第二食堂,2019-04-23,22:00-23:00,38
第二食堂,2019-04-24,07:00-08:00,984
第二食堂,2019-04-24,08:00-09:00,217
第二食堂,2019-04-24,09:00-10:00,300
第二食堂,2019-04-24,10:00-11:00,36
第二食堂,2019-04-24,11:00-12:00,607
第二食堂,2019-04-24,12:00-13:00,267
第二食堂,2019-04-24,13:00-14:00,5
第二食堂,2019-04-24,14:00-15:00,0
第二食堂,2019-04-24,15:00-16:00,21
第二食堂,2019-04-24,16:00-17:00,145
第二食堂,2019-04-24,17:00-18:00,267
第二食堂,2019-04-24,18:00-19:00,216
第二食堂,2019-04-24,19:00-20:00,93
第二食堂,2019-04-24,20:00-21:00,59
第二食堂,2019-04-24,21:00-22:00,155
第二食堂,2019-04-24,22:00-23:00,56
第二食堂,2019-04-25,07:00-08:00,995
第二食堂,2019-04-25,08:00-09:00,240
第二食堂,2019-04-25,09:00-10:00,278
第二食堂,2019-04-25,10:00-11:00,42
第二食堂,2019-04-25,11:00-12:00,573
第二食堂,2019-04-25,12:00-13:00,220
第二食堂,2019-04-25,13:00-14:00,9
第二食堂,2019-04-25,14:00-15:00,5
第二食堂,2019-04-25,15:00-16:00,4
第二食堂,2019-04-25,16:00-17:00,67
第二食堂,2019-04-25,17:00-18:00,249
第二食堂,2019-04-25,18:00-19:00,235
第二食堂,2019-04-25,19:00-20:00,108
第二食堂,2019-04-25,20:00-21:00,69
第二食堂,2019-04-25,21:00-22:00,95
第二食堂,2019-04-25,22:00-23:00,33
第二食堂,2019-04-26,07:00-08:00,876
第二食堂,2019-04-26,08:00-09:00,255
第二食堂,2019-04-26,09:00-10:00,275
第二食堂,2019-04-26,10:00-11:00,38
第二食堂,2019-04-26,11:00-12:00,490
第二食堂,2019-04-26,12:00-13:00,265
第二食堂,2019-04-26,13:00-14:00,9
第二食堂,2019-04-26,14:00-15:00,0
第二食堂,2019-04-26,15:00-16:00,33
第二食堂,2019-04-26,16:00-17:00,104
第二食堂,2019-04-26,17:00-18:00,161
第二食堂,2019-04-26,18:00-19:00,188
第二食堂,2019-04-26,19:00-20:00,81
第二食堂,2019-04-26,20:00-21:00,63
第二食堂,2019-04-26,21:00-22:00,46
第二食堂,2019-04-26,22:00-23:00,86
第二食堂,2019-04-27,07:00-08:00,143
第二食堂,2019-04-27,08:00-09:00,199
第二食堂,2019-04-27,09:00-10:00,127
第二食堂,2019-04-27,10:00-11:00,61
第二食堂,2019-04-27,11:00-12:00,410
第二食堂,2019-04-27,12:00-13:00,325
第二食堂,2019-04-27,13:00-14:00,24
第二食堂,2019-04-27,14:00-15:00,2
第二食堂,2019-04-27,15:00-16:00,5
第二食堂,2019-04-27,16:00-17:00,17
第二食堂,2019-04-27,17:00-18:00,219
第二食堂,2019-04-27,18:00-19:00,263
第二食堂,2019-04-27,19:00-20:00,111
第二食堂,2019-04-27,20:00-21:00,46
第二食堂,2019-04-27,21:00-22:00,29
第二食堂,2019-04-27,22:00-23:00,17
第二食堂,2019-04-28,07:00-08:00,0
第二食堂,2019-04-28,08:00-09:00,0
第二食堂,2019-04-28,09:00-10:00,0
第二食堂,2019-04-28,10:00-11:00,0
第二食堂,2019-04-28,11:00-12:00,0
第二食堂,2019-04-28,12:00-13:00,0
第二食堂,2019-04-28,13:00-14:00,0
第二食堂,2019-04-28,14:00-15:00,0
第二食堂,2019-04-28,15:00-16:00,0
第二食堂,2019-04-28,16:00-17:00,0
第二食堂,2019-04-28,17:00-18:00,0
第二食堂,2019-04-28,18:00-19:00,0
第二食堂,2019-04-28,19:00-20:00,0
第二食堂,2019-04-28,20:00-21:00,0
第二食堂,2019-04-28,21:00-22:00,0
第二食堂,2019-04-28,22:00-23:00,0
第二食堂,2019-04-29,07:00-08:00,209
第二食堂,2019-04-29,08:00-09:00,224
第二食堂,2019-04-29,09:00-10:00,145
第二食堂,2019-04-29,10:00-11:00,103
第二食堂,2019-04-29,11:00-12:00,290
第二食堂,2019-04-29,12:00-13:00,221
第二食堂,2019-04-29,13:00-14:00,12
第二食堂,2019-04-29,14:00-15:00,10
第二食堂,2019-04-29,15:00-16:00,8
第二食堂,2019-04-29,16:00-17:00,19
第二食堂,2019-04-29,17:00-18:00,174
第二食堂,2019-04-29,18:00-19:00,209
第二食堂,2019-04-29,19:00-20:00,92
第二食堂,2019-04-29,20:00-21:00,61
第二食堂,2019-04-29,21:00-22:00,52
第二食堂,2019-04-29,22:00-23:00,39
第二食堂,2019-04-30,07:00-08:00,171
第二食堂,2019-04-30,08:00-09:00,305
第二食堂,2019-04-30,09:00-10:00,153
第二食堂,2019-04-30,10:00-11:00,43
第二食堂,2019-04-30,11:00-12:00,342
第二食堂,2019-04-30,12:00-13:00,196
第二食堂,2019-04-30,13:00-14:00,11
第二食堂,2019-04-30,14:00-15:00,16
第二食堂,2019-04-30,15:00-16:00,2
第二食堂,2019-04-30,16:00-17:00,23
第二食堂,2019-04-30,17:00-18:00,238
第二食堂,2019-04-30,18:00-19:00,235
第二食堂,2019-04-30,19:00-20:00,99
第二食堂,2019-04-30,20:00-21:00,49
第二食堂,2019-04-30,21:00-22:00,79
第二食堂,2019-04-30,22:00-23:00,25
第五食堂,2019-04-01,07:00-08:00,652
第五食堂,2019-04-01,08:00-09:00,101
第五食堂,2019-04-01,09:00-10:00,80
第五食堂,2019-04-01,10:00-11:00,42
第五食堂,2019-04-01,11:00-12:00,594
第五食堂,2019-04-01,12:00-13:00,462
第五食堂,2019-04-01,13:00-14:00,16
第五食堂,2019-04-01,14:00-15:00,1
第五食堂,2019-04-01,15:00-16:00,2
第五食堂,2019-04-01,16:00-17:00,120
第五食堂,2019-04-01,17:00-18:00,157
第五食堂,2019-04-01,18:00-19:00,258
第五食堂,2019-04-01,19:00-20:00,48
第五食堂,2019-04-01,20:00-21:00,3
第五食堂,2019-04-01,21:00-22:00,1
第五食堂,2019-04-01,22:00-23:00,0
第五食堂,2019-04-02,07:00-08:00,662
第五食堂,2019-04-02,08:00-09:00,121
第五食堂,2019-04-02,09:00-10:00,79
第五食堂,2019-04-02,10:00-11:00,45
第五食堂,2019-04-02,11:00-12:00,638
第五食堂,2019-04-02,12:00-13:00,421
第五食堂,2019-04-02,13:00-14:00,10
第五食堂,2019-04-02,14:00-15:00,0
第五食堂,2019-04-02,15:00-16:00,10
第五食堂,2019-04-02,16:00-17:00,127
第五食堂,2019-04-02,17:00-18:00,220
第五食堂,2019-04-02,18:00-19:00,235
第五食堂,2019-04-02,19:00-20:00,110
第五食堂,2019-04-02,20:00-21:00,23
第五食堂,2019-04-02,21:00-22:00,20
第五食堂,2019-04-02,22:00-23:00,4
第五食堂,2019-04-03,07:00-08:00,626
第五食堂,2019-04-03,08:00-09:00,63
第五食堂,2019-04-03,09:00-10:00,61
第五食堂,2019-04-03,10:00-11:00,26
第五食堂,2019-04-03,11:00-12:00,585
第五食堂,2019-04-03,12:00-13:00,473
第五食堂,2019-04-03,13:00-14:00,11
第五食堂,2019-04-03,14:00-15:00,0
第五食堂,2019-04-03,15:00-16:00,6
第五食堂,2019-04-03,16:00-17:00,166
第五食堂,2019-04-03,17:00-18:00,281
第五食堂,2019-04-03,18:00-19:00,367
第五食堂,2019-04-03,19:00-20:00,94
第五食堂,2019-04-03,20:00-21:00,21
第五食堂,2019-04-03,21:00-22:00,32
第五食堂,2019-04-03,22:00-23:00,6
第五食堂,2019-04-04,07:00-08:00,785
第五食堂,2019-04-04,08:00-09:00,75
第五食堂,2019-04-04,09:00-10:00,79
第五食堂,2019-04-04,10:00-11:00,26
第五食堂,2019-04-04,11:00-12:00,543
第五食堂,2019-04-04,12:00-13:00,486
第五食堂,2019-04-04,13:00-14:00,29
第五食堂,2019-04-04,14:00-15:00,0
第五食堂,2019-04-04,15:00-16:00,6
第五食堂,2019-04-04,16:00-17:00,85
第五食堂,2019-04-04,17:00-18:00,346
第五食堂,2019-04-04,18:00-19:00,288
第五食堂,2019-04-04,19:00-20:00,94
第五食堂,2019-04-04,20:00-21:00,26
第五食堂,2019-04-04,21:00-22:00,25
第五食堂,2019-04-04,22:00-23:00,12
第五食堂,2019-04-05,07:00-08:00,0
第五食堂,2019-04-05,08:00-09:00,0
第五食堂,2019-04-05,09:00-10:00,0
第五食堂,2019-04-05,10:00-11:00,0
第五食堂,2019-04-05,11:00-12:00,0
第五食堂,2019-04-05,12:00-13:00,0
第五食堂,2019-04-05,13:00-14:00,0
第五食堂,2019-04-05,14:00-15:00,0
第五食堂,2019-04-05,15:00-16:00,0
第五食堂,2019-04-05,16:00-17:00,0
第五食堂,2019-04-05,17:00-18:00,0
第五食堂,2019-04-05,18:00-19:00,0
第五食堂,2019-04-05,19:00-20:00,0
第五食堂,2019-04-05,20:00-21:00,0
第五食堂,2019-04-05,21:00-22:00,0
第五食堂,2019-04-05,22:00-23:00,0
第五食堂,2019-04-06,07:00-08:00,0
第五食堂,2019-04-06,08:00-09:00,0
第五食堂,2019-04-06,09:00-10:00,0
第五食堂,2019-04-06,10:00-11:00,0
第五食堂,2019-04-06,11:00-12:00,0
第五食堂,2019-04-06,12:00-13:00,0
第五食堂,2019-04-06,13:00-14:00,0
第五食堂,2019-04-06,14:00-15:00,0
第五食堂,2019-04-06,15:00-16:00,0
第五食堂,2019-04-06,16:00-17:00,0
第五食堂,2019-04-06,17:00-18:00,0
第五食堂,2019-04-06,18:00-19:00,0
第五食堂,2019-04-06,19:00-20:00,0
第五食堂,2019-04-06,20:00-21:00,0
第五食堂,2019-04-06,21:00-22:00,0
第五食堂,2019-04-06,22:00-23:00,0
第五食堂,2019-04-07,07:00-08:00,0
第五食堂,2019-04-07,08:00-09:00,0
第五食堂,2019-04-07,09:00-10:00,0
第五食堂,2019-04-07,10:00-11:00,0
第五食堂,2019-04-07,11:00-12:00,0
第五食堂,2019-04-07,12:00-13:00,0
第五食堂,2019-04-07,13:00-14:00,0
第五食堂,2019-04-07,14:00-15:00,0
第五食堂,2019-04-07,15:00-16:00,1
第五食堂,2019-04-07,16:00-17:00,17
第五食堂,2019-04-07,17:00-18:00,152
第五食堂,2019-04-07,18:00-19:00,154
第五食堂,2019-04-07,19:00-20:00,42
第五食堂,2019-04-07,20:00-21:00,11
第五食堂,2019-04-07,21:00-22:00,4
第五食堂,2019-04-07,22:00-23:00,0
第五食堂,2019-04-08,07:00-08:00,635
第五食堂,2019-04-08,08:00-09:00,92
第五食堂,2019-04-08,09:00-10:00,107
第五食堂,2019-04-08,10:00-11:00,43
第五食堂,2019-04-08,11:00-12:00,671
第五食堂,2019-04-08,12:00-13:00,455
第五食堂,2019-04-08,13:00-14:00,5
第五食堂,2019-04-08,14:00-15:00,0
第五食堂,2019-04-08,15:00-16:00,1
第五食堂,2019-04-08,16:00-17:00,197
第五食堂,2019-04-08,17:00-18:00,285
第五食堂,2019-04-08,18:00-19:00,367
第五食堂,2019-04-08,19:00-20:00,120
第五食堂,2019-04-08,20:00-21:00,25
第五食堂,2019-04-08,21:00-22:00,33
第五食堂,2019-04-08,22:00-23:00,12
第五食堂,2019-04-09,07:00-08:00,727
第五食堂,2019-04-09,08:00-09:00,111
第五食堂,2019-04-09,09:00-10:00,87
第五食堂,2019-04-09,10:00-11:00,17
第五食堂,2019-04-09,11:00-12:00,671
第五食堂,2019-04-09,12:00-13:00,473
第五食堂,2019-04-09,13:00-14:00,15
第五食堂,2019-04-09,14:00-15:00,1
第五食堂,2019-04-09,15:00-16:00,0
第五食堂,2019-04-09,16:00-17:00,214
第五食堂,2019-04-09,17:00-18:00,259
第五食堂,2019-04-09,18:00-19:00,338
第五食堂,2019-04-09,19:00-20:00,80
第五食堂,2019-04-09,20:00-21:00,29
第五食堂,2019-04-09,21:00-22:00,41
第五食堂,2019-04-09,22:00-23:00,6
第五食堂,2019-04-10,07:00-08:00,820
第五食堂,2019-04-10,08:00-09:00,106
第五食堂,2019-04-10,09:00-10:00,85
第五食堂,2019-04-10,10:00-11:00,21
第五食堂,2019-04-10,11:00-12:00,611
第五食堂,2019-04-10,12:00-13:00,519
第五食堂,2019-04-10,13:00-14:00,13
第五食堂,2019-04-10,14:00-15:00,0
第五食堂,2019-04-10,15:00-16:00,4
第五食堂,2019-04-10,16:00-17:00,154
第五食堂,2019-04-10,17:00-18:00,290
第五食堂,2019-04-10,18:00-19:00,357
第五食堂,2019-04-10,19:00-20:00,96
第五食堂,2019-04-10,20:00-21:00,18
第五食堂,2019-04-10,21:00-22:00,33
第五食堂,2019-04-10,22:00-23:00,9
第五食堂,2019-04-11,07:00-08:00,773
第五食堂,2019-04-11,08:00-09:00,109
第五食堂,2019-04-11,09:00-10:00,89
第五食堂,2019-04-11,10:00-11:00,34
第五食堂,2019-04-11,11:00-12:00,568
第五食堂,2019-04-11,12:00-13:00,434
第五食堂,2019-04-11,13:00-14:00,28
第五食堂,2019-04-11,14:00-15:00,0
第五食堂,2019-04-11,15:00-16:00,3
第五食堂,2019-04-11,16:00-17:00,41
第五食堂,2019-04-11,17:00-18:00,360
第五食堂,2019-04-11,18:00-19:00,247
第五食堂,2019-04-11,19:00-20:00,116
第五食堂,2019-04-11,20:00-21:00,21
第五食堂,2019-04-11,21:00-22:00,33
第五食堂,2019-04-11,22:00-23:00,19
第五食堂,2019-04-12,07:00-08:00,670
第五食堂,2019-04-12,08:00-09:00,133
第五食堂,2019-04-12,09:00-10:00,113
第五食堂,2019-04-12,10:00-11:00,54
第五食堂,2019-04-12,11:00-12:00,592
第五食堂,2019-04-12,12:00-13:00,365
第五食堂,2019-04-12,13:00-14:00,19
第五食堂,2019-04-12,14:00-15:00,0
第五食堂,2019-04-12,15:00-16:00,692
第五食堂,2019-04-12,16:00-17:00,100
第五食堂,2019-04-12,17:00-18:00,224
第五食堂,2019-04-12,18:00-19:00,185
第五食堂,2019-04-12,19:00-20:00,78
第五食堂,2019-04-12,20:00-21:00,24
第五食堂,2019-04-12,21:00-22:00,34
第五食堂,2019-04-12,22:00-23:00,12
第五食堂,2019-04-13,07:00-08:00,292
第五食堂,2019-04-13,08:00-09:00,168
第五食堂,2019-04-13,09:00-10:00,89
第五食堂,2019-04-13,10:00-11:00,49
第五食堂,2019-04-13,11:00-12:00,280
第五食堂,2019-04-13,12:00-13:00,136
第五食堂,2019-04-13,13:00-14:00,4
第五食堂,2019-04-13,14:00-15:00,2
第五食堂,2019-04-13,15:00-16:00,3
第五食堂,2019-04-13,16:00-17:00,34
第五食堂,2019-04-13,17:00-18:00,182
第五食堂,2019-04-13,18:00-19:00,167
第五食堂,2019-04-13,19:00-20:00,78
第五食堂,2019-04-13,20:00-21:00,32
第五食堂,2019-04-13,21:00-22:00,16
第五食堂,2019-04-13,22:00-23:00,4
第五食堂,2019-04-14,07:00-08:00,228
第五食堂,2019-04-14,08:00-09:00,127
第五食堂,2019-04-14,09:00-10:00,64
第五食堂,2019-04-14,10:00-11:00,69
第五食堂,2019-04-14,11:00-12:00,261
第五食堂,2019-04-14,12:00-13:00,191
第五食堂,2019-04-14,13:00-14:00,15
第五食堂,2019-04-14,14:00-15:00,1
第五食堂,2019-04-14,15:00-16:00,2
第五食堂,2019-04-14,16:00-17:00,21
第五食堂,2019-04-14,17:00-18:00,177
第五食堂,2019-04-14,18:00-19:00,224
第五食堂,2019-04-14,19:00-20:00,131
第五食堂,2019-04-14,20:00-21:00,29
第五食堂,2019-04-14,21:00-22:00,20
第五食堂,2019-04-14,22:00-23:00,11
第五食堂,2019-04-15,07:00-08:00,629
第五食堂,2019-04-15,08:00-09:00,94
第五食堂,2019-04-15,09:00-10:00,105
第五食堂,2019-04-15,10:00-11:00,54
第五食堂,2019-04-15,11:00-12:00,659
第五食堂,2019-04-15,12:00-13:00,437
第五食堂,2019-04-15,13:00-14:00,14
第五食堂,2019-04-15,14:00-15:00,0
第五食堂,2019-04-15,15:00-16:00,4
第五食堂,2019-04-15,16:00-17:00,216
第五食堂,2019-04-15,17:00-18:00,279
第五食堂,2019-04-15,18:00-19:00,320
第五食堂,2019-04-15,19:00-20:00,132
第五食堂,2019-04-15,20:00-21:00,28
第五食堂,2019-04-15,21:00-22:00,27
第五食堂,2019-04-15,22:00-23:00,17
第五食堂,2019-04-16,07:00-08:00,681
第五食堂,2019-04-16,08:00-09:00,105
第五食堂,2019-04-16,09:00-10:00,80
第五食堂,2019-04-16,10:00-11:00,19
第五食堂,2019-04-16,11:00-12:00,614
第五食堂,2019-04-16,12:00-13:00,529
第五食堂,2019-04-16,13:00-14:00,12
第五食堂,2019-04-16,14:00-15:00,1
第五食堂,2019-04-16,15:00-16:00,4
第五食堂,2019-04-16,16:00-17:00,148
第五食堂,2019-04-16,17:00-18:00,265
第五食堂,2019-04-16,18:00-19:00,337
第五食堂,2019-04-16,19:00-20:00,106
第五食堂,2019-04-16,20:00-21:00,33
第五食堂,2019-04-16,21:00-22:00,28
第五食堂,2019-04-16,22:00-23:00,8
第五食堂,2019-04-17,07:00-08:00,684
第五食堂,2019-04-17,08:00-09:00,109
第五食堂,2019-04-17,09:00-10:00,63
第五食堂,2019-04-17,10:00-11:00,33
第五食堂,2019-04-17,11:00-12:00,586
第五食堂,2019-04-17,12:00-13:00,474
第五食堂,2019-04-17,13:00-14:00,9
第五食堂,2019-04-17,14:00-15:00,0
第五食堂,2019-04-17,15:00-16:00,1
第五食堂,2019-04-17,16:00-17:00,140
第五食堂,2019-04-17,17:00-18:00,282
第五食堂,2019-04-17,18:00-19:00,268
第五食堂,2019-04-17,19:00-20:00,93
第五食堂,2019-04-17,20:00-21:00,18
第五食堂,2019-04-17,21:00-22:00,23
第五食堂,2019-04-17,22:00-23:00,11
第五食堂,2019-04-18,07:00-08:00,764
第五食堂,2019-04-18,08:00-09:00,102
第五食堂,2019-04-18,09:00-10:00,67
第五食堂,2019-04-18,10:00-11:00,24
第五食堂,2019-04-18,11:00-12:00,474
第五食堂,2019-04-18,12:00-13:00,432
第五食堂,2019-04-18,13:00-14:00,42
第五食堂,2019-04-18,14:00-15:00,1
第五食堂,2019-04-18,15:00-16:00,1
第五食堂,2019-04-18,16:00-17:00,51
第五食堂,2019-04-18,17:00-18:00,259
第五食堂,2019-04-18,18:00-19:00,288
第五食堂,2019-04-18,19:00-20:00,96
第五食堂,2019-04-18,20:00-21:00,21
第五食堂,2019-04-18,21:00-22:00,38
第五食堂,2019-04-18,22:00-23:00,11
第五食堂,2019-04-19,07:00-08:00,655
第五食堂,2019-04-19,08:00-09:00,122
第五食堂,2019-04-19,09:00-10:00,92
第五食堂,2019-04-19,10:00-11:00,42
第五食堂,2019-04-19,11:00-12:00,493
第五食堂,2019-04-19,12:00-13:00,434
第五食堂,2019-04-19,13:00-14:00,9
第五食堂,2019-04-19,14:00-15:00,0
第五食堂,2019-04-19,15:00-16:00,2
第五食堂,2019-04-19,16:00-17:00,129
第五食堂,2019-04-19,17:00-18:00,251
第五食堂,2019-04-19,18:00-19:00,227
第五食堂,2019-04-19,19:00-20:00,114
第五食堂,2019-04-19,20:00-21:00,28
第五食堂,2019-04-19,21:00-22:00,18
第五食堂,2019-04-19,22:00-23:00,7
第五食堂,2019-04-20,07:00-08:00,227
第五食堂,2019-04-20,08:00-09:00,249
第五食堂,2019-04-20,09:00-10:00,126
第五食堂,2019-04-20,10:00-11:00,80
第五食堂,2019-04-20,11:00-12:00,277
第五食堂,2019-04-20,12:00-13:00,192
第五食堂,2019-04-20,13:00-14:00,23
第五食堂,2019-04-20,14:00-15:00,5
第五食堂,2019-04-20,15:00-16:00,1
第五食堂,2019-04-20,16:00-17:00,32
第五食堂,2019-04-20,17:00-18:00,160
第五食堂,2019-04-20,18:00-19:00,143
第五食堂,2019-04-20,19:00-20:00,73
第五食堂,2019-04-20,20:00-21:00,17
第五食堂,2019-04-20,21:00-22:00,23
第五食堂,2019-04-20,22:00-23:00,1
第五食堂,2019-04-21,07:00-08:00,124
第五食堂,2019-04-21,08:00-09:00,115
第五食堂,2019-04-21,09:00-10:00,97
第五食堂,2019-04-21,10:00-11:00,57
第五食堂,2019-04-21,11:00-12:00,315
第五食堂,2019-04-21,12:00-13:00,173
第五食堂,2019-04-21,13:00-14:00,30
第五食堂,2019-04-21,14:00-15:00,5
第五食堂,2019-04-21,15:00-16:00,1
第五食堂,2019-04-21,16:00-17:00,37
第五食堂,2019-04-21,17:00-18:00,165
第五食堂,2019-04-21,18:00-19:00,194
第五食堂,2019-04-21,19:00-20:00,84
第五食堂,2019-04-21,20:00-21:00,27
第五食堂,2019-04-21,21:00-22:00,18
第五食堂,2019-04-21,22:00-23:00,4
第五食堂,2019-04-22,07:00-08:00,549
第五食堂,2019-04-22,08:00-09:00,91
第五食堂,2019-04-22,09:00-10:00,121
第五食堂,2019-04-22,10:00-11:00,56
第五食堂,2019-04-22,11:00-12:00,604
第五食堂,2019-04-22,12:00-13:00,438
第五食堂,2019-04-22,13:00-14:00,6
第五食堂,2019-04-22,14:00-15:00,0
第五食堂,2019-04-22,15:00-16:00,3
第五食堂,2019-04-22,16:00-17:00,222
第五食堂,2019-04-22,17:00-18:00,268
第五食堂,2019-04-22,18:00-19:00,283
第五食堂,2019-04-22,19:00-20:00,98
第五食堂,2019-04-22,20:00-21:00,29
第五食堂,2019-04-22,21:00-22:00,27
第五食堂,2019-04-22,22:00-23:00,9
第五食堂,2019-04-23,07:00-08:00,635
第五食堂,2019-04-23,08:00-09:00,114
第五食堂,2019-04-23,09:00-10:00,83
第五食堂,2019-04-23,10:00-11:00,20
第五食堂,2019-04-23,11:00-12:00,564
第五食堂,2019-04-23,12:00-13:00,457
第五食堂,2019-04-23,13:00-14:00,10
第五食堂,2019-04-23,14:00-15:00,2
第五食堂,2019-04-23,15:00-16:00,0
第五食堂,2019-04-23,16:00-17:00,184
第五食堂,2019-04-23,17:00-18:00,215
第五食堂,2019-04-23,18:00-19:00,261
第五食堂,2019-04-23,19:00-20:00,97
第五食堂,2019-04-23,20:00-21:00,19
第五食堂,2019-04-23,21:00-22:00,30
第五食堂,2019-04-23,22:00-23:00,2
第五食堂,2019-04-24,07:00-08:00,724
第五食堂,2019-04-24,08:00-09:00,95
第五食堂,2019-04-24,09:00-10:00,107
第五食堂,2019-04-24,10:00-11:00,34
第五食堂,2019-04-24,11:00-12:00,556
第五食堂,2019-04-24,12:00-13:00,436
第五食堂,2019-04-24,13:00-14:00,4
第五食堂,2019-04-24,14:00-15:00,0
第五食堂,2019-04-24,15:00-16:00,3
第五食堂,2019-04-24,16:00-17:00,206
第五食堂,2019-04-24,17:00-18:00,213
第五食堂,2019-04-24,18:00-19:00,206
第五食堂,2019-04-24,19:00-20:00,104
第五食堂,2019-04-24,20:00-21:00,27
第五食堂,2019-04-24,21:00-22:00,24
第五食堂,2019-04-24,22:00-23:00,6
第五食堂,2019-04-25,07:00-08:00,665
第五食堂,2019-04-25,08:00-09:00,112
第五食堂,2019-04-25,09:00-10:00,99
第五食堂,2019-04-25,10:00-11:00,31
第五食堂,2019-04-25,11:00-12:00,475
第五食堂,2019-04-25,12:00-13:00,441
第五食堂,2019-04-25,13:00-14:00,18
第五食堂,2019-04-25,14:00-15:00,2
第五食堂,2019-04-25,15:00-16:00,2
第五食堂,2019-04-25,16:00-17:00,62
第五食堂,2019-04-25,17:00-18:00,267
第五食堂,2019-04-25,18:00-19:00,237
第五食堂,2019-04-25,19:00-20:00,114
第五食堂,2019-04-25,20:00-21:00,29
第五食堂,2019-04-25,21:00-22:00,39
第五食堂,2019-04-25,22:00-23:00,14
第五食堂,2019-04-26,07:00-08:00,636
第五食堂,2019-04-26,08:00-09:00,122
第五食堂,2019-04-26,09:00-10:00,84
第五食堂,2019-04-26,10:00-11:00,50
第五食堂,2019-04-26,11:00-12:00,439
第五食堂,2019-04-26,12:00-13:00,322
第五食堂,2019-04-26,13:00-14:00,4
第五食堂,2019-04-26,14:00-15:00,0
第五食堂,2019-04-26,15:00-16:00,8
第五食堂,2019-04-26,16:00-17:00,64
第五食堂,2019-04-26,17:00-18:00,100
第五食堂,2019-04-26,18:00-19:00,123
第五食堂,2019-04-26,19:00-20:00,83
第五食堂,2019-04-26,20:00-21:00,23
第五食堂,2019-04-26,21:00-22:00,22
第五食堂,2019-04-26,22:00-23:00,14
第五食堂,2019-04-27,07:00-08:00,99
第五食堂,2019-04-27,08:00-09:00,141
第五食堂,2019-04-27,09:00-10:00,50
第五食堂,2019-04-27,10:00-11:00,55
第五食堂,2019-04-27,11:00-12:00,268
第五食堂,2019-04-27,12:00-13:00,71
第五食堂,2019-04-27,13:00-14:00,3
第五食堂,2019-04-27,14:00-15:00,1
第五食堂,2019-04-27,15:00-16:00,0
第五食堂,2019-04-27,16:00-17:00,26
第五食堂,2019-04-27,17:00-18:00,150
第五食堂,2019-04-27,18:00-19:00,61
第五食堂,2019-04-27,19:00-20:00,8
第五食堂,2019-04-27,20:00-21:00,0
第五食堂,2019-04-27,21:00-22:00,0
第五食堂,2019-04-27,22:00-23:00,1
第五食堂,2019-04-28,07:00-08:00,0
第五食堂,2019-04-28,08:00-09:00,0
第五食堂,2019-04-28,09:00-10:00,0
第五食堂,2019-04-28,10:00-11:00,0
第五食堂,2019-04-28,11:00-12:00,0
第五食堂,2019-04-28,12:00-13:00,0
第五食堂,2019-04-28,13:00-14:00,0
第五食堂,2019-04-28,14:00-15:00,0
第五食堂,2019-04-28,15:00-16:00,0
第五食堂,2019-04-28,16:00-17:00,0
第五食堂,2019-04-28,17:00-18:00,0
第五食堂,2019-04-28,18:00-19:00,0
第五食堂,2019-04-28,19:00-20:00,0
第五食堂,2019-04-28,20:00-21:00,0
第五食堂,2019-04-28,21:00-22:00,0
第五食堂,2019-04-28,22:00-23:00,0
第五食堂,2019-04-29,07:00-08:00,138
第五食堂,2019-04-29,08:00-09:00,198
第五食堂,2019-04-29,09:00-10:00,101
第五食堂,2019-04-29,10:00-11:00,70
第五食堂,2019-04-29,11:00-12:00,309
第五食堂,2019-04-29,12:00-13:00,234
第五食堂,2019-04-29,13:00-14:00,24
第五食堂,2019-04-29,14:00-15:00,3
第五食堂,2019-04-29,15:00-16:00,2
第五食堂,2019-04-29,16:00-17:00,28
第五食堂,2019-04-29,17:00-18:00,174
第五食堂,2019-04-29,18:00-19:00,218
第五食堂,2019-04-29,19:00-20:00,113
第五食堂,2019-04-29,20:00-21:00,26
第五食堂,2019-04-29,21:00-22:00,16
第五食堂,2019-04-29,22:00-23:00,6
第五食堂,2019-04-30,07:00-08:00,170
第五食堂,2019-04-30,08:00-09:00,217
第五食堂,2019-04-30,09:00-10:00,82
第五食堂,2019-04-30,10:00-11:00,69
第五食堂,2019-04-30,11:00-12:00,363
第五食堂,2019-04-30,12:00-13:00,174
第五食堂,2019-04-30,13:00-14:00,13
第五食堂,2019-04-30,14:00-15:00,3
第五食堂,2019-04-30,15:00-16:00,4
第五食堂,2019-04-30,16:00-17:00,37
第五食堂,2019-04-30,17:00-18:00,216
第五食堂,2019-04-30,18:00-19:00,259
第五食堂,2019-04-30,19:00-20:00,96
第五食堂,2019-04-30,20:00-21:00,27
第五食堂,2019-04-30,21:00-22:00,23
第五食堂,2019-04-30,22:00-23:00,7
第四食堂,2019-04-01,07:00-08:00,0
第四食堂,2019-04-01,08:00-09:00,0
第四食堂,2019-04-01,09:00-10:00,6
第四食堂,2019-04-01,10:00-11:00,24
第四食堂,2019-04-01,11:00-12:00,714
第四食堂,2019-04-01,12:00-13:00,375
第四食堂,2019-04-01,13:00-14:00,21
第四食堂,2019-04-01,14:00-15:00,6
第四食堂,2019-04-01,15:00-16:00,0
第四食堂,2019-04-01,16:00-17:00,79
第四食堂,2019-04-01,17:00-18:00,203
第四食堂,2019-04-01,18:00-19:00,402
第四食堂,2019-04-01,19:00-20:00,122
第四食堂,2019-04-01,20:00-21:00,8
第四食堂,2019-04-01,21:00-22:00,6
第四食堂,2019-04-01,22:00-23:00,1
第四食堂,2019-04-02,07:00-08:00,0
第四食堂,2019-04-02,08:00-09:00,0
第四食堂,2019-04-02,09:00-10:00,8
第四食堂,2019-04-02,10:00-11:00,33
第四食堂,2019-04-02,11:00-12:00,835
第四食堂,2019-04-02,12:00-13:00,377
第四食堂,2019-04-02,13:00-14:00,15
第四食堂,2019-04-02,14:00-15:00,4
第四食堂,2019-04-02,15:00-16:00,7
第四食堂,2019-04-02,16:00-17:00,85
第四食堂,2019-04-02,17:00-18:00,253
第四食堂,2019-04-02,18:00-19:00,510
第四食堂,2019-04-02,19:00-20:00,158
第四食堂,2019-04-02,20:00-21:00,34
第四食堂,2019-04-02,21:00-22:00,25
第四食堂,2019-04-02,22:00-23:00,9
第四食堂,2019-04-03,07:00-08:00,0
第四食堂,2019-04-03,08:00-09:00,0
第四食堂,2019-04-03,09:00-10:00,0
第四食堂,2019-04-03,10:00-11:00,0
第四食堂,2019-04-03,11:00-12:00,63
第四食堂,2019-04-03,12:00-13:00,682
第四食堂,2019-04-03,13:00-14:00,318
第四食堂,2019-04-03,14:00-15:00,27
第四食堂,2019-04-03,15:00-16:00,12
第四食堂,2019-04-03,16:00-17:00,110
第四食堂,2019-04-03,17:00-18:00,426
第四食堂,2019-04-03,18:00-19:00,518
第四食堂,2019-04-03,19:00-20:00,96
第四食堂,2019-04-03,20:00-21:00,7
第四食堂,2019-04-03,21:00-22:00,11
第四食堂,2019-04-03,22:00-23:00,5
第四食堂,2019-04-04,07:00-08:00,0
第四食堂,2019-04-04,08:00-09:00,0
第四食堂,2019-04-04,09:00-10:00,11
第四食堂,2019-04-04,10:00-11:00,38
第四食堂,2019-04-04,11:00-12:00,798
第四食堂,2019-04-04,12:00-13:00,437
第四食堂,2019-04-04,13:00-14:00,95
第四食堂,2019-04-04,14:00-15:00,12
第四食堂,2019-04-04,15:00-16:00,6
第四食堂,2019-04-04,16:00-17:00,69
第四食堂,2019-04-04,17:00-18:00,490
第四食堂,2019-04-04,18:00-19:00,393
第四食堂,2019-04-04,19:00-20:00,132
第四食堂,2019-04-04,20:00-21:00,5
第四食堂,2019-04-04,21:00-22:00,14
第四食堂,2019-04-04,22:00-23:00,11
第四食堂,2019-04-05,07:00-08:00,0
第四食堂,2019-04-05,08:00-09:00,0
第四食堂,2019-04-05,09:00-10:00,0
第四食堂,2019-04-05,10:00-11:00,0
第四食堂,2019-04-05,11:00-12:00,0
第四食堂,2019-04-05,12:00-13:00,0
第四食堂,2019-04-05,13:00-14:00,0
第四食堂,2019-04-05,14:00-15:00,0
第四食堂,2019-04-05,15:00-16:00,0
第四食堂,2019-04-05,16:00-17:00,0
第四食堂,2019-04-05,17:00-18:00,0
第四食堂,2019-04-05,18:00-19:00,0
第四食堂,2019-04-05,19:00-20:00,0
第四食堂,2019-04-05,20:00-21:00,0
第四食堂,2019-04-05,21:00-22:00,0
第四食堂,2019-04-05,22:00-23:00,0
第四食堂,2019-04-06,07:00-08:00,0
第四食堂,2019-04-06,08:00-09:00,0
第四食堂,2019-04-06,09:00-10:00,0
第四食堂,2019-04-06,10:00-11:00,0
第四食堂,2019-04-06,11:00-12:00,0
第四食堂,2019-04-06,12:00-13:00,0
第四食堂,2019-04-06,13:00-14:00,0
第四食堂,2019-04-06,14:00-15:00,0
第四食堂,2019-04-06,15:00-16:00,0
第四食堂,2019-04-06,16:00-17:00,0
第四食堂,2019-04-06,17:00-18:00,0
第四食堂,2019-04-06,18:00-19:00,0
第四食堂,2019-04-06,19:00-20:00,0
第四食堂,2019-04-06,20:00-21:00,0
第四食堂,2019-04-06,21:00-22:00,0
第四食堂,2019-04-06,22:00-23:00,0
第四食堂,2019-04-07,07:00-08:00,0
第四食堂,2019-04-07,08:00-09:00,0
第四食堂,2019-04-07,09:00-10:00,0
第四食堂,2019-04-07,10:00-11:00,0
第四食堂,2019-04-07,11:00-12:00,0
第四食堂,2019-04-07,12:00-13:00,0
第四食堂,2019-04-07,13:00-14:00,1
第四食堂,2019-04-07,14:00-15:00,8
第四食堂,2019-04-07,15:00-16:00,1
第四食堂,2019-04-07,16:00-17:00,6
第四食堂,2019-04-07,17:00-18:00,35
第四食堂,2019-04-07,18:00-19:00,171
第四食堂,2019-04-07,19:00-20:00,194
第四食堂,2019-04-07,20:00-21:00,54
第四食堂,2019-04-07,21:00-22:00,13
第四食堂,2019-04-07,22:00-23:00,0
第四食堂,2019-04-08,07:00-08:00,0
第四食堂,2019-04-08,08:00-09:00,0
第四食堂,2019-04-08,09:00-10:00,5
第四食堂,2019-04-08,10:00-11:00,13
第四食堂,2019-04-08,11:00-12:00,779
第四食堂,2019-04-08,12:00-13:00,482
第四食堂,2019-04-08,13:00-14:00,18
第四食堂,2019-04-08,14:00-15:00,0
第四食堂,2019-04-08,15:00-16:00,19
第四食堂,2019-04-08,16:00-17:00,125
第四食堂,2019-04-08,17:00-18:00,272
第四食堂,2019-04-08,18:00-19:00,570
第四食堂,2019-04-08,19:00-20:00,138
第四食堂,2019-04-08,20:00-21:00,11
第四食堂,2019-04-08,21:00-22:00,13
第四食堂,2019-04-08,22:00-23:00,2
第四食堂,2019-04-09,07:00-08:00,0
第四食堂,2019-04-09,08:00-09:00,0
第四食堂,2019-04-09,09:00-10:00,3
第四食堂,2019-04-09,10:00-11:00,24
第四食堂,2019-04-09,11:00-12:00,847
第四食堂,2019-04-09,12:00-13:00,404
第四食堂,2019-04-09,13:00-14:00,23
第四食堂,2019-04-09,14:00-15:00,1
第四食堂,2019-04-09,15:00-16:00,2
第四食堂,2019-04-09,16:00-17:00,136
第四食堂,2019-04-09,17:00-18:00,352
第四食堂,2019-04-09,18:00-19:00,519
第四食堂,2019-04-09,19:00-20:00,71
第四食堂,2019-04-09,20:00-21:00,8
第四食堂,2019-04-09,21:00-22:00,7
第四食堂,2019-04-09,22:00-23:00,5
第四食堂,2019-04-10,07:00-08:00,0
第四食堂,2019-04-10,08:00-09:00,0
第四食堂,2019-04-10,09:00-10:00,4
第四食堂,2019-04-10,10:00-11:00,14
第四食堂,2019-04-10,11:00-12:00,805
第四食堂,2019-04-10,12:00-13:00,476
第四食堂,2019-04-10,13:00-14:00,32
第四食堂,2019-04-10,14:00-15:00,0
第四食堂,2019-04-10,15:00-16:00,75
第四食堂,2019-04-10,16:00-17:00,149
第四食堂,2019-04-10,17:00-18:00,321
第四食堂,2019-04-10,18:00-19:00,542
第四食堂,2019-04-10,19:00-20:00,132
第四食堂,2019-04-10,20:00-21:00,8
第四食堂,2019-04-10,21:00-22:00,32
第四食堂,2019-04-10,22:00-23:00,5
第四食堂,2019-04-11,07:00-08:00,0
第四食堂,2019-04-11,08:00-09:00,0
第四食堂,2019-04-11,09:00-10:00,7
第四食堂,2019-04-11,10:00-11:00,9
第四食堂,2019-04-11,11:00-12:00,806
第四食堂,2019-04-11,12:00-13:00,510
第四食堂,2019-04-11,13:00-14:00,36
第四食堂,2019-04-11,14:00-15:00,8
第四食堂,2019-04-11,15:00-16:00,14
第四食堂,2019-04-11,16:00-17:00,65
第四食堂,2019-04-11,17:00-18:00,417
第四食堂,2019-04-11,18:00-19:00,457
第四食堂,2019-04-11,19:00-20:00,147
第四食堂,2019-04-11,20:00-21:00,18
第四食堂,2019-04-11,21:00-22:00,6
第四食堂,2019-04-11,22:00-23:00,6
第四食堂,2019-04-12,07:00-08:00,0
第四食堂,2019-04-12,08:00-09:00,0
第四食堂,2019-04-12,09:00-10:00,5
第四食堂,2019-04-12,10:00-11:00,11
第四食堂,2019-04-12,11:00-12:00,698
第四食堂,2019-04-12,12:00-13:00,448
第四食堂,2019-04-12,13:00-14:00,38
第四食堂,2019-04-12,14:00-15:00,0
第四食堂,2019-04-12,15:00-16:00,20
第四食堂,2019-04-12,16:00-17:00,110
第四食堂,2019-04-12,17:00-18:00,229
第四食堂,2019-04-12,18:00-19:00,384
第四食堂,2019-04-12,19:00-20:00,117
第四食堂,2019-04-12,20:00-21:00,24
第四食堂,2019-04-12,21:00-22:00,7
第四食堂,2019-04-12,22:00-23:00,5
第四食堂,2019-04-13,07:00-08:00,0
第四食堂,2019-04-13,08:00-09:00,0
第四食堂,2019-04-13,09:00-10:00,0
第四食堂,2019-04-13,10:00-11:00,30
第四食堂,2019-04-13,11:00-12:00,282
第四食堂,2019-04-13,12:00-13:00,278
第四食堂,2019-04-13,13:00-14:00,32
第四食堂,2019-04-13,14:00-15:00,12
第四食堂,2019-04-13,15:00-16:00,5
第四食堂,2019-04-13,16:00-17:00,24
第四食堂,2019-04-13,17:00-18:00,272
第四食堂,2019-04-13,18:00-19:00,284
第四食堂,2019-04-13,19:00-20:00,76
第四食堂,2019-04-13,20:00-21:00,9
第四食堂,2019-04-13,21:00-22:00,6
第四食堂,2019-04-13,22:00-23:00,4
第四食堂,2019-04-14,07:00-08:00,0
第四食堂,2019-04-14,08:00-09:00,0
第四食堂,2019-04-14,09:00-10:00,0
第四食堂,2019-04-14,10:00-11:00,16
第四食堂,2019-04-14,11:00-12:00,337
第四食堂,2019-04-14,12:00-13:00,288
第四食堂,2019-04-14,13:00-14:00,50
第四食堂,2019-04-14,14:00-15:00,3
第四食堂,2019-04-14,15:00-16:00,6
第四食堂,2019-04-14,16:00-17:00,16
第四食堂,2019-04-14,17:00-18:00,204
第四食堂,2019-04-14,18:00-19:00,350
第四食堂,2019-04-14,19:00-20:00,157
第四食堂,2019-04-14,20:00-21:00,23
第四食堂,2019-04-14,21:00-22:00,6
第四食堂,2019-04-14,22:00-23:00,3
第四食堂,2019-04-15,07:00-08:00,0
第四食堂,2019-04-15,08:00-09:00,0
第四食堂,2019-04-15,09:00-10:00,10
第四食堂,2019-04-15,10:00-11:00,22
第四食堂,2019-04-15,11:00-12:00,772
第四食堂,2019-04-15,12:00-13:00,448
第四食堂,2019-04-15,13:00-14:00,24
第四食堂,2019-04-15,14:00-15:00,0
第四食堂,2019-04-15,15:00-16:00,11
第四食堂,2019-04-15,16:00-17:00,137
第四食堂,2019-04-15,17:00-18:00,274
第四食堂,2019-04-15,18:00-19:00,499
第四食堂,2019-04-15,19:00-20:00,170
第四食堂,2019-04-15,20:00-21:00,6
第四食堂,2019-04-15,21:00-22:00,11
第四食堂,2019-04-15,22:00-23:00,3
第四食堂,2019-04-16,07:00-08:00,0
第四食堂,2019-04-16,08:00-09:00,1
第四食堂,2019-04-16,09:00-10:00,8
第四食堂,2019-04-16,10:00-11:00,25
第四食堂,2019-04-16,11:00-12:00,893
第四食堂,2019-04-16,12:00-13:00,416
第四食堂,2019-04-16,13:00-14:00,23
第四食堂,2019-04-16,14:00-15:00,4
第四食堂,2019-04-16,15:00-16:00,1
第四食堂,2019-04-16,16:00-17:00,136
第四食堂,2019-04-16,17:00-18:00,266
第四食堂,2019-04-16,18:00-19:00,555
第四食堂,2019-04-16,19:00-20:00,141
第四食堂,2019-04-16,20:00-21:00,18
第四食堂,2019-04-16,21:00-22:00,22
第四食堂,2019-04-16,22:00-23:00,4
第四食堂,2019-04-17,07:00-08:00,0
第四食堂,2019-04-17,08:00-09:00,1
第四食堂,2019-04-17,09:00-10:00,5
第四食堂,2019-04-17,10:00-11:00,26
第四食堂,2019-04-17,11:00-12:00,853
第四食堂,2019-04-17,12:00-13:00,369
第四食堂,2019-04-17,13:00-14:00,28
第四食堂,2019-04-17,14:00-15:00,0
第四食堂,2019-04-17,15:00-16:00,3
第四食堂,2019-04-17,16:00-17:00,117
第四食堂,2019-04-17,17:00-18:00,337
第四食堂,2019-04-17,18:00-19:00,418
第四食堂,2019-04-17,19:00-20:00,93
第四食堂,2019-04-17,20:00-21:00,9
第四食堂,2019-04-17,21:00-22:00,12
第四食堂,2019-04-17,22:00-23:00,3
第四食堂,2019-04-18,07:00-08:00,0
第四食堂,2019-04-18,08:00-09:00,0
第四食堂,2019-04-18,09:00-10:00,5
第四食堂,2019-04-18,10:00-11:00,32
第四食堂,2019-04-18,11:00-12:00,799
第四食堂,2019-04-18,12:00-13:00,381
第四食堂,2019-04-18,13:00-14:00,44
第四食堂,2019-04-18,14:00-15:00,10
第四食堂,2019-04-18,15:00-16:00,8
第四食堂,2019-04-18,16:00-17:00,56
第四食堂,2019-04-18,17:00-18:00,400
第四食堂,2019-04-18,18:00-19:00,401
第四食堂,2019-04-18,19:00-20:00,176
第四食堂,2019-04-18,20:00-21:00,21
第四食堂,2019-04-18,21:00-22:00,10
第四食堂,2019-04-18,22:00-23:00,10
第四食堂,2019-04-19,07:00-08:00,0
第四食堂,2019-04-19,08:00-09:00,0
第四食堂,2019-04-19,09:00-10:00,3
第四食堂,2019-04-19,10:00-11:00,27
第四食堂,2019-04-19,11:00-12:00,636
第四食堂,2019-04-19,12:00-13:00,424
第四食堂,2019-04-19,13:00-14:00,27
第四食堂,2019-04-19,14:00-15:00,0
第四食堂,2019-04-19,15:00-16:00,14
第四食堂,2019-04-19,16:00-17:00,108
第四食堂,2019-04-19,17:00-18:00,242
第四食堂,2019-04-19,18:00-19:00,325
第四食堂,2019-04-19,19:00-20:00,107
第四食堂,2019-04-19,20:00-21:00,20
第四食堂,2019-04-19,21:00-22:00,12
第四食堂,2019-04-19,22:00-23:00,9
第四食堂,2019-04-20,07:00-08:00,0
第四食堂,2019-04-20,08:00-09:00,0
第四食堂,2019-04-20,09:00-10:00,4
第四食堂,2019-04-20,10:00-11:00,25
第四食堂,2019-04-20,11:00-12:00,315
第四食堂,2019-04-20,12:00-13:00,341
第四食堂,2019-04-20,13:00-14:00,44
第四食堂,2019-04-20,14:00-15:00,5
第四食堂,2019-04-20,15:00-16:00,4
第四食堂,2019-04-20,16:00-17:00,26
第四食堂,2019-04-20,17:00-18:00,204
第四食堂,2019-04-20,18:00-19:00,235
第四食堂,2019-04-20,19:00-20:00,76
第四食堂,2019-04-20,20:00-21:00,6
第四食堂,2019-04-20,21:00-22:00,7
第四食堂,2019-04-20,22:00-23:00,2
第四食堂,2019-04-21,07:00-08:00,0
第四食堂,2019-04-21,08:00-09:00,0
第四食堂,2019-04-21,09:00-10:00,2
第四食堂,2019-04-21,10:00-11:00,23
第四食堂,2019-04-21,11:00-12:00,293
第四食堂,2019-04-21,12:00-13:00,316
第四食堂,2019-04-21,13:00-14:00,40
第四食堂,2019-04-21,14:00-15:00,7
第四食堂,2019-04-21,15:00-16:00,3
第四食堂,2019-04-21,16:00-17:00,45
第四食堂,2019-04-21,17:00-18:00,226
第四食堂,2019-04-21,18:00-19:00,284
第四食堂,2019-04-21,19:00-20:00,73
第四食堂,2019-04-21,20:00-21:00,9
第四食堂,2019-04-21,21:00-22:00,7
第四食堂,2019-04-21,22:00-23:00,2
第四食堂,2019-04-22,07:00-08:00,0
第四食堂,2019-04-22,08:00-09:00,0
第四食堂,2019-04-22,09:00-10:00,10
第四食堂,2019-04-22,10:00-11:00,20
第四食堂,2019-04-22,11:00-12:00,615
第四食堂,2019-04-22,12:00-13:00,405
第四食堂,2019-04-22,13:00-14:00,23
第四食堂,2019-04-22,14:00-15:00,0
第四食堂,2019-04-22,15:00-16:00,6
第四食堂,2019-04-22,16:00-17:00,169
第四食堂,2019-04-22,17:00-18:00,303
第四食堂,2019-04-22,18:00-19:00,496
第四食堂,2019-04-22,19:00-20:00,97
第四食堂,2019-04-22,20:00-21:00,5
第四食堂,2019-04-22,21:00-22:00,12
第四食堂,2019-04-22,22:00-23:00,5
第四食堂,2019-04-23,07:00-08:00,0
第四食堂,2019-04-23,08:00-09:00,0
第四食堂,2019-04-23,09:00-10:00,8
第四食堂,2019-04-23,10:00-11:00,17
第四食堂,2019-04-23,11:00-12:00,760
第四食堂,2019-04-23,12:00-13:00,422
第四食堂,2019-04-23,13:00-14:00,30
第四食堂,2019-04-23,14:00-15:00,2
第四食堂,2019-04-23,15:00-16:00,4
第四食堂,2019-04-23,16:00-17:00,156
第四食堂,2019-04-23,17:00-18:00,292
第四食堂,2019-04-23,18:00-19:00,497
第四食堂,2019-04-23,19:00-20:00,87
第四食堂,2019-04-23,20:00-21:00,8
第四食堂,2019-04-23,21:00-22:00,9
第四食堂,2019-04-23,22:00-23:00,2
第四食堂,2019-04-24,07:00-08:00,0
第四食堂,2019-04-24,08:00-09:00,0
第四食堂,2019-04-24,09:00-10:00,3
第四食堂,2019-04-24,10:00-11:00,18
第四食堂,2019-04-24,11:00-12:00,759
第四食堂,2019-04-24,12:00-13:00,405
第四食堂,2019-04-24,13:00-14:00,14
第四食堂,2019-04-24,14:00-15:00,0
第四食堂,2019-04-24,15:00-16:00,4
第四食堂,2019-04-24,16:00-17:00,145
第四食堂,2019-04-24,17:00-18:00,318
第四食堂,2019-04-24,18:00-19:00,282
第四食堂,2019-04-24,19:00-20:00,105
第四食堂,2019-04-24,20:00-21:00,16
第四食堂,2019-04-24,21:00-22:00,8
第四食堂,2019-04-24,22:00-23:00,5
第四食堂,2019-04-25,07:00-08:00,0
第四食堂,2019-04-25,08:00-09:00,0
第四食堂,2019-04-25,09:00-10:00,4
第四食堂,2019-04-25,10:00-11:00,32
第四食堂,2019-04-25,11:00-12:00,710
第四食堂,2019-04-25,12:00-13:00,430
第四食堂,2019-04-25,13:00-14:00,32
第四食堂,2019-04-25,14:00-15:00,4
第四食堂,2019-04-25,15:00-16:00,5
第四食堂,2019-04-25,16:00-17:00,57
第四食堂,2019-04-25,17:00-18:00,281
第四食堂,2019-04-25,18:00-19:00,343
第四食堂,2019-04-25,19:00-20:00,143
第四食堂,2019-04-25,20:00-21:00,15
第四食堂,2019-04-25,21:00-22:00,7
第四食堂,2019-04-25,22:00-23:00,5
第四食堂,2019-04-26,07:00-08:00,0
第四食堂,2019-04-26,08:00-09:00,0
第四食堂,2019-04-26,09:00-10:00,6
第四食堂,2019-04-26,10:00-11:00,32
第四食堂,2019-04-26,11:00-12:00,665
第四食堂,2019-04-26,12:00-13:00,357
第四食堂,2019-04-26,13:00-14:00,27
第四食堂,2019-04-26,14:00-15:00,0
第四食堂,2019-04-26,15:00-16:00,5
第四食堂,2019-04-26,16:00-17:00,57
第四食堂,2019-04-26,17:00-18:00,168
第四食堂,2019-04-26,18:00-19:00,242
第四食堂,2019-04-26,19:00-20:00,111
第四食堂,2019-04-26,20:00-21:00,17
第四食堂,2019-04-26,21:00-22:00,4
第四食堂,2019-04-26,22:00-23:00,0
第四食堂,2019-04-27,07:00-08:00,0
第四食堂,2019-04-27,08:00-09:00,0
第四食堂,2019-04-27,09:00-10:00,0
第四食堂,2019-04-27,10:00-11:00,0
第四食堂,2019-04-27,11:00-12:00,0
第四食堂,2019-04-27,12:00-13:00,0
第四食堂,2019-04-27,13:00-14:00,0
第四食堂,2019-04-27,14:00-15:00,0
第四食堂,2019-04-27,15:00-16:00,0
第四食堂,2019-04-27,16:00-17:00,0
第四食堂,2019-04-27,17:00-18:00,0
第四食堂,2019-04-27,18:00-19:00,0
第四食堂,2019-04-27,19:00-20:00,0
第四食堂,2019-04-27,20:00-21:00,0
第四食堂,2019-04-27,21:00-22:00,0
第四食堂,2019-04-27,22:00-23:00,0
第四食堂,2019-04-28,07:00-08:00,0
第四食堂,2019-04-28,08:00-09:00,0
第四食堂,2019-04-28,09:00-10:00,0
第四食堂,2019-04-28,10:00-11:00,0
第四食堂,2019-04-28,11:00-12:00,0
第四食堂,2019-04-28,12:00-13:00,0
第四食堂,2019-04-28,13:00-14:00,0
第四食堂,2019-04-28,14:00-15:00,0
第四食堂,2019-04-28,15:00-16:00,0
第四食堂,2019-04-28,16:00-17:00,0
第四食堂,2019-04-28,17:00-18:00,0
第四食堂,2019-04-28,18:00-19:00,0
第四食堂,2019-04-28,19:00-20:00,0
第四食堂,2019-04-28,20:00-21:00,0
第四食堂,2019-04-28,21:00-22:00,0
第四食堂,2019-04-28,22:00-23:00,0
第四食堂,2019-04-29,07:00-08:00,0
第四食堂,2019-04-29,08:00-09:00,0
第四食堂,2019-04-29,09:00-10:00,0
第四食堂,2019-04-29,10:00-11:00,16
第四食堂,2019-04-29,11:00-12:00,381
第四食堂,2019-04-29,12:00-13:00,315
第四食堂,2019-04-29,13:00-14:00,33
第四食堂,2019-04-29,14:00-15:00,4
第四食堂,2019-04-29,15:00-16:00,4
第四食堂,2019-04-29,16:00-17:00,14
第四食堂,2019-04-29,17:00-18:00,192
第四食堂,2019-04-29,18:00-19:00,337
第四食堂,2019-04-29,19:00-20:00,130
第四食堂,2019-04-29,20:00-21:00,24
第四食堂,2019-04-29,21:00-22:00,7
第四食堂,2019-04-29,22:00-23:00,6
第四食堂,2019-04-30,07:00-08:00,0
第四食堂,2019-04-30,08:00-09:00,0
第四食堂,2019-04-30,09:00-10:00,0
第四食堂,2019-04-30,10:00-11:00,21
第四食堂,2019-04-30,11:00-12:00,364
第四食堂,2019-04-30,12:00-13:00,341
第四食堂,2019-04-30,13:00-14:00,20
第四食堂,2019-04-30,14:00-15:00,4
第四食堂,2019-04-30,15:00-16:00,3
第四食堂,2019-04-30,16:00-17:00,32
第四食堂,2019-04-30,17:00-18:00,239
第四食堂,2019-04-30,18:00-19:00,373
第四食堂,2019-04-30,19:00-20:00,139
第四食堂,2019-04-30,20:00-21:00,16
第四食堂,2019-04-30,21:00-22:00,12
第四食堂,2019-04-30,22:00-23:00,3
红太阳超市,2019-04-01,07:00-08:00,17
红太阳超市,2019-04-01,08:00-09:00,7
红太阳超市,2019-04-01,09:00-10:00,29
红太阳超市,2019-04-01,10:00-11:00,16
红太阳超市,2019-04-01,11:00-12:00,29
红太阳超市,2019-04-01,12:00-13:00,46
红太阳超市,2019-04-01,13:00-14:00,14
红太阳超市,2019-04-01,14:00-15:00,21
红太阳超市,2019-04-01,15:00-16:00,10
红太阳超市,2019-04-01,16:00-17:00,58
红太阳超市,2019-04-01,17:00-18:00,27
红太阳超市,2019-04-01,18:00-19:00,50
红太阳超市,2019-04-01,19:00-20:00,30
红太阳超市,2019-04-01,20:00-21:00,24
红太阳超市,2019-04-01,21:00-22:00,35
红太阳超市,2019-04-01,22:00-23:00,29
红太阳超市,2019-04-02,07:00-08:00,0
红太阳超市,2019-04-02,08:00-09:00,13
红太阳超市,2019-04-02,09:00-10:00,9
红太阳超市,2019-04-02,10:00-11:00,14
红太阳超市,2019-04-02,11:00-12:00,10
红太阳超市,2019-04-02,12:00-13:00,40
红太阳超市,2019-04-02,13:00-14:00,57
红太阳超市,2019-04-02,14:00-15:00,8
红太阳超市,2019-04-02,15:00-16:00,14
红太阳超市,2019-04-02,16:00-17:00,10
红太阳超市,2019-04-02,17:00-18:00,51
红太阳超市,2019-04-02,18:00-19:00,32
红太阳超市,2019-04-02,19:00-20:00,49
红太阳超市,2019-04-02,20:00-21:00,27
红太阳超市,2019-04-02,21:00-22:00,17
红太阳超市,2019-04-02,22:00-23:00,33
红太阳超市,2019-04-03,07:00-08:00,18
红太阳超市,2019-04-03,08:00-09:00,4
红太阳超市,2019-04-03,09:00-10:00,2
红太阳超市,2019-04-03,10:00-11:00,12
红太阳超市,2019-04-03,11:00-12:00,8
红太阳超市,2019-04-03,12:00-13:00,40
红太阳超市,2019-04-03,13:00-14:00,42
红太阳超市,2019-04-03,14:00-15:00,17
红太阳超市,2019-04-03,15:00-16:00,28
红太阳超市,2019-04-03,16:00-17:00,5
红太阳超市,2019-04-03,17:00-18:00,55
红太阳超市,2019-04-03,18:00-19:00,37
红太阳超市,2019-04-03,19:00-20:00,50
红太阳超市,2019-04-03,20:00-21:00,27
红太阳超市,2019-04-03,21:00-22:00,8
红太阳超市,2019-04-03,22:00-23:00,45
红太阳超市,2019-04-04,07:00-08:00,0
红太阳超市,2019-04-04,08:00-09:00,12
红太阳超市,2019-04-04,09:00-10:00,6
红太阳超市,2019-04-04,10:00-11:00,15
红太阳超市,2019-04-04,11:00-12:00,10
红太阳超市,2019-04-04,12:00-13:00,35
红太阳超市,2019-04-04,13:00-14:00,54
红太阳超市,2019-04-04,14:00-15:00,29
红太阳超市,2019-04-04,15:00-16:00,18
红太阳超市,2019-04-04,16:00-17:00,28
红太阳超市,2019-04-04,17:00-18:00,14
红太阳超市,2019-04-04,18:00-19:00,46
红太阳超市,2019-04-04,19:00-20:00,54
红太阳超市,2019-04-04,20:00-21:00,32
红太阳超市,2019-04-04,21:00-22:00,11
红太阳超市,2019-04-04,22:00-23:00,40
红太阳超市,2019-04-05,07:00-08:00,12
红太阳超市,2019-04-05,08:00-09:00,18
红太阳超市,2019-04-05,09:00-10:00,16
红太阳超市,2019-04-05,10:00-11:00,13
红太阳超市,2019-04-05,11:00-12:00,44
红太阳超市,2019-04-05,12:00-13:00,82
红太阳超市,2019-04-05,13:00-14:00,17
红太阳超市,2019-04-05,14:00-15:00,16
红太阳超市,2019-04-05,15:00-16:00,10
红太阳超市,2019-04-05,16:00-17:00,10
红太阳超市,2019-04-05,17:00-18:00,28
红太阳超市,2019-04-05,18:00-19:00,59
红太阳超市,2019-04-05,19:00-20:00,33
红太阳超市,2019-04-05,20:00-21:00,20
红太阳超市,2019-04-05,21:00-22:00,20
红太阳超市,2019-04-05,22:00-23:00,21
红太阳超市,2019-04-06,07:00-08:00,5
红太阳超市,2019-04-06,08:00-09:00,4
红太阳超市,2019-04-06,09:00-10:00,14
红太阳超市,2019-04-06,10:00-11:00,11
红太阳超市,2019-04-06,11:00-12:00,25
红太阳超市,2019-04-06,12:00-13:00,35
红太阳超市,2019-04-06,13:00-14:00,14
红太阳超市,2019-04-06,14:00-15:00,10
红太阳超市,2019-04-06,15:00-16:00,12
红太阳超市,2019-04-06,16:00-17:00,8
红太阳超市,2019-04-06,17:00-18:00,32
红太阳超市,2019-04-06,18:00-19:00,41
红太阳超市,2019-04-06,19:00-20:00,21
红太阳超市,2019-04-06,20:00-21:00,12
红太阳超市,2019-04-06,21:00-22:00,23
红太阳超市,2019-04-06,22:00-23:00,28
红太阳超市,2019-04-07,07:00-08:00,2
红太阳超市,2019-04-07,08:00-09:00,5
红太阳超市,2019-04-07,09:00-10:00,17
红太阳超市,2019-04-07,10:00-11:00,9
红太阳超市,2019-04-07,11:00-12:00,28
红太阳超市,2019-04-07,12:00-13:00,59
红太阳超市,2019-04-07,13:00-14:00,16
红太阳超市,2019-04-07,14:00-15:00,12
红太阳超市,2019-04-07,15:00-16:00,8
红太阳超市,2019-04-07,16:00-17:00,18
红太阳超市,2019-04-07,17:00-18:00,21
红太阳超市,2019-04-07,18:00-19:00,24
红太阳超市,2019-04-07,19:00-20:00,25
红太阳超市,2019-04-07,20:00-21:00,14
红太阳超市,2019-04-07,21:00-22:00,21
红太阳超市,2019-04-07,22:00-23:00,23
红太阳超市,2019-04-08,07:00-08:00,0
红太阳超市,2019-04-08,08:00-09:00,15
红太阳超市,2019-04-08,09:00-10:00,24
红太阳超市,2019-04-08,10:00-11:00,23
红太阳超市,2019-04-08,11:00-12:00,43
红太阳超市,2019-04-08,12:00-13:00,48
红太阳超市,2019-04-08,13:00-14:00,12
红太阳超市,2019-04-08,14:00-15:00,22
红太阳超市,2019-04-08,15:00-16:00,8
红太阳超市,2019-04-08,16:00-17:00,64
红太阳超市,2019-04-08,17:00-18:00,51
红太阳超市,2019-04-08,18:00-19:00,67
红太阳超市,2019-04-08,19:00-20:00,42
红太阳超市,2019-04-08,20:00-21:00,20
红太阳超市,2019-04-08,21:00-22:00,52
红太阳超市,2019-04-08,22:00-23:00,36
红太阳超市,2019-04-09,07:00-08:00,31
红太阳超市,2019-04-09,08:00-09:00,3
红太阳超市,2019-04-09,09:00-10:00,18
红太阳超市,2019-04-09,10:00-11:00,12
红太阳超市,2019-04-09,11:00-12:00,28
红太阳超市,2019-04-09,12:00-13:00,27
红太阳超市,2019-04-09,13:00-14:00,8
红太阳超市,2019-04-09,14:00-15:00,24
红太阳超市,2019-04-09,15:00-16:00,7
红太阳超市,2019-04-09,16:00-17:00,65
红太阳超市,2019-04-09,17:00-18:00,30
红太阳超市,2019-04-09,18:00-19:00,42
红太阳超市,2019-04-09,19:00-20:00,28
红太阳超市,2019-04-09,20:00-21:00,16
红太阳超市,2019-04-09,21:00-22:00,55
红太阳超市,2019-04-09,22:00-23:00,35
红太阳超市,2019-04-10,07:00-08:00,18
红太阳超市,2019-04-10,08:00-09:00,7
红太阳超市,2019-04-10,09:00-10:00,13
红太阳超市,2019-04-10,10:00-11:00,8
红太阳超市,2019-04-10,11:00-12:00,36
红太阳超市,2019-04-10,12:00-13:00,51
红太阳超市,2019-04-10,13:00-14:00,16
红太阳超市,2019-04-10,14:00-15:00,23
红太阳超市,2019-04-10,15:00-16:00,15
红太阳超市,2019-04-10,16:00-17:00,46
红太阳超市,2019-04-10,17:00-18:00,25
红太阳超市,2019-04-10,18:00-19:00,58
红太阳超市,2019-04-10,19:00-20:00,21
红太阳超市,2019-04-10,20:00-21:00,14
红太阳超市,2019-04-10,21:00-22:00,72
红太阳超市,2019-04-10,22:00-23:00,19
红太阳超市,2019-04-11,07:00-08:00,19
红太阳超市,2019-04-11,08:00-09:00,4
红太阳超市,2019-04-11,09:00-10:00,26
红太阳超市,2019-04-11,10:00-11:00,5
红太阳超市,2019-04-11,11:00-12:00,25
红太阳超市,2019-04-11,12:00-13:00,40
红太阳超市,2019-04-11,13:00-14:00,11
红太阳超市,2019-04-11,14:00-15:00,25
红太阳超市,2019-04-11,15:00-16:00,18
红太阳超市,2019-04-11,16:00-17:00,44
红太阳超市,2019-04-11,17:00-18:00,40
红太阳超市,2019-04-11,18:00-19:00,57
红太阳超市,2019-04-11,19:00-20:00,27
红太阳超市,2019-04-11,20:00-21:00,17
红太阳超市,2019-04-11,21:00-22:00,45
红太阳超市,2019-04-11,22:00-23:00,34
红太阳超市,2019-04-12,07:00-08:00,21
红太阳超市,2019-04-12,08:00-09:00,8
红太阳超市,2019-04-12,09:00-10:00,12
红太阳超市,2019-04-12,10:00-11:00,8
红太阳超市,2019-04-12,11:00-12:00,39
红太阳超市,2019-04-12,12:00-13:00,43
红太阳超市,2019-04-12,13:00-14:00,23
红太阳超市,2019-04-12,14:00-15:00,20
红太阳超市,2019-04-12,15:00-16:00,14
红太阳超市,2019-04-12,16:00-17:00,51
红太阳超市,2019-04-12,17:00-18:00,39
红太阳超市,2019-04-12,18:00-19:00,44
红太阳超市,2019-04-12,19:00-20:00,33
红太阳超市,2019-04-12,20:00-21:00,27
红太阳超市,2019-04-12,21:00-22:00,35
红太阳超市,2019-04-12,22:00-23:00,39
红太阳超市,2019-04-13,07:00-08:00,6
红太阳超市,2019-04-13,08:00-09:00,13
红太阳超市,2019-04-13,09:00-10:00,23
红太阳超市,2019-04-13,10:00-11:00,5
红太阳超市,2019-04-13,11:00-12:00,16
红太阳超市,2019-04-13,12:00-13:00,32
红太阳超市,2019-04-13,13:00-14:00,10
红太阳超市,2019-04-13,14:00-15:00,11
红太阳超市,2019-04-13,15:00-16:00,16
红太阳超市,2019-04-13,16:00-17:00,11
红太阳超市,2019-04-13,17:00-18:00,38
红太阳超市,2019-04-13,18:00-19:00,41
红太阳超市,2019-04-13,19:00-20:00,31
红太阳超市,2019-04-13,20:00-21:00,16
红太阳超市,2019-04-13,21:00-22:00,16
红太阳超市,2019-04-13,22:00-23:00,24
红太阳超市,2019-04-14,07:00-08:00,5
红太阳超市,2019-04-14,08:00-09:00,7
红太阳超市,2019-04-14,09:00-10:00,3
红太阳超市,2019-04-14,10:00-11:00,12
红太阳超市,2019-04-14,11:00-12:00,25
红太阳超市,2019-04-14,12:00-13:00,45
红太阳超市,2019-04-14,13:00-14:00,13
红太阳超市,2019-04-14,14:00-15:00,13
红太阳超市,2019-04-14,15:00-16:00,18
红太阳超市,2019-04-14,16:00-17:00,17
红太阳超市,2019-04-14,17:00-18:00,40
红太阳超市,2019-04-14,18:00-19:00,35
红太阳超市,2019-04-14,19:00-20:00,27
红太阳超市,2019-04-14,20:00-21:00,18
红太阳超市,2019-04-14,21:00-22:00,38
红太阳超市,2019-04-14,22:00-23:00,39
红太阳超市,2019-04-15,07:00-08:00,6
红太阳超市,2019-04-15,08:00-09:00,3
红太阳超市,2019-04-15,09:00-10:00,21
红太阳超市,2019-04-15,10:00-11:00,10
红太阳超市,2019-04-15,11:00-12:00,50
红太阳超市,2019-04-15,12:00-13:00,39
红太阳超市,2019-04-15,13:00-14:00,15
红太阳超市,2019-04-15,14:00-15:00,25
红太阳超市,2019-04-15,15:00-16:00,8
红太阳超市,2019-04-15,16:00-17:00,95
红太阳超市,2019-04-15,17:00-18:00,41
红太阳超市,2019-04-15,18:00-19:00,64
红太阳超市,2019-04-15,19:00-20:00,40
红太阳超市,2019-04-15,20:00-21:00,16
红太阳超市,2019-04-15,21:00-22:00,64
红太阳超市,2019-04-15,22:00-23:00,26
红太阳超市,2019-04-16,07:00-08:00,28
红太阳超市,2019-04-16,08:00-09:00,7
红太阳超市,2019-04-16,09:00-10:00,21
红太阳超市,2019-04-16,10:00-11:00,6
红太阳超市,2019-04-16,11:00-12:00,48
红太阳超市,2019-04-16,12:00-13:00,53
红太阳超市,2019-04-16,13:00-14:00,24
红太阳超市,2019-04-16,14:00-15:00,28
红太阳超市,2019-04-16,15:00-16:00,10
红太阳超市,2019-04-16,16:00-17:00,114
红太阳超市,2019-04-16,17:00-18:00,42
红太阳超市,2019-04-16,18:00-19:00,55
红太阳超市,2019-04-16,19:00-20:00,29
红太阳超市,2019-04-16,20:00-21:00,16
红太阳超市,2019-04-16,21:00-22:00,48
红太阳超市,2019-04-16,22:00-23:00,47
红太阳超市,2019-04-17,07:00-08:00,18
红太阳超市,2019-04-17,08:00-09:00,10
红太阳超市,2019-04-17,09:00-10:00,20
红太阳超市,2019-04-17,10:00-11:00,9
红太阳超市,2019-04-17,11:00-12:00,42
红太阳超市,2019-04-17,12:00-13:00,62
红太阳超市,2019-04-17,13:00-14:00,26
红太阳超市,2019-04-17,14:00-15:00,34
红太阳超市,2019-04-17,15:00-16:00,15
红太阳超市,2019-04-17,16:00-17:00,55
红太阳超市,2019-04-17,17:00-18:00,39
红太阳超市,2019-04-17,18:00-19:00,36
红太阳超市,2019-04-17,19:00-20:00,25
红太阳超市,2019-04-17,20:00-21:00,21
红太阳超市,2019-04-17,21:00-22:00,60
红太阳超市,2019-04-17,22:00-23:00,26
红太阳超市,2019-04-18,07:00-08:00,18
红太阳超市,2019-04-18,08:00-09:00,7
红太阳超市,2019-04-18,09:00-10:00,20
红太阳超市,2019-04-18,10:00-11:00,20
红太阳超市,2019-04-18,11:00-12:00,32
红太阳超市,2019-04-18,12:00-13:00,25
红太阳超市,2019-04-18,13:00-14:00,16
红太阳超市,2019-04-18,14:00-15:00,24
红太阳超市,2019-04-18,15:00-16:00,17
红太阳超市,2019-04-18,16:00-17:00,25
红太阳超市,2019-04-18,17:00-18:00,42
红太阳超市,2019-04-18,18:00-19:00,41
红太阳超市,2019-04-18,19:00-20:00,33
红太阳超市,2019-04-18,20:00-21:00,26
红太阳超市,2019-04-18,21:00-22:00,51
红太阳超市,2019-04-18,22:00-23:00,56
红太阳超市,2019-04-19,07:00-08:00,15
红太阳超市,2019-04-19,08:00-09:00,14
红太阳超市,2019-04-19,09:00-10:00,24
红太阳超市,2019-04-19,10:00-11:00,13
红太阳超市,2019-04-19,11:00-12:00,44
红太阳超市,2019-04-19,12:00-13:00,54
红太阳超市,2019-04-19,13:00-14:00,20
红太阳超市,2019-04-19,14:00-15:00,17
红太阳超市,2019-04-19,15:00-16:00,11
红太阳超市,2019-04-19,16:00-17:00,51
红太阳超市,2019-04-19,17:00-18:00,44
红太阳超市,2019-04-19,18:00-19:00,53
红太阳超市,2019-04-19,19:00-20:00,38
红太阳超市,2019-04-19,20:00-21:00,15
红太阳超市,2019-04-19,21:00-22:00,29
红太阳超市,2019-04-19,22:00-23:00,41
红太阳超市,2019-04-20,07:00-08:00,11
红太阳超市,2019-04-20,08:00-09:00,7
红太阳超市,2019-04-20,09:00-10:00,15
红太阳超市,2019-04-20,10:00-11:00,16
红太阳超市,2019-04-20,11:00-12:00,23
红太阳超市,2019-04-20,12:00-13:00,33
红太阳超市,2019-04-20,13:00-14:00,17
红太阳超市,2019-04-20,14:00-15:00,12
红太阳超市,2019-04-20,15:00-16:00,16
红太阳超市,2019-04-20,16:00-17:00,12
红太阳超市,2019-04-20,17:00-18:00,20
红太阳超市,2019-04-20,18:00-19:00,31
红太阳超市,2019-04-20,19:00-20:00,30
红太阳超市,2019-04-20,20:00-21:00,13
红太阳超市,2019-04-20,21:00-22:00,31
红太阳超市,2019-04-20,22:00-23:00,25
红太阳超市,2019-04-21,07:00-08:00,2
红太阳超市,2019-04-21,08:00-09:00,7
红太阳超市,2019-04-21,09:00-10:00,6
红太阳超市,2019-04-21,10:00-11:00,9
红太阳超市,2019-04-21,11:00-12:00,24
红太阳超市,2019-04-21,12:00-13:00,43
红太阳超市,2019-04-21,13:00-14:00,18
红太阳超市,2019-04-21,14:00-15:00,14
红太阳超市,2019-04-21,15:00-16:00,10
红太阳超市,2019-04-21,16:00-17:00,12
红太阳超市,2019-04-21,17:00-18:00,21
红太阳超市,2019-04-21,18:00-19:00,46
红太阳超市,2019-04-21,19:00-20:00,32
红太阳超市,2019-04-21,20:00-21:00,15
红太阳超市,2019-04-21,21:00-22:00,21
红太阳超市,2019-04-21,22:00-23:00,15
红太阳超市,2019-04-22,07:00-08:00,16
红太阳超市,2019-04-22,08:00-09:00,1
红太阳超市,2019-04-22,09:00-10:00,20
红太阳超市,2019-04-22,10:00-11:00,13
红太阳超市,2019-04-22,11:00-12:00,36
红太阳超市,2019-04-22,12:00-13:00,34
红太阳超市,2019-04-22,13:00-14:00,8
红太阳超市,2019-04-22,14:00-15:00,17
红太阳超市,2019-04-22,15:00-16:00,13
红太阳超市,2019-04-22,16:00-17:00,68
红太阳超市,2019-04-22,17:00-18:00,31
红太阳超市,2019-04-22,18:00-19:00,48
红太阳超市,2019-04-22,19:00-20:00,29
红太阳超市,2019-04-22,20:00-21:00,26
红太阳超市,2019-04-22,21:00-22:00,48
红太阳超市,2019-04-22,22:00-23:00,45
红太阳超市,2019-04-23,07:00-08:00,24
红太阳超市,2019-04-23,08:00-09:00,3
红太阳超市,2019-04-23,09:00-10:00,19
红太阳超市,2019-04-23,10:00-11:00,10
红太阳超市,2019-04-23,11:00-12:00,38
红太阳超市,2019-04-23,12:00-13:00,24
红太阳超市,2019-04-23,13:00-14:00,11
红太阳超市,2019-04-23,14:00-15:00,15
红太阳超市,2019-04-23,15:00-16:00,8
红太阳超市,2019-04-23,16:00-17:00,45
红太阳超市,2019-04-23,17:00-18:00,28
红太阳超市,2019-04-23,18:00-19:00,52
红太阳超市,2019-04-23,19:00-20:00,24
红太阳超市,2019-04-23,20:00-21:00,7
红太阳超市,2019-04-23,21:00-22:00,30
红太阳超市,2019-04-23,22:00-23:00,26
红太阳超市,2019-04-24,07:00-08:00,12
红太阳超市,2019-04-24,08:00-09:00,6
红太阳超市,2019-04-24,09:00-10:00,17
红太阳超市,2019-04-24,10:00-11:00,9
红太阳超市,2019-04-24,11:00-12:00,32
红太阳超市,2019-04-24,12:00-13:00,43
红太阳超市,2019-04-24,13:00-14:00,10
红太阳超市,2019-04-24,14:00-15:00,16
红太阳超市,2019-04-24,15:00-16:00,19
红太阳超市,2019-04-24,16:00-17:00,51
红太阳超市,2019-04-24,17:00-18:00,22
红太阳超市,2019-04-24,18:00-19:00,35
红太阳超市,2019-04-24,19:00-20:00,25
红太阳超市,2019-04-24,20:00-21:00,16
红太阳超市,2019-04-24,21:00-22:00,70
红太阳超市,2019-04-24,22:00-23:00,25
红太阳超市,2019-04-25,07:00-08:00,9
红太阳超市,2019-04-25,08:00-09:00,10
红太阳超市,2019-04-25,09:00-10:00,24
红太阳超市,2019-04-25,10:00-11:00,20
红太阳超市,2019-04-25,11:00-12:00,35
红太阳超市,2019-04-25,12:00-13:00,59
红太阳超市,2019-04-25,13:00-14:00,12
红太阳超市,2019-04-25,14:00-15:00,23
红太阳超市,2019-04-25,15:00-16:00,17
红太阳超市,2019-04-25,16:00-17:00,40
红太阳超市,2019-04-25,17:00-18:00,42
红太阳超市,2019-04-25,18:00-19:00,50
红太阳超市,2019-04-25,19:00-20:00,24
红太阳超市,2019-04-25,20:00-21:00,22
红太阳超市,2019-04-25,21:00-22:00,34
红太阳超市,2019-04-25,22:00-23:00,27
红太阳超市,2019-04-26,07:00-08:00,7
红太阳超市,2019-04-26,08:00-09:00,6
红太阳超市,2019-04-26,09:00-10:00,17
红太阳超市,2019-04-26,10:00-11:00,15
红太阳超市,2019-04-26,11:00-12:00,31
红太阳超市,2019-04-26,12:00-13:00,34
红太阳超市,2019-04-26,13:00-14:00,18
红太阳超市,2019-04-26,14:00-15:00,19
红太阳超市,2019-04-26,15:00-16:00,22
红太阳超市,2019-04-26,16:00-17:00,57
红太阳超市,2019-04-26,17:00-18:00,27
红太阳超市,2019-04-26,18:00-19:00,24
红太阳超市,2019-04-26,19:00-20:00,35
红太阳超市,2019-04-26,20:00-21:00,21
红太阳超市,2019-04-26,21:00-22:00,17
红太阳超市,2019-04-26,22:00-23:00,37
红太阳超市,2019-04-27,07:00-08:00,6
红太阳超市,2019-04-27,08:00-09:00,2
红太阳超市,2019-04-27,09:00-10:00,12
红太阳超市,2019-04-27,10:00-11:00,8
红太阳超市,2019-04-27,11:00-12:00,24
红太阳超市,2019-04-27,12:00-13:00,42
红太阳超市,2019-04-27,13:00-14:00,12
红太阳超市,2019-04-27,14:00-15:00,7
红太阳超市,2019-04-27,15:00-16:00,7
红太阳超市,2019-04-27,16:00-17:00,11
红太阳超市,2019-04-27,17:00-18:00,19
红太阳超市,2019-04-27,18:00-19:00,36
红太阳超市,2019-04-27,19:00-20:00,37
红太阳超市,2019-04-27,20:00-21:00,13
红太阳超市,2019-04-27,21:00-22:00,14
红太阳超市,2019-04-27,22:00-23:00,25
红太阳超市,2019-04-28,07:00-08:00,0
红太阳超市,2019-04-28,08:00-09:00,0
红太阳超市,2019-04-28,09:00-10:00,0
红太阳超市,2019-04-28,10:00-11:00,0
红太阳超市,2019-04-28,11:00-12:00,0
红太阳超市,2019-04-28,12:00-13:00,0
红太阳超市,2019-04-28,13:00-14:00,0
红太阳超市,2019-04-28,14:00-15:00,0
红太阳超市,2019-04-28,15:00-16:00,0
红太阳超市,2019-04-28,16:00-17:00,0
红太阳超市,2019-04-28,17:00-18:00,0
红太阳超市,2019-04-28,18:00-19:00,0
红太阳超市,2019-04-28,19:00-20:00,0
红太阳超市,2019-04-28,20:00-21:00,0
红太阳超市,2019-04-28,21:00-22:00,0
红太阳超市,2019-04-28,22:00-23:00,0
红太阳超市,2019-04-29,07:00-08:00,0
红太阳超市,2019-04-29,08:00-09:00,2
红太阳超市,2019-04-29,09:00-10:00,13
红太阳超市,2019-04-29,10:00-11:00,8
红太阳超市,2019-04-29,11:00-12:00,6
红太阳超市,2019-04-29,12:00-13:00,19
红太阳超市,2019-04-29,13:00-14:00,38
红太阳超市,2019-04-29,14:00-15:00,16
红太阳超市,2019-04-29,15:00-16:00,13
红太阳超市,2019-04-29,16:00-17:00,14
红太阳超市,2019-04-29,17:00-18:00,6
红太阳超市,2019-04-29,18:00-19:00,26
红太阳超市,2019-04-29,19:00-20:00,52
红太阳超市,2019-04-29,20:00-21:00,35
红太阳超市,2019-04-29,21:00-22:00,24
红太阳超市,2019-04-29,22:00-23:00,26
红太阳超市,2019-04-30,07:00-08:00,0
红太阳超市,2019-04-30,08:00-09:00,3
红太阳超市,2019-04-30,09:00-10:00,23
红太阳超市,2019-04-30,10:00-11:00,5
红太阳超市,2019-04-30,11:00-12:00,11
红太阳超市,2019-04-30,12:00-13:00,38
红太阳超市,2019-04-30,13:00-14:00,40
红太阳超市,2019-04-30,14:00-15:00,8
红太阳超市,2019-04-30,15:00-16:00,23
红太阳超市,2019-04-30,16:00-17:00,19
红太阳超市,2019-04-30,17:00-18:00,13
红太阳超市,2019-04-30,18:00-19:00,42
红太阳超市,2019-04-30,19:00-20:00,63
红太阳超市,2019-04-30,20:00-21:00,46
红太阳超市,2019-04-30,21:00-22:00,18
红太阳超市,2019-04-30,22:00-23:00,32
