消费地点,日期,时间段,消费总金额
人文社科,2019-04-01,00:00-01:00,0.0
人文社科,2019-04-01,01:00-02:00,0.0
人文社科,2019-04-01,02:00-03:00,0.0
人文社科,2019-04-01,03:00-04:00,0.0
人文社科,2019-04-01,04:00-05:00,0.0
人文社科,2019-04-01,05:00-06:00,0.0
人文社科,2019-04-01,06:00-07:00,0.0
人文社科,2019-04-01,07:00-08:00,0.0
人文社科,2019-04-01,08:00-09:00,0.0
人文社科,2019-04-01,09:00-10:00,0.0
人文社科,2019-04-01,10:00-11:00,0.0
人文社科,2019-04-01,11:00-12:00,0.0
人文社科,2019-04-01,12:00-13:00,0.0
人文社科,2019-04-01,13:00-14:00,0.0
人文社科,2019-04-01,14:00-15:00,0.0
人文社科,2019-04-01,15:00-16:00,0.0
人文社科,2019-04-01,16:00-17:00,0.0
人文社科,2019-04-01,17:00-18:00,0.0
人文社科,2019-04-01,18:00-19:00,0.0
人文社科,2019-04-01,19:00-20:00,0.0
人文社科,2019-04-01,20:00-21:00,0.0
人文社科,2019-04-01,21:00-22:00,0.0
人文社科,2019-04-01,22:00-23:00,0.0
人文社科,2019-04-01,23:00-24:00,0.0
人文社科,2019-04-02,00:00-01:00,0.0
人文社科,2019-04-02,01:00-02:00,0.0
人文社科,2019-04-02,02:00-03:00,0.0
人文社科,2019-04-02,03:00-04:00,0.0
人文社科,2019-04-02,04:00-05:00,0.0
人文社科,2019-04-02,05:00-06:00,0.0
人文社科,2019-04-02,06:00-07:00,0.0
人文社科,2019-04-02,07:00-08:00,0.0
人文社科,2019-04-02,08:00-09:00,0.0
人文社科,2019-04-02,09:00-10:00,0.0
人文社科,2019-04-02,10:00-11:00,0.0
人文社科,2019-04-02,11:00-12:00,0.0
人文社科,2019-04-02,12:00-13:00,0.0
人文社科,2019-04-02,13:00-14:00,0.0
人文社科,2019-04-02,14:00-15:00,0.0
人文社科,2019-04-02,15:00-16:00,0.0
人文社科,2019-04-02,16:00-17:00,0.0
人文社科,2019-04-02,17:00-18:00,0.0
人文社科,2019-04-02,18:00-19:00,0.0
人文社科,2019-04-02,19:00-20:00,0.0
人文社科,2019-04-02,20:00-21:00,0.0
人文社科,2019-04-02,21:00-22:00,0.0
人文社科,2019-04-02,22:00-23:00,0.0
人文社科,2019-04-02,23:00-24:00,0.0
人文社科,2019-04-03,00:00-01:00,0.0
人文社科,2019-04-03,01:00-02:00,0.0
人文社科,2019-04-03,02:00-03:00,0.0
人文社科,2019-04-03,03:00-04:00,0.0
人文社科,2019-04-03,04:00-05:00,0.0
人文社科,2019-04-03,05:00-06:00,0.0
人文社科,2019-04-03,06:00-07:00,0.0
人文社科,2019-04-03,07:00-08:00,0.0
人文社科,2019-04-03,08:00-09:00,0.0
人文社科,2019-04-03,09:00-10:00,0.0
人文社科,2019-04-03,10:00-11:00,0.0
人文社科,2019-04-03,11:00-12:00,0.0
人文社科,2019-04-03,12:00-13:00,0.0
人文社科,2019-04-03,13:00-14:00,0.0
人文社科,2019-04-03,14:00-15:00,0.0
人文社科,2019-04-03,15:00-16:00,0.0
人文社科,2019-04-03,16:00-17:00,0.0
人文社科,2019-04-03,17:00-18:00,0.0
人文社科,2019-04-03,18:00-19:00,0.0
人文社科,2019-04-03,19:00-20:00,0.0
人文社科,2019-04-03,20:00-21:00,0.0
人文社科,2019-04-03,21:00-22:00,0.0
人文社科,2019-04-03,22:00-23:00,0.0
人文社科,2019-04-03,23:00-24:00,0.0
人文社科,2019-04-04,00:00-01:00,0.0
人文社科,2019-04-04,01:00-02:00,0.0
人文社科,2019-04-04,02:00-03:00,0.0
人文社科,2019-04-04,03:00-04:00,0.0
人文社科,2019-04-04,04:00-05:00,0.0
人文社科,2019-04-04,05:00-06:00,0.0
人文社科,2019-04-04,06:00-07:00,0.0
人文社科,2019-04-04,07:00-08:00,0.0
人文社科,2019-04-04,08:00-09:00,0.0
人文社科,2019-04-04,09:00-10:00,0.0
人文社科,2019-04-04,10:00-11:00,0.0
人文社科,2019-04-04,11:00-12:00,0.0
人文社科,2019-04-04,12:00-13:00,0.0
人文社科,2019-04-04,13:00-14:00,0.0
人文社科,2019-04-04,14:00-15:00,0.0
人文社科,2019-04-04,15:00-16:00,0.0
人文社科,2019-04-04,16:00-17:00,0.0
人文社科,2019-04-04,17:00-18:00,0.0
人文社科,2019-04-04,18:00-19:00,0.0
人文社科,2019-04-04,19:00-20:00,0.0
人文社科,2019-04-04,20:00-21:00,0.0
人文社科,2019-04-04,21:00-22:00,0.0
人文社科,2019-04-04,22:00-23:00,0.0
人文社科,2019-04-04,23:00-24:00,0.0
人文社科,2019-04-05,00:00-01:00,0.0
人文社科,2019-04-05,01:00-02:00,0.0
人文社科,2019-04-05,02:00-03:00,0.0
人文社科,2019-04-05,03:00-04:00,0.0
人文社科,2019-04-05,04:00-05:00,0.0
人文社科,2019-04-05,05:00-06:00,0.0
人文社科,2019-04-05,06:00-07:00,0.0
人文社科,2019-04-05,07:00-08:00,0.0
人文社科,2019-04-05,08:00-09:00,0.0
人文社科,2019-04-05,09:00-10:00,0.0
人文社科,2019-04-05,10:00-11:00,0.0
人文社科,2019-04-05,11:00-12:00,0.0
人文社科,2019-04-05,12:00-13:00,0.0
人文社科,2019-04-05,13:00-14:00,0.0
人文社科,2019-04-05,14:00-15:00,0.0
人文社科,2019-04-05,15:00-16:00,0.0
人文社科,2019-04-05,16:00-17:00,0.0
人文社科,2019-04-05,17:00-18:00,0.0
人文社科,2019-04-05,18:00-19:00,0.0
人文社科,2019-04-05,19:00-20:00,0.0
人文社科,2019-04-05,20:00-21:00,0.0
人文社科,2019-04-05,21:00-22:00,0.0
人文社科,2019-04-05,22:00-23:00,0.0
人文社科,2019-04-05,23:00-24:00,0.0
人文社科,2019-04-06,00:00-01:00,0.0
人文社科,2019-04-06,01:00-02:00,0.0
人文社科,2019-04-06,02:00-03:00,0.0
人文社科,2019-04-06,03:00-04:00,0.0
人文社科,2019-04-06,04:00-05:00,0.0
人文社科,2019-04-06,05:00-06:00,0.0
人文社科,2019-04-06,06:00-07:00,0.0
人文社科,2019-04-06,07:00-08:00,0.0
人文社科,2019-04-06,08:00-09:00,0.0
人文社科,2019-04-06,09:00-10:00,0.0
人文社科,2019-04-06,10:00-11:00,0.0
人文社科,2019-04-06,11:00-12:00,0.0
人文社科,2019-04-06,12:00-13:00,0.0
人文社科,2019-04-06,13:00-14:00,0.0
人文社科,2019-04-06,14:00-15:00,0.0
人文社科,2019-04-06,15:00-16:00,0.0
人文社科,2019-04-06,16:00-17:00,0.0
人文社科,2019-04-06,17:00-18:00,0.0
人文社科,2019-04-06,18:00-19:00,0.0
人文社科,2019-04-06,19:00-20:00,0.0
人文社科,2019-04-06,20:00-21:00,0.0
人文社科,2019-04-06,21:00-22:00,0.0
人文社科,2019-04-06,22:00-23:00,0.0
人文社科,2019-04-06,23:00-24:00,0.0
人文社科,2019-04-07,00:00-01:00,0.0
人文社科,2019-04-07,01:00-02:00,0.0
人文社科,2019-04-07,02:00-03:00,0.0
人文社科,2019-04-07,03:00-04:00,0.0
人文社科,2019-04-07,04:00-05:00,0.0
人文社科,2019-04-07,05:00-06:00,0.0
人文社科,2019-04-07,06:00-07:00,0.0
人文社科,2019-04-07,07:00-08:00,0.0
人文社科,2019-04-07,08:00-09:00,0.0
人文社科,2019-04-07,09:00-10:00,0.0
人文社科,2019-04-07,10:00-11:00,0.0
人文社科,2019-04-07,11:00-12:00,0.0
人文社科,2019-04-07,12:00-13:00,0.0
人文社科,2019-04-07,13:00-14:00,0.0
人文社科,2019-04-07,14:00-15:00,0.0
人文社科,2019-04-07,15:00-16:00,0.0
人文社科,2019-04-07,16:00-17:00,0.0
人文社科,2019-04-07,17:00-18:00,0.0
人文社科,2019-04-07,18:00-19:00,0.0
人文社科,2019-04-07,19:00-20:00,0.0
人文社科,2019-04-07,20:00-21:00,0.0
人文社科,2019-04-07,21:00-22:00,0.0
人文社科,2019-04-07,22:00-23:00,0.0
人文社科,2019-04-07,23:00-24:00,0.0
人文社科,2019-04-08,00:00-01:00,0.0
人文社科,2019-04-08,01:00-02:00,0.0
人文社科,2019-04-08,02:00-03:00,0.0
人文社科,2019-04-08,03:00-04:00,0.0
人文社科,2019-04-08,04:00-05:00,0.0
人文社科,2019-04-08,05:00-06:00,0.0
人文社科,2019-04-08,06:00-07:00,0.0
人文社科,2019-04-08,07:00-08:00,0.0
人文社科,2019-04-08,08:00-09:00,0.0
人文社科,2019-04-08,09:00-10:00,0.0
人文社科,2019-04-08,10:00-11:00,0.0
人文社科,2019-04-08,11:00-12:00,0.0
人文社科,2019-04-08,12:00-13:00,0.0
人文社科,2019-04-08,13:00-14:00,0.0
人文社科,2019-04-08,14:00-15:00,0.0
人文社科,2019-04-08,15:00-16:00,0.0
人文社科,2019-04-08,16:00-17:00,0.0
人文社科,2019-04-08,17:00-18:00,0.0
人文社科,2019-04-08,18:00-19:00,0.0
人文社科,2019-04-08,19:00-20:00,0.0
人文社科,2019-04-08,20:00-21:00,0.0
人文社科,2019-04-08,21:00-22:00,0.0
人文社科,2019-04-08,22:00-23:00,0.0
人文社科,2019-04-08,23:00-24:00,0.0
人文社科,2019-04-09,00:00-01:00,0.0
人文社科,2019-04-09,01:00-02:00,0.0
人文社科,2019-04-09,02:00-03:00,0.0
人文社科,2019-04-09,03:00-04:00,0.0
人文社科,2019-04-09,04:00-05:00,0.0
人文社科,2019-04-09,05:00-06:00,0.0
人文社科,2019-04-09,06:00-07:00,0.0
人文社科,2019-04-09,07:00-08:00,0.0
人文社科,2019-04-09,08:00-09:00,0.0
人文社科,2019-04-09,09:00-10:00,0.0
人文社科,2019-04-09,10:00-11:00,0.0
人文社科,2019-04-09,11:00-12:00,0.0
人文社科,2019-04-09,12:00-13:00,0.0
人文社科,2019-04-09,13:00-14:00,0.0
人文社科,2019-04-09,14:00-15:00,0.0
人文社科,2019-04-09,15:00-16:00,0.0
人文社科,2019-04-09,16:00-17:00,0.0
人文社科,2019-04-09,17:00-18:00,0.0
人文社科,2019-04-09,18:00-19:00,0.0
人文社科,2019-04-09,19:00-20:00,0.0
人文社科,2019-04-09,20:00-21:00,0.0
人文社科,2019-04-09,21:00-22:00,0.0
人文社科,2019-04-09,22:00-23:00,0.0
人文社科,2019-04-09,23:00-24:00,0.0
人文社科,2019-04-10,00:00-01:00,0.0
人文社科,2019-04-10,01:00-02:00,0.0
人文社科,2019-04-10,02:00-03:00,0.0
人文社科,2019-04-10,03:00-04:00,0.0
人文社科,2019-04-10,04:00-05:00,0.0
人文社科,2019-04-10,05:00-06:00,0.0
人文社科,2019-04-10,06:00-07:00,0.0
人文社科,2019-04-10,07:00-08:00,0.0
人文社科,2019-04-10,08:00-09:00,0.0
人文社科,2019-04-10,09:00-10:00,0.0
人文社科,2019-04-10,10:00-11:00,0.0
人文社科,2019-04-10,11:00-12:00,0.0
人文社科,2019-04-10,12:00-13:00,0.0
人文社科,2019-04-10,13:00-14:00,0.0
人文社科,2019-04-10,14:00-15:00,0.0
人文社科,2019-04-10,15:00-16:00,0.0
人文社科,2019-04-10,16:00-17:00,0.0
人文社科,2019-04-10,17:00-18:00,0.0
人文社科,2019-04-10,18:00-19:00,0.0
人文社科,2019-04-10,19:00-20:00,0.0
人文社科,2019-04-10,20:00-21:00,0.0
人文社科,2019-04-10,21:00-22:00,0.0
人文社科,2019-04-10,22:00-23:00,0.0
人文社科,2019-04-10,23:00-24:00,0.0
人文社科,2019-04-11,00:00-01:00,0.0
人文社科,2019-04-11,01:00-02:00,0.0
人文社科,2019-04-11,02:00-03:00,0.0
人文社科,2019-04-11,03:00-04:00,0.0
人文社科,2019-04-11,04:00-05:00,0.0
人文社科,2019-04-11,05:00-06:00,0.0
人文社科,2019-04-11,06:00-07:00,0.0
人文社科,2019-04-11,07:00-08:00,0.0
人文社科,2019-04-11,08:00-09:00,0.0
人文社科,2019-04-11,09:00-10:00,0.0
人文社科,2019-04-11,10:00-11:00,0.0
人文社科,2019-04-11,11:00-12:00,0.0
人文社科,2019-04-11,12:00-13:00,0.0
人文社科,2019-04-11,13:00-14:00,0.0
人文社科,2019-04-11,14:00-15:00,0.0
人文社科,2019-04-11,15:00-16:00,0.0
人文社科,2019-04-11,16:00-17:00,0.0
人文社科,2019-04-11,17:00-18:00,0.0
人文社科,2019-04-11,18:00-19:00,0.0
人文社科,2019-04-11,19:00-20:00,0.0
人文社科,2019-04-11,20:00-21:00,0.0
人文社科,2019-04-11,21:00-22:00,0.0
人文社科,2019-04-11,22:00-23:00,0.0
人文社科,2019-04-11,23:00-24:00,0.0
人文社科,2019-04-12,00:00-01:00,0.0
人文社科,2019-04-12,01:00-02:00,0.0
人文社科,2019-04-12,02:00-03:00,0.0
人文社科,2019-04-12,03:00-04:00,0.0
人文社科,2019-04-12,04:00-05:00,0.0
人文社科,2019-04-12,05:00-06:00,0.0
人文社科,2019-04-12,06:00-07:00,0.0
人文社科,2019-04-12,07:00-08:00,0.0
人文社科,2019-04-12,08:00-09:00,0.0
人文社科,2019-04-12,09:00-10:00,0.0
人文社科,2019-04-12,10:00-11:00,0.0
人文社科,2019-04-12,11:00-12:00,0.0
人文社科,2019-04-12,12:00-13:00,0.0
人文社科,2019-04-12,13:00-14:00,0.0
人文社科,2019-04-12,14:00-15:00,0.0
人文社科,2019-04-12,15:00-16:00,0.0
人文社科,2019-04-12,16:00-17:00,0.0
人文社科,2019-04-12,17:00-18:00,0.0
人文社科,2019-04-12,18:00-19:00,0.0
人文社科,2019-04-12,19:00-20:00,0.0
人文社科,2019-04-12,20:00-21:00,0.0
人文社科,2019-04-12,21:00-22:00,0.0
人文社科,2019-04-12,22:00-23:00,0.0
人文社科,2019-04-12,23:00-24:00,0.0
人文社科,2019-04-13,00:00-01:00,0.0
人文社科,2019-04-13,01:00-02:00,0.0
人文社科,2019-04-13,02:00-03:00,0.0
人文社科,2019-04-13,03:00-04:00,0.0
人文社科,2019-04-13,04:00-05:00,0.0
人文社科,2019-04-13,05:00-06:00,0.0
人文社科,2019-04-13,06:00-07:00,0.0
人文社科,2019-04-13,07:00-08:00,0.0
人文社科,2019-04-13,08:00-09:00,0.0
人文社科,2019-04-13,09:00-10:00,0.0
人文社科,2019-04-13,10:00-11:00,0.0
人文社科,2019-04-13,11:00-12:00,0.0
人文社科,2019-04-13,12:00-13:00,0.0
人文社科,2019-04-13,13:00-14:00,0.0
人文社科,2019-04-13,14:00-15:00,0.0
人文社科,2019-04-13,15:00-16:00,0.0
人文社科,2019-04-13,16:00-17:00,0.0
人文社科,2019-04-13,17:00-18:00,0.0
人文社科,2019-04-13,18:00-19:00,0.0
人文社科,2019-04-13,19:00-20:00,0.0
人文社科,2019-04-13,20:00-21:00,0.0
人文社科,2019-04-13,21:00-22:00,0.0
人文社科,2019-04-13,22:00-23:00,0.0
人文社科,2019-04-13,23:00-24:00,0.0
人文社科,2019-04-14,00:00-01:00,0.0
人文社科,2019-04-14,01:00-02:00,0.0
人文社科,2019-04-14,02:00-03:00,0.0
人文社科,2019-04-14,03:00-04:00,0.0
人文社科,2019-04-14,04:00-05:00,0.0
人文社科,2019-04-14,05:00-06:00,0.0
人文社科,2019-04-14,06:00-07:00,0.0
人文社科,2019-04-14,07:00-08:00,0.0
人文社科,2019-04-14,08:00-09:00,0.0
人文社科,2019-04-14,09:00-10:00,0.0
人文社科,2019-04-14,10:00-11:00,0.0
人文社科,2019-04-14,11:00-12:00,0.0
人文社科,2019-04-14,12:00-13:00,0.0
人文社科,2019-04-14,13:00-14:00,0.0
人文社科,2019-04-14,14:00-15:00,0.0
人文社科,2019-04-14,15:00-16:00,0.0
人文社科,2019-04-14,16:00-17:00,0.0
人文社科,2019-04-14,17:00-18:00,0.0
人文社科,2019-04-14,18:00-19:00,0.0
人文社科,2019-04-14,19:00-20:00,0.0
人文社科,2019-04-14,20:00-21:00,0.0
人文社科,2019-04-14,21:00-22:00,0.0
人文社科,2019-04-14,22:00-23:00,0.0
人文社科,2019-04-14,23:00-24:00,0.0
人文社科,2019-04-15,00:00-01:00,0.0
人文社科,2019-04-15,01:00-02:00,0.0
人文社科,2019-04-15,02:00-03:00,0.0
人文社科,2019-04-15,03:00-04:00,0.0
人文社科,2019-04-15,04:00-05:00,0.0
人文社科,2019-04-15,05:00-06:00,0.0
人文社科,2019-04-15,06:00-07:00,0.0
人文社科,2019-04-15,07:00-08:00,0.0
人文社科,2019-04-15,08:00-09:00,0.0
人文社科,2019-04-15,09:00-10:00,0.0
人文社科,2019-04-15,10:00-11:00,0.0
人文社科,2019-04-15,11:00-12:00,0.0
人文社科,2019-04-15,12:00-13:00,0.0
人文社科,2019-04-15,13:00-14:00,0.0
人文社科,2019-04-15,14:00-15:00,0.0
人文社科,2019-04-15,15:00-16:00,0.0
人文社科,2019-04-15,16:00-17:00,0.0
人文社科,2019-04-15,17:00-18:00,0.0
人文社科,2019-04-15,18:00-19:00,0.0
人文社科,2019-04-15,19:00-20:00,0.0
人文社科,2019-04-15,20:00-21:00,0.0
人文社科,2019-04-15,21:00-22:00,0.0
人文社科,2019-04-15,22:00-23:00,0.0
人文社科,2019-04-15,23:00-24:00,0.0
人文社科,2019-04-16,00:00-01:00,0.0
人文社科,2019-04-16,01:00-02:00,0.0
人文社科,2019-04-16,02:00-03:00,0.0
人文社科,2019-04-16,03:00-04:00,0.0
人文社科,2019-04-16,04:00-05:00,0.0
人文社科,2019-04-16,05:00-06:00,0.0
人文社科,2019-04-16,06:00-07:00,0.0
人文社科,2019-04-16,07:00-08:00,0.0
人文社科,2019-04-16,08:00-09:00,0.0
人文社科,2019-04-16,09:00-10:00,0.0
人文社科,2019-04-16,10:00-11:00,0.0
人文社科,2019-04-16,11:00-12:00,0.0
人文社科,2019-04-16,12:00-13:00,0.0
人文社科,2019-04-16,13:00-14:00,0.0
人文社科,2019-04-16,14:00-15:00,0.0
人文社科,2019-04-16,15:00-16:00,0.0
人文社科,2019-04-16,16:00-17:00,0.0
人文社科,2019-04-16,17:00-18:00,0.0
人文社科,2019-04-16,18:00-19:00,0.0
人文社科,2019-04-16,19:00-20:00,0.0
人文社科,2019-04-16,20:00-21:00,0.0
人文社科,2019-04-16,21:00-22:00,0.0
人文社科,2019-04-16,22:00-23:00,0.0
人文社科,2019-04-16,23:00-24:00,0.0
人文社科,2019-04-17,00:00-01:00,0.0
人文社科,2019-04-17,01:00-02:00,0.0
人文社科,2019-04-17,02:00-03:00,0.0
人文社科,2019-04-17,03:00-04:00,0.0
人文社科,2019-04-17,04:00-05:00,0.0
人文社科,2019-04-17,05:00-06:00,0.0
人文社科,2019-04-17,06:00-07:00,0.0
人文社科,2019-04-17,07:00-08:00,0.0
人文社科,2019-04-17,08:00-09:00,0.0
人文社科,2019-04-17,09:00-10:00,0.0
人文社科,2019-04-17,10:00-11:00,0.0
人文社科,2019-04-17,11:00-12:00,0.0
人文社科,2019-04-17,12:00-13:00,0.0
人文社科,2019-04-17,13:00-14:00,0.0
人文社科,2019-04-17,14:00-15:00,0.0
人文社科,2019-04-17,15:00-16:00,0.0
人文社科,2019-04-17,16:00-17:00,0.0
人文社科,2019-04-17,17:00-18:00,0.0
人文社科,2019-04-17,18:00-19:00,0.0
人文社科,2019-04-17,19:00-20:00,0.0
人文社科,2019-04-17,20:00-21:00,0.0
人文社科,2019-04-17,21:00-22:00,0.0
人文社科,2019-04-17,22:00-23:00,0.0
人文社科,2019-04-17,23:00-24:00,0.0
人文社科,2019-04-18,00:00-01:00,0.0
人文社科,2019-04-18,01:00-02:00,0.0
人文社科,2019-04-18,02:00-03:00,0.0
人文社科,2019-04-18,03:00-04:00,0.0
人文社科,2019-04-18,04:00-05:00,0.0
人文社科,2019-04-18,05:00-06:00,0.0
人文社科,2019-04-18,06:00-07:00,0.0
人文社科,2019-04-18,07:00-08:00,0.0
人文社科,2019-04-18,08:00-09:00,0.0
人文社科,2019-04-18,09:00-10:00,0.0
人文社科,2019-04-18,10:00-11:00,0.0
人文社科,2019-04-18,11:00-12:00,0.0
人文社科,2019-04-18,12:00-13:00,0.0
人文社科,2019-04-18,13:00-14:00,0.0
人文社科,2019-04-18,14:00-15:00,0.0
人文社科,2019-04-18,15:00-16:00,0.0
人文社科,2019-04-18,16:00-17:00,0.0
人文社科,2019-04-18,17:00-18:00,0.0
人文社科,2019-04-18,18:00-19:00,0.0
人文社科,2019-04-18,19:00-20:00,0.0
人文社科,2019-04-18,20:00-21:00,0.0
人文社科,2019-04-18,21:00-22:00,0.0
人文社科,2019-04-18,22:00-23:00,0.0
人文社科,2019-04-18,23:00-24:00,0.0
人文社科,2019-04-19,00:00-01:00,0.0
人文社科,2019-04-19,01:00-02:00,0.0
人文社科,2019-04-19,02:00-03:00,0.0
人文社科,2019-04-19,03:00-04:00,0.0
人文社科,2019-04-19,04:00-05:00,0.0
人文社科,2019-04-19,05:00-06:00,0.0
人文社科,2019-04-19,06:00-07:00,0.0
人文社科,2019-04-19,07:00-08:00,0.0
人文社科,2019-04-19,08:00-09:00,0.0
人文社科,2019-04-19,09:00-10:00,0.0
人文社科,2019-04-19,10:00-11:00,0.0
人文社科,2019-04-19,11:00-12:00,0.0
人文社科,2019-04-19,12:00-13:00,0.0
人文社科,2019-04-19,13:00-14:00,0.0
人文社科,2019-04-19,14:00-15:00,0.0
人文社科,2019-04-19,15:00-16:00,0.0
人文社科,2019-04-19,16:00-17:00,0.0
人文社科,2019-04-19,17:00-18:00,0.0
人文社科,2019-04-19,18:00-19:00,0.0
人文社科,2019-04-19,19:00-20:00,0.0
人文社科,2019-04-19,20:00-21:00,0.0
人文社科,2019-04-19,21:00-22:00,0.0
人文社科,2019-04-19,22:00-23:00,0.0
人文社科,2019-04-19,23:00-24:00,0.0
人文社科,2019-04-20,00:00-01:00,0.0
人文社科,2019-04-20,01:00-02:00,0.0
人文社科,2019-04-20,02:00-03:00,0.0
人文社科,2019-04-20,03:00-04:00,0.0
人文社科,2019-04-20,04:00-05:00,0.0
人文社科,2019-04-20,05:00-06:00,0.0
人文社科,2019-04-20,06:00-07:00,0.0
人文社科,2019-04-20,07:00-08:00,0.0
人文社科,2019-04-20,08:00-09:00,0.0
人文社科,2019-04-20,09:00-10:00,0.0
人文社科,2019-04-20,10:00-11:00,0.0
人文社科,2019-04-20,11:00-12:00,0.0
人文社科,2019-04-20,12:00-13:00,0.0
人文社科,2019-04-20,13:00-14:00,0.0
人文社科,2019-04-20,14:00-15:00,0.0
人文社科,2019-04-20,15:00-16:00,0.0
人文社科,2019-04-20,16:00-17:00,0.0
人文社科,2019-04-20,17:00-18:00,0.0
人文社科,2019-04-20,18:00-19:00,0.0
人文社科,2019-04-20,19:00-20:00,0.0
人文社科,2019-04-20,20:00-21:00,0.0
人文社科,2019-04-20,21:00-22:00,0.0
人文社科,2019-04-20,22:00-23:00,0.0
人文社科,2019-04-20,23:00-24:00,0.0
人文社科,2019-04-21,00:00-01:00,0.0
人文社科,2019-04-21,01:00-02:00,0.0
人文社科,2019-04-21,02:00-03:00,0.0
人文社科,2019-04-21,03:00-04:00,0.0
人文社科,2019-04-21,04:00-05:00,0.0
人文社科,2019-04-21,05:00-06:00,0.0
人文社科,2019-04-21,06:00-07:00,0.0
人文社科,2019-04-21,07:00-08:00,0.0
人文社科,2019-04-21,08:00-09:00,0.0
人文社科,2019-04-21,09:00-10:00,0.0
人文社科,2019-04-21,10:00-11:00,0.0
人文社科,2019-04-21,11:00-12:00,0.0
人文社科,2019-04-21,12:00-13:00,0.0
人文社科,2019-04-21,13:00-14:00,0.0
人文社科,2019-04-21,14:00-15:00,0.0
人文社科,2019-04-21,15:00-16:00,0.0
人文社科,2019-04-21,16:00-17:00,0.0
人文社科,2019-04-21,17:00-18:00,0.0
人文社科,2019-04-21,18:00-19:00,0.0
人文社科,2019-04-21,19:00-20:00,0.0
人文社科,2019-04-21,20:00-21:00,0.0
人文社科,2019-04-21,21:00-22:00,0.0
人文社科,2019-04-21,22:00-23:00,0.0
人文社科,2019-04-21,23:00-24:00,0.0
人文社科,2019-04-22,00:00-01:00,0.0
人文社科,2019-04-22,01:00-02:00,0.0
人文社科,2019-04-22,02:00-03:00,0.0
人文社科,2019-04-22,03:00-04:00,0.0
人文社科,2019-04-22,04:00-05:00,0.0
人文社科,2019-04-22,05:00-06:00,0.0
人文社科,2019-04-22,06:00-07:00,0.0
人文社科,2019-04-22,07:00-08:00,0.0
人文社科,2019-04-22,08:00-09:00,0.0
人文社科,2019-04-22,09:00-10:00,0.0
人文社科,2019-04-22,10:00-11:00,0.0
人文社科,2019-04-22,11:00-12:00,0.0
人文社科,2019-04-22,12:00-13:00,0.0
人文社科,2019-04-22,13:00-14:00,0.0
人文社科,2019-04-22,14:00-15:00,0.0
人文社科,2019-04-22,15:00-16:00,0.0
人文社科,2019-04-22,16:00-17:00,0.0
人文社科,2019-04-22,17:00-18:00,0.0
人文社科,2019-04-22,18:00-19:00,0.0
人文社科,2019-04-22,19:00-20:00,0.0
人文社科,2019-04-22,20:00-21:00,0.0
人文社科,2019-04-22,21:00-22:00,0.0
人文社科,2019-04-22,22:00-23:00,0.0
人文社科,2019-04-22,23:00-24:00,0.0
人文社科,2019-04-23,00:00-01:00,0.0
人文社科,2019-04-23,01:00-02:00,0.0
人文社科,2019-04-23,02:00-03:00,0.0
人文社科,2019-04-23,03:00-04:00,0.0
人文社科,2019-04-23,04:00-05:00,0.0
人文社科,2019-04-23,05:00-06:00,0.0
人文社科,2019-04-23,06:00-07:00,0.0
人文社科,2019-04-23,07:00-08:00,0.0
人文社科,2019-04-23,08:00-09:00,0.0
人文社科,2019-04-23,09:00-10:00,0.0
人文社科,2019-04-23,10:00-11:00,0.0
人文社科,2019-04-23,11:00-12:00,0.0
人文社科,2019-04-23,12:00-13:00,0.0
人文社科,2019-04-23,13:00-14:00,0.0
人文社科,2019-04-23,14:00-15:00,0.0
人文社科,2019-04-23,15:00-16:00,0.0
人文社科,2019-04-23,16:00-17:00,0.0
人文社科,2019-04-23,17:00-18:00,0.0
人文社科,2019-04-23,18:00-19:00,0.0
人文社科,2019-04-23,19:00-20:00,0.0
人文社科,2019-04-23,20:00-21:00,0.0
人文社科,2019-04-23,21:00-22:00,0.0
人文社科,2019-04-23,22:00-23:00,0.0
人文社科,2019-04-23,23:00-24:00,0.0
人文社科,2019-04-24,00:00-01:00,0.0
人文社科,2019-04-24,01:00-02:00,0.0
人文社科,2019-04-24,02:00-03:00,0.0
人文社科,2019-04-24,03:00-04:00,0.0
人文社科,2019-04-24,04:00-05:00,0.0
人文社科,2019-04-24,05:00-06:00,0.0
人文社科,2019-04-24,06:00-07:00,0.0
人文社科,2019-04-24,07:00-08:00,45.0
人文社科,2019-04-24,08:00-09:00,10.0
人文社科,2019-04-24,09:00-10:00,0.0
人文社科,2019-04-24,10:00-11:00,0.0
人文社科,2019-04-24,11:00-12:00,0.0
人文社科,2019-04-24,12:00-13:00,0.0
人文社科,2019-04-24,13:00-14:00,0.0
人文社科,2019-04-24,14:00-15:00,0.0
人文社科,2019-04-24,15:00-16:00,0.0
人文社科,2019-04-24,16:00-17:00,0.0
人文社科,2019-04-24,17:00-18:00,0.0
人文社科,2019-04-24,18:00-19:00,0.0
人文社科,2019-04-24,19:00-20:00,0.0
人文社科,2019-04-24,20:00-21:00,0.0
人文社科,2019-04-24,21:00-22:00,0.0
人文社科,2019-04-24,22:00-23:00,0.0
人文社科,2019-04-24,23:00-24:00,0.0
人文社科,2019-04-25,00:00-01:00,0.0
人文社科,2019-04-25,01:00-02:00,0.0
人文社科,2019-04-25,02:00-03:00,0.0
人文社科,2019-04-25,03:00-04:00,0.0
人文社科,2019-04-25,04:00-05:00,0.0
人文社科,2019-04-25,05:00-06:00,0.0
人文社科,2019-04-25,06:00-07:00,0.0
人文社科,2019-04-25,07:00-08:00,0.0
人文社科,2019-04-25,08:00-09:00,0.0
人文社科,2019-04-25,09:00-10:00,0.0
人文社科,2019-04-25,10:00-11:00,0.0
人文社科,2019-04-25,11:00-12:00,0.0
人文社科,2019-04-25,12:00-13:00,0.0
人文社科,2019-04-25,13:00-14:00,0.0
人文社科,2019-04-25,14:00-15:00,0.0
人文社科,2019-04-25,15:00-16:00,0.0
人文社科,2019-04-25,16:00-17:00,0.0
人文社科,2019-04-25,17:00-18:00,0.0
人文社科,2019-04-25,18:00-19:00,0.0
人文社科,2019-04-25,19:00-20:00,0.0
人文社科,2019-04-25,20:00-21:00,0.0
人文社科,2019-04-25,21:00-22:00,0.0
人文社科,2019-04-25,22:00-23:00,0.0
人文社科,2019-04-25,23:00-24:00,0.0
人文社科,2019-04-26,00:00-01:00,0.0
人文社科,2019-04-26,01:00-02:00,0.0
人文社科,2019-04-26,02:00-03:00,0.0
人文社科,2019-04-26,03:00-04:00,0.0
人文社科,2019-04-26,04:00-05:00,0.0
人文社科,2019-04-26,05:00-06:00,0.0
人文社科,2019-04-26,06:00-07:00,0.0
人文社科,2019-04-26,07:00-08:00,0.0
人文社科,2019-04-26,08:00-09:00,0.0
人文社科,2019-04-26,09:00-10:00,0.0
人文社科,2019-04-26,10:00-11:00,0.0
人文社科,2019-04-26,11:00-12:00,0.0
人文社科,2019-04-26,12:00-13:00,0.0
人文社科,2019-04-26,13:00-14:00,0.0
人文社科,2019-04-26,14:00-15:00,0.0
人文社科,2019-04-26,15:00-16:00,2.0
人文社科,2019-04-26,16:00-17:00,58.0
人文社科,2019-04-26,17:00-18:00,73.0
人文社科,2019-04-26,18:00-19:00,75.0
人文社科,2019-04-26,19:00-20:00,49.0
人文社科,2019-04-26,20:00-21:00,0.0
人文社科,2019-04-26,21:00-22:00,0.0
人文社科,2019-04-26,22:00-23:00,0.0
人文社科,2019-04-26,23:00-24:00,0.0
人文社科,2019-04-27,00:00-01:00,0.0
人文社科,2019-04-27,01:00-02:00,0.0
人文社科,2019-04-27,02:00-03:00,0.0
人文社科,2019-04-27,03:00-04:00,0.0
人文社科,2019-04-27,04:00-05:00,0.0
人文社科,2019-04-27,05:00-06:00,0.0
人文社科,2019-04-27,06:00-07:00,0.0
人文社科,2019-04-27,07:00-08:00,0.0
人文社科,2019-04-27,08:00-09:00,0.0
人文社科,2019-04-27,09:00-10:00,0.0
人文社科,2019-04-27,10:00-11:00,0.0
人文社科,2019-04-27,11:00-12:00,0.0
人文社科,2019-04-27,12:00-13:00,0.0
人文社科,2019-04-27,13:00-14:00,0.0
人文社科,2019-04-27,14:00-15:00,0.0
人文社科,2019-04-27,15:00-16:00,0.0
人文社科,2019-04-27,16:00-17:00,9.0
人文社科,2019-04-27,17:00-18:00,56.0
人文社科,2019-04-27,18:00-19:00,17.0
人文社科,2019-04-27,19:00-20:00,23.0
人文社科,2019-04-27,20:00-21:00,0.0
人文社科,2019-04-27,21:00-22:00,0.0
人文社科,2019-04-27,22:00-23:00,0.0
人文社科,2019-04-27,23:00-24:00,0.0
人文社科,2019-04-28,00:00-01:00,0.0
人文社科,2019-04-28,01:00-02:00,0.0
人文社科,2019-04-28,02:00-03:00,0.0
人文社科,2019-04-28,03:00-04:00,0.0
人文社科,2019-04-28,04:00-05:00,0.0
人文社科,2019-04-28,05:00-06:00,0.0
人文社科,2019-04-28,06:00-07:00,0.0
人文社科,2019-04-28,07:00-08:00,0.0
人文社科,2019-04-28,08:00-09:00,0.0
人文社科,2019-04-28,09:00-10:00,0.0
人文社科,2019-04-28,10:00-11:00,0.0
人文社科,2019-04-28,11:00-12:00,0.0
人文社科,2019-04-28,12:00-13:00,0.0
人文社科,2019-04-28,13:00-14:00,0.0
人文社科,2019-04-28,14:00-15:00,0.0
人文社科,2019-04-28,15:00-16:00,0.0
人文社科,2019-04-28,16:00-17:00,0.0
人文社科,2019-04-28,17:00-18:00,0.0
人文社科,2019-04-28,18:00-19:00,0.0
人文社科,2019-04-28,19:00-20:00,0.0
人文社科,2019-04-28,20:00-21:00,0.0
人文社科,2019-04-28,21:00-22:00,0.0
人文社科,2019-04-28,22:00-23:00,0.0
人文社科,2019-04-28,23:00-24:00,0.0
人文社科,2019-04-29,00:00-01:00,0.0
人文社科,2019-04-29,01:00-02:00,0.0
人文社科,2019-04-29,02:00-03:00,0.0
人文社科,2019-04-29,03:00-04:00,0.0
人文社科,2019-04-29,04:00-05:00,0.0
人文社科,2019-04-29,05:00-06:00,0.0
人文社科,2019-04-29,06:00-07:00,0.0
人文社科,2019-04-29,07:00-08:00,0.0
人文社科,2019-04-29,08:00-09:00,0.0
人文社科,2019-04-29,09:00-10:00,0.0
人文社科,2019-04-29,10:00-11:00,0.0
人文社科,2019-04-29,11:00-12:00,0.0
人文社科,2019-04-29,12:00-13:00,0.0
人文社科,2019-04-29,13:00-14:00,0.0
人文社科,2019-04-29,14:00-15:00,0.0
人文社科,2019-04-29,15:00-16:00,0.0
人文社科,2019-04-29,16:00-17:00,0.0
人文社科,2019-04-29,17:00-18:00,0.0
人文社科,2019-04-29,18:00-19:00,0.0
人文社科,2019-04-29,19:00-20:00,0.0
人文社科,2019-04-29,20:00-21:00,0.0
人文社科,2019-04-29,21:00-22:00,0.0
人文社科,2019-04-29,22:00-23:00,0.0
人文社科,2019-04-29,23:00-24:00,0.0
人文社科,2019-04-30,00:00-01:00,0.0
人文社科,2019-04-30,01:00-02:00,0.0
人文社科,2019-04-30,02:00-03:00,0.0
人文社科,2019-04-30,03:00-04:00,0.0
人文社科,2019-04-30,04:00-05:00,0.0
人文社科,2019-04-30,05:00-06:00,0.0
人文社科,2019-04-30,06:00-07:00,0.0
人文社科,2019-04-30,07:00-08:00,0.0
人文社科,2019-04-30,08:00-09:00,0.0
人文社科,2019-04-30,09:00-10:00,0.0
人文社科,2019-04-30,10:00-11:00,0.0
人文社科,2019-04-30,11:00-12:00,0.0
人文社科,2019-04-30,12:00-13:00,0.0
人文社科,2019-04-30,13:00-14:00,0.0
人文社科,2019-04-30,14:00-15:00,0.0
人文社科,2019-04-30,15:00-16:00,0.0
人文社科,2019-04-30,16:00-17:00,0.0
人文社科,2019-04-30,17:00-18:00,0.0
人文社科,2019-04-30,18:00-19:00,0.0
人文社科,2019-04-30,19:00-20:00,0.0
人文社科,2019-04-30,20:00-21:00,0.0
人文社科,2019-04-30,21:00-22:00,0.0
人文社科,2019-04-30,22:00-23:00,0.0
人文社科,2019-04-30,23:00-24:00,0.0
医务室,2019-04-01,00:00-01:00,0.0
医务室,2019-04-01,01:00-02:00,0.0
医务室,2019-04-01,02:00-03:00,0.0
医务室,2019-04-01,03:00-04:00,0.0
医务室,2019-04-01,04:00-05:00,0.0
医务室,2019-04-01,05:00-06:00,0.0
医务室,2019-04-01,06:00-07:00,0.0
医务室,2019-04-01,07:00-08:00,0.0
医务室,2019-04-01,08:00-09:00,0.0
医务室,2019-04-01,09:00-10:00,24.9
医务室,2019-04-01,10:00-11:00,15.7
医务室,2019-04-01,11:00-12:00,7.4
医务室,2019-04-01,12:00-13:00,5.1
医务室,2019-04-01,13:00-14:00,0.0
医务室,2019-04-01,14:00-15:00,0.0
医务室,2019-04-01,15:00-16:00,4.4
医务室,2019-04-01,16:00-17:00,17.1
医务室,2019-04-01,17:00-18:00,3.9
医务室,2019-04-01,18:00-19:00,3.0
医务室,2019-04-01,19:00-20:00,3.7
医务室,2019-04-01,20:00-21:00,16.8
医务室,2019-04-01,21:00-22:00,4.6
医务室,2019-04-01,22:00-23:00,0.0
医务室,2019-04-01,23:00-24:00,0.0
医务室,2019-04-02,00:00-01:00,0.0
医务室,2019-04-02,01:00-02:00,0.0
医务室,2019-04-02,02:00-03:00,0.0
医务室,2019-04-02,03:00-04:00,0.0
医务室,2019-04-02,04:00-05:00,0.0
医务室,2019-04-02,05:00-06:00,0.0
医务室,2019-04-02,06:00-07:00,0.0
医务室,2019-04-02,07:00-08:00,0.0
医务室,2019-04-02,08:00-09:00,0.0
医务室,2019-04-02,09:00-10:00,0.0
医务室,2019-04-02,10:00-11:00,4.8
医务室,2019-04-02,11:00-12:00,16.0
医务室,2019-04-02,12:00-13:00,31.2
医务室,2019-04-02,13:00-14:00,46.8
医务室,2019-04-02,14:00-15:00,1.2
医务室,2019-04-02,15:00-16:00,0.0
医务室,2019-04-02,16:00-17:00,11.2
医务室,2019-04-02,17:00-18:00,18.3
医务室,2019-04-02,18:00-19:00,23.3
医务室,2019-04-02,19:00-20:00,19.5
医务室,2019-04-02,20:00-21:00,17.6
医务室,2019-04-02,21:00-22:00,1.4
医务室,2019-04-02,22:00-23:00,8.2
医务室,2019-04-02,23:00-24:00,1.5
医务室,2019-04-03,00:00-01:00,0.0
医务室,2019-04-03,01:00-02:00,0.0
医务室,2019-04-03,02:00-03:00,0.0
医务室,2019-04-03,03:00-04:00,0.0
医务室,2019-04-03,04:00-05:00,0.0
医务室,2019-04-03,05:00-06:00,0.0
医务室,2019-04-03,06:00-07:00,0.0
医务室,2019-04-03,07:00-08:00,0.0
医务室,2019-04-03,08:00-09:00,0.0
医务室,2019-04-03,09:00-10:00,0.0
医务室,2019-04-03,10:00-11:00,12.5
医务室,2019-04-03,11:00-12:00,11.7
医务室,2019-04-03,12:00-13:00,30.9
医务室,2019-04-03,13:00-14:00,27.6
医务室,2019-04-03,14:00-15:00,13.8
医务室,2019-04-03,15:00-16:00,8.4
医务室,2019-04-03,16:00-17:00,12.3
医务室,2019-04-03,17:00-18:00,36.8
医务室,2019-04-03,18:00-19:00,32.8
医务室,2019-04-03,19:00-20:00,2.5
医务室,2019-04-03,20:00-21:00,37.2
医务室,2019-04-03,21:00-22:00,9.1
医务室,2019-04-03,22:00-23:00,0.0
医务室,2019-04-03,23:00-24:00,10.6
医务室,2019-04-04,00:00-01:00,0.0
医务室,2019-04-04,01:00-02:00,0.0
医务室,2019-04-04,02:00-03:00,0.0
医务室,2019-04-04,03:00-04:00,0.0
医务室,2019-04-04,04:00-05:00,0.0
医务室,2019-04-04,05:00-06:00,0.0
医务室,2019-04-04,06:00-07:00,0.0
医务室,2019-04-04,07:00-08:00,0.0
医务室,2019-04-04,08:00-09:00,4.4
医务室,2019-04-04,09:00-10:00,15.9
医务室,2019-04-04,10:00-11:00,9.1
医务室,2019-04-04,11:00-12:00,0.0
医务室,2019-04-04,12:00-13:00,29.8
医务室,2019-04-04,13:00-14:00,30.1
医务室,2019-04-04,14:00-15:00,0.0
医务室,2019-04-04,15:00-16:00,0.0
医务室,2019-04-04,16:00-17:00,10.8
医务室,2019-04-04,17:00-18:00,0.0
医务室,2019-04-04,18:00-19:00,33.8
医务室,2019-04-04,19:00-20:00,58.6
医务室,2019-04-04,20:00-21:00,29.6
医务室,2019-04-04,21:00-22:00,21.0
医务室,2019-04-04,22:00-23:00,27.5
医务室,2019-04-04,23:00-24:00,5.5
医务室,2019-04-05,00:00-01:00,0.0
医务室,2019-04-05,01:00-02:00,0.0
医务室,2019-04-05,02:00-03:00,0.0
医务室,2019-04-05,03:00-04:00,0.0
医务室,2019-04-05,04:00-05:00,0.0
医务室,2019-04-05,05:00-06:00,0.0
医务室,2019-04-05,06:00-07:00,0.0
医务室,2019-04-05,07:00-08:00,0.0
医务室,2019-04-05,08:00-09:00,0.0
医务室,2019-04-05,09:00-10:00,0.0
医务室,2019-04-05,10:00-11:00,0.0
医务室,2019-04-05,11:00-12:00,0.0
医务室,2019-04-05,12:00-13:00,0.0
医务室,2019-04-05,13:00-14:00,0.0
医务室,2019-04-05,14:00-15:00,0.0
医务室,2019-04-05,15:00-16:00,0.0
医务室,2019-04-05,16:00-17:00,0.0
医务室,2019-04-05,17:00-18:00,0.0
医务室,2019-04-05,18:00-19:00,0.0
医务室,2019-04-05,19:00-20:00,0.0
医务室,2019-04-05,20:00-21:00,3.6
医务室,2019-04-05,21:00-22:00,20.2
医务室,2019-04-05,22:00-23:00,0.0
医务室,2019-04-05,23:00-24:00,0.0
医务室,2019-04-06,00:00-01:00,0.0
医务室,2019-04-06,01:00-02:00,0.0
医务室,2019-04-06,02:00-03:00,0.0
医务室,2019-04-06,03:00-04:00,0.0
医务室,2019-04-06,04:00-05:00,0.0
医务室,2019-04-06,05:00-06:00,0.0
医务室,2019-04-06,06:00-07:00,0.0
医务室,2019-04-06,07:00-08:00,0.0
医务室,2019-04-06,08:00-09:00,0.0
医务室,2019-04-06,09:00-10:00,0.0
医务室,2019-04-06,10:00-11:00,0.0
医务室,2019-04-06,11:00-12:00,0.0
医务室,2019-04-06,12:00-13:00,0.0
医务室,2019-04-06,13:00-14:00,0.0
医务室,2019-04-06,14:00-15:00,0.0
医务室,2019-04-06,15:00-16:00,0.0
医务室,2019-04-06,16:00-17:00,0.0
医务室,2019-04-06,17:00-18:00,0.0
医务室,2019-04-06,18:00-19:00,0.0
医务室,2019-04-06,19:00-20:00,0.0
医务室,2019-04-06,20:00-21:00,0.0
医务室,2019-04-06,21:00-22:00,0.0
医务室,2019-04-06,22:00-23:00,8.7
医务室,2019-04-06,23:00-24:00,0.0
医务室,2019-04-07,00:00-01:00,0.0
医务室,2019-04-07,01:00-02:00,0.0
医务室,2019-04-07,02:00-03:00,0.0
医务室,2019-04-07,03:00-04:00,0.0
医务室,2019-04-07,04:00-05:00,0.0
医务室,2019-04-07,05:00-06:00,0.0
医务室,2019-04-07,06:00-07:00,0.0
医务室,2019-04-07,07:00-08:00,0.0
医务室,2019-04-07,08:00-09:00,0.0
医务室,2019-04-07,09:00-10:00,0.0
医务室,2019-04-07,10:00-11:00,0.0
医务室,2019-04-07,11:00-12:00,0.0
医务室,2019-04-07,12:00-13:00,0.0
医务室,2019-04-07,13:00-14:00,0.0
医务室,2019-04-07,14:00-15:00,0.0
医务室,2019-04-07,15:00-16:00,0.0
医务室,2019-04-07,16:00-17:00,0.0
医务室,2019-04-07,17:00-18:00,0.0
医务室,2019-04-07,18:00-19:00,0.0
医务室,2019-04-07,19:00-20:00,0.0
医务室,2019-04-07,20:00-21:00,5.5
医务室,2019-04-07,21:00-22:00,2.8
医务室,2019-04-07,22:00-23:00,9.3
医务室,2019-04-07,23:00-24:00,0.0
医务室,2019-04-08,00:00-01:00,5.3
医务室,2019-04-08,01:00-02:00,0.0
医务室,2019-04-08,02:00-03:00,0.0
医务室,2019-04-08,03:00-04:00,0.0
医务室,2019-04-08,04:00-05:00,0.0
医务室,2019-04-08,05:00-06:00,0.0
医务室,2019-04-08,06:00-07:00,0.0
医务室,2019-04-08,07:00-08:00,0.0
医务室,2019-04-08,08:00-09:00,9.0
医务室,2019-04-08,09:00-10:00,14.1
医务室,2019-04-08,10:00-11:00,0.6
医务室,2019-04-08,11:00-12:00,36.8
医务室,2019-04-08,12:00-13:00,45.1
医务室,2019-04-08,13:00-14:00,0.0
医务室,2019-04-08,14:00-15:00,0.0
医务室,2019-04-08,15:00-16:00,0.0
医务室,2019-04-08,16:00-17:00,11.8
医务室,2019-04-08,17:00-18:00,14.5
医务室,2019-04-08,18:00-19:00,30.8
医务室,2019-04-08,19:00-20:00,10.0
医务室,2019-04-08,20:00-21:00,15.8
医务室,2019-04-08,21:00-22:00,0.0
医务室,2019-04-08,22:00-23:00,8.0
医务室,2019-04-08,23:00-24:00,0.15
医务室,2019-04-09,00:00-01:00,0.0
医务室,2019-04-09,01:00-02:00,0.0
医务室,2019-04-09,02:00-03:00,0.0
医务室,2019-04-09,03:00-04:00,0.0
医务室,2019-04-09,04:00-05:00,0.0
医务室,2019-04-09,05:00-06:00,0.0
医务室,2019-04-09,06:00-07:00,0.0
医务室,2019-04-09,07:00-08:00,0.0
医务室,2019-04-09,08:00-09:00,3.0
医务室,2019-04-09,09:00-10:00,9.4
医务室,2019-04-09,10:00-11:00,13.5
医务室,2019-04-09,11:00-12:00,30.8
医务室,2019-04-09,12:00-13:00,28.1
医务室,2019-04-09,13:00-14:00,0.0
医务室,2019-04-09,14:00-15:00,6.0
医务室,2019-04-09,15:00-16:00,2.5
医务室,2019-04-09,16:00-17:00,34.1
医务室,2019-04-09,17:00-18:00,9.9
医务室,2019-04-09,18:00-19:00,27.5
医务室,2019-04-09,19:00-20:00,23.4
医务室,2019-04-09,20:00-21:00,23.0
医务室,2019-04-09,21:00-22:00,0.6
医务室,2019-04-09,22:00-23:00,7.7
医务室,2019-04-09,23:00-24:00,0.0
医务室,2019-04-10,00:00-01:00,0.0
医务室,2019-04-10,01:00-02:00,0.0
医务室,2019-04-10,02:00-03:00,0.0
医务室,2019-04-10,03:00-04:00,0.0
医务室,2019-04-10,04:00-05:00,0.0
医务室,2019-04-10,05:00-06:00,0.0
医务室,2019-04-10,06:00-07:00,0.0
医务室,2019-04-10,07:00-08:00,0.0
医务室,2019-04-10,08:00-09:00,2.2
医务室,2019-04-10,09:00-10:00,3.4
医务室,2019-04-10,10:00-11:00,18.5
医务室,2019-04-10,11:00-12:00,22.0
医务室,2019-04-10,12:00-13:00,47.3
医务室,2019-04-10,13:00-14:00,0.0
医务室,2019-04-10,14:00-15:00,4.4
医务室,2019-04-10,15:00-16:00,9.9
医务室,2019-04-10,16:00-17:00,8.9
医务室,2019-04-10,17:00-18:00,23.8
医务室,2019-04-10,18:00-19:00,14.0
医务室,2019-04-10,19:00-20:00,10.0
医务室,2019-04-10,20:00-21:00,3.3
医务室,2019-04-10,21:00-22:00,26.0
医务室,2019-04-10,22:00-23:00,8.6
医务室,2019-04-10,23:00-24:00,0.0
医务室,2019-04-11,00:00-01:00,0.0
医务室,2019-04-11,01:00-02:00,0.0
医务室,2019-04-11,02:00-03:00,0.0
医务室,2019-04-11,03:00-04:00,0.0
医务室,2019-04-11,04:00-05:00,0.0
医务室,2019-04-11,05:00-06:00,0.0
医务室,2019-04-11,06:00-07:00,0.0
医务室,2019-04-11,07:00-08:00,0.0
医务室,2019-04-11,08:00-09:00,2.0
医务室,2019-04-11,09:00-10:00,1.5
医务室,2019-04-11,10:00-11:00,8.0
医务室,2019-04-11,11:00-12:00,22.4
医务室,2019-04-11,12:00-13:00,8.5
医务室,2019-04-11,13:00-14:00,0.0
医务室,2019-04-11,14:00-15:00,5.5
医务室,2019-04-11,15:00-16:00,2.5
医务室,2019-04-11,16:00-17:00,20.8
医务室,2019-04-11,17:00-18:00,38.2
医务室,2019-04-11,18:00-19:00,31.2
医务室,2019-04-11,19:00-20:00,26.1
医务室,2019-04-11,20:00-21:00,6.25
医务室,2019-04-11,21:00-22:00,10.9
医务室,2019-04-11,22:00-23:00,7.2
医务室,2019-04-11,23:00-24:00,0.0
医务室,2019-04-12,00:00-01:00,0.0
医务室,2019-04-12,01:00-02:00,0.0
医务室,2019-04-12,02:00-03:00,0.0
医务室,2019-04-12,03:00-04:00,0.0
医务室,2019-04-12,04:00-05:00,0.0
医务室,2019-04-12,05:00-06:00,0.0
医务室,2019-04-12,06:00-07:00,0.0
医务室,2019-04-12,07:00-08:00,0.0
医务室,2019-04-12,08:00-09:00,15.4
医务室,2019-04-12,09:00-10:00,4.8
医务室,2019-04-12,10:00-11:00,16.9
医务室,2019-04-12,11:00-12:00,3.6
医务室,2019-04-12,12:00-13:00,12.1
医务室,2019-04-12,13:00-14:00,2.1
医务室,2019-04-12,14:00-15:00,0.0
医务室,2019-04-12,15:00-16:00,2.6
医务室,2019-04-12,16:00-17:00,12.0
医务室,2019-04-12,17:00-18:00,1.8
医务室,2019-04-12,18:00-19:00,15.1
医务室,2019-04-12,19:00-20:00,8.4
医务室,2019-04-12,20:00-21:00,22.5
医务室,2019-04-12,21:00-22:00,0.0
医务室,2019-04-12,22:00-23:00,0.0
医务室,2019-04-12,23:00-24:00,0.0
医务室,2019-04-13,00:00-01:00,0.0
医务室,2019-04-13,01:00-02:00,0.0
医务室,2019-04-13,02:00-03:00,0.0
医务室,2019-04-13,03:00-04:00,0.0
医务室,2019-04-13,04:00-05:00,0.0
医务室,2019-04-13,05:00-06:00,0.0
医务室,2019-04-13,06:00-07:00,0.0
医务室,2019-04-13,07:00-08:00,0.0
医务室,2019-04-13,08:00-09:00,1.7
医务室,2019-04-13,09:00-10:00,48.8
医务室,2019-04-13,10:00-11:00,0.0
医务室,2019-04-13,11:00-12:00,1.5
医务室,2019-04-13,12:00-13:00,5.9
医务室,2019-04-13,13:00-14:00,17.3
医务室,2019-04-13,14:00-15:00,0.0
医务室,2019-04-13,15:00-16:00,15.1
医务室,2019-04-13,16:00-17:00,9.3
医务室,2019-04-13,17:00-18:00,0.0
医务室,2019-04-13,18:00-19:00,16.8
医务室,2019-04-13,19:00-20:00,0.0
医务室,2019-04-13,20:00-21:00,12.8
医务室,2019-04-13,21:00-22:00,0.0
医务室,2019-04-13,22:00-23:00,21.1
医务室,2019-04-13,23:00-24:00,0.0
医务室,2019-04-14,00:00-01:00,0.0
医务室,2019-04-14,01:00-02:00,0.0
医务室,2019-04-14,02:00-03:00,0.0
医务室,2019-04-14,03:00-04:00,0.0
医务室,2019-04-14,04:00-05:00,0.0
医务室,2019-04-14,05:00-06:00,0.0
医务室,2019-04-14,06:00-07:00,0.0
医务室,2019-04-14,07:00-08:00,0.0
医务室,2019-04-14,08:00-09:00,2.4
医务室,2019-04-14,09:00-10:00,6.2
医务室,2019-04-14,10:00-11:00,36.3
医务室,2019-04-14,11:00-12:00,22.9
医务室,2019-04-14,12:00-13:00,9.4
医务室,2019-04-14,13:00-14:00,5.8
医务室,2019-04-14,14:00-15:00,0.0
医务室,2019-04-14,15:00-16:00,3.0
医务室,2019-04-14,16:00-17:00,0.0
医务室,2019-04-14,17:00-18:00,8.0
医务室,2019-04-14,18:00-19:00,0.3
医务室,2019-04-14,19:00-20:00,8.0
医务室,2019-04-14,20:00-21:00,6.9
医务室,2019-04-14,21:00-22:00,18.8
医务室,2019-04-14,22:00-23:00,0.0
医务室,2019-04-14,23:00-24:00,0.0
医务室,2019-04-15,00:00-01:00,0.0
医务室,2019-04-15,01:00-02:00,0.0
医务室,2019-04-15,02:00-03:00,0.0
医务室,2019-04-15,03:00-04:00,0.0
医务室,2019-04-15,04:00-05:00,0.0
医务室,2019-04-15,05:00-06:00,0.0
医务室,2019-04-15,06:00-07:00,0.0
医务室,2019-04-15,07:00-08:00,0.0
医务室,2019-04-15,08:00-09:00,0.0
医务室,2019-04-15,09:00-10:00,3.0
医务室,2019-04-15,10:00-11:00,10.7
医务室,2019-04-15,11:00-12:00,30.05
医务室,2019-04-15,12:00-13:00,32.5
医务室,2019-04-15,13:00-14:00,0.0
医务室,2019-04-15,14:00-15:00,0.0
医务室,2019-04-15,15:00-16:00,28.4
医务室,2019-04-15,16:00-17:00,10.7
医务室,2019-04-15,17:00-18:00,4.6
医务室,2019-04-15,18:00-19:00,10.6
医务室,2019-04-15,19:00-20:00,13.0
医务室,2019-04-15,20:00-21:00,0.0
医务室,2019-04-15,21:00-22:00,14.3
医务室,2019-04-15,22:00-23:00,0.0
医务室,2019-04-15,23:00-24:00,0.0
医务室,2019-04-16,00:00-01:00,0.0
医务室,2019-04-16,01:00-02:00,0.0
医务室,2019-04-16,02:00-03:00,0.0
医务室,2019-04-16,03:00-04:00,0.0
医务室,2019-04-16,04:00-05:00,0.0
医务室,2019-04-16,05:00-06:00,0.0
医务室,2019-04-16,06:00-07:00,0.0
医务室,2019-04-16,07:00-08:00,0.0
医务室,2019-04-16,08:00-09:00,2.6
医务室,2019-04-16,09:00-10:00,2.4
医务室,2019-04-16,10:00-11:00,17.9
医务室,2019-04-16,11:00-12:00,68.5
医务室,2019-04-16,12:00-13:00,25.1
医务室,2019-04-16,13:00-14:00,0.0
医务室,2019-04-16,14:00-15:00,8.5
医务室,2019-04-16,15:00-16:00,0.0
医务室,2019-04-16,16:00-17:00,26.1
医务室,2019-04-16,17:00-18:00,22.6
医务室,2019-04-16,18:00-19:00,23.9
医务室,2019-04-16,19:00-20:00,48.8
医务室,2019-04-16,20:00-21:00,16.8
医务室,2019-04-16,21:00-22:00,17.6
医务室,2019-04-16,22:00-23:00,5.5
医务室,2019-04-16,23:00-24:00,0.0
医务室,2019-04-17,00:00-01:00,0.0
医务室,2019-04-17,01:00-02:00,0.0
医务室,2019-04-17,02:00-03:00,0.0
医务室,2019-04-17,03:00-04:00,0.0
医务室,2019-04-17,04:00-05:00,0.0
医务室,2019-04-17,05:00-06:00,0.0
医务室,2019-04-17,06:00-07:00,0.0
医务室,2019-04-17,07:00-08:00,0.0
医务室,2019-04-17,08:00-09:00,20.8
医务室,2019-04-17,09:00-10:00,31.2
医务室,2019-04-17,10:00-11:00,3.8
医务室,2019-04-17,11:00-12:00,32.4
医务室,2019-04-17,12:00-13:00,52.1
医务室,2019-04-17,13:00-14:00,10.9
医务室,2019-04-17,14:00-15:00,0.0
医务室,2019-04-17,15:00-16:00,19.4
医务室,2019-04-17,16:00-17:00,12.0
医务室,2019-04-17,17:00-18:00,10.2
医务室,2019-04-17,18:00-19:00,14.1
医务室,2019-04-17,19:00-20:00,4.2
医务室,2019-04-17,20:00-21:00,1.0
医务室,2019-04-17,21:00-22:00,7.7
医务室,2019-04-17,22:00-23:00,0.0
医务室,2019-04-17,23:00-24:00,0.0
医务室,2019-04-18,00:00-01:00,0.0
医务室,2019-04-18,01:00-02:00,0.0
医务室,2019-04-18,02:00-03:00,0.0
医务室,2019-04-18,03:00-04:00,0.0
医务室,2019-04-18,04:00-05:00,0.0
医务室,2019-04-18,05:00-06:00,0.0
医务室,2019-04-18,06:00-07:00,0.0
医务室,2019-04-18,07:00-08:00,0.0
医务室,2019-04-18,08:00-09:00,0.0
医务室,2019-04-18,09:00-10:00,17.9
医务室,2019-04-18,10:00-11:00,12.2
医务室,2019-04-18,11:00-12:00,28.7
医务室,2019-04-18,12:00-13:00,12.9
医务室,2019-04-18,13:00-14:00,4.4
医务室,2019-04-18,14:00-15:00,0.0
医务室,2019-04-18,15:00-16:00,2.2
医务室,2019-04-18,16:00-17:00,3.6
医务室,2019-04-18,17:00-18:00,0.6
医务室,2019-04-18,18:00-19:00,32.3
医务室,2019-04-18,19:00-20:00,24.9
医务室,2019-04-18,20:00-21:00,13.3
医务室,2019-04-18,21:00-22:00,0.0
医务室,2019-04-18,22:00-23:00,11.8
医务室,2019-04-18,23:00-24:00,0.0
医务室,2019-04-19,00:00-01:00,0.0
医务室,2019-04-19,01:00-02:00,0.0
医务室,2019-04-19,02:00-03:00,0.0
医务室,2019-04-19,03:00-04:00,0.0
医务室,2019-04-19,04:00-05:00,0.0
医务室,2019-04-19,05:00-06:00,0.0
医务室,2019-04-19,06:00-07:00,0.0
医务室,2019-04-19,07:00-08:00,0.0
医务室,2019-04-19,08:00-09:00,8.9
医务室,2019-04-19,09:00-10:00,2.4
医务室,2019-04-19,10:00-11:00,11.6
医务室,2019-04-19,11:00-12:00,10.0
医务室,2019-04-19,12:00-13:00,11.9
医务室,2019-04-19,13:00-14:00,7.9
医务室,2019-04-19,14:00-15:00,0.0
医务室,2019-04-19,15:00-16:00,0.0
医务室,2019-04-19,16:00-17:00,6.5
医务室,2019-04-19,17:00-18:00,22.4
医务室,2019-04-19,18:00-19:00,24.6
医务室,2019-04-19,19:00-20:00,18.3
医务室,2019-04-19,20:00-21:00,0.0
医务室,2019-04-19,21:00-22:00,0.0
医务室,2019-04-19,22:00-23:00,0.0
医务室,2019-04-19,23:00-24:00,0.0
医务室,2019-04-20,00:00-01:00,0.0
医务室,2019-04-20,01:00-02:00,0.0
医务室,2019-04-20,02:00-03:00,0.0
医务室,2019-04-20,03:00-04:00,0.0
医务室,2019-04-20,04:00-05:00,0.0
医务室,2019-04-20,05:00-06:00,0.0
医务室,2019-04-20,06:00-07:00,0.0
医务室,2019-04-20,07:00-08:00,0.0
医务室,2019-04-20,08:00-09:00,0.0
医务室,2019-04-20,09:00-10:00,10.6
医务室,2019-04-20,10:00-11:00,14.6
医务室,2019-04-20,11:00-12:00,1.0
医务室,2019-04-20,12:00-13:00,29.2
医务室,2019-04-20,13:00-14:00,4.9
医务室,2019-04-20,14:00-15:00,0.0
医务室,2019-04-20,15:00-16:00,6.0
医务室,2019-04-20,16:00-17:00,0.0
医务室,2019-04-20,17:00-18:00,8.1
医务室,2019-04-20,18:00-19:00,0.0
医务室,2019-04-20,19:00-20:00,16.0
医务室,2019-04-20,20:00-21:00,0.0
医务室,2019-04-20,21:00-22:00,10.0
医务室,2019-04-20,22:00-23:00,16.0
医务室,2019-04-20,23:00-24:00,0.0
医务室,2019-04-21,00:00-01:00,0.0
医务室,2019-04-21,01:00-02:00,0.0
医务室,2019-04-21,02:00-03:00,0.0
医务室,2019-04-21,03:00-04:00,0.0
医务室,2019-04-21,04:00-05:00,0.0
医务室,2019-04-21,05:00-06:00,0.0
医务室,2019-04-21,06:00-07:00,0.0
医务室,2019-04-21,07:00-08:00,0.0
医务室,2019-04-21,08:00-09:00,0.0
医务室,2019-04-21,09:00-10:00,0.0
医务室,2019-04-21,10:00-11:00,0.0
医务室,2019-04-21,11:00-12:00,23.7
医务室,2019-04-21,12:00-13:00,30.6
医务室,2019-04-21,13:00-14:00,0.0
医务室,2019-04-21,14:00-15:00,0.0
医务室,2019-04-21,15:00-16:00,10.6
医务室,2019-04-21,16:00-17:00,1.2
医务室,2019-04-21,17:00-18:00,23.1
医务室,2019-04-21,18:00-19:00,18.8
医务室,2019-04-21,19:00-20:00,9.5
医务室,2019-04-21,20:00-21:00,5.4
医务室,2019-04-21,21:00-22:00,3.7
医务室,2019-04-21,22:00-23:00,2.2
医务室,2019-04-21,23:00-24:00,0.0
医务室,2019-04-22,00:00-01:00,0.0
医务室,2019-04-22,01:00-02:00,0.0
医务室,2019-04-22,02:00-03:00,0.0
医务室,2019-04-22,03:00-04:00,0.0
医务室,2019-04-22,04:00-05:00,0.0
医务室,2019-04-22,05:00-06:00,0.0
医务室,2019-04-22,06:00-07:00,0.0
医务室,2019-04-22,07:00-08:00,0.0
医务室,2019-04-22,08:00-09:00,0.0
医务室,2019-04-22,09:00-10:00,23.6
医务室,2019-04-22,10:00-11:00,25.2
医务室,2019-04-22,11:00-12:00,32.0
医务室,2019-04-22,12:00-13:00,52.9
医务室,2019-04-22,13:00-14:00,0.0
医务室,2019-04-22,14:00-15:00,0.0
医务室,2019-04-22,15:00-16:00,0.0
医务室,2019-04-22,16:00-17:00,42.8
医务室,2019-04-22,17:00-18:00,15.9
医务室,2019-04-22,18:00-19:00,18.5
医务室,2019-04-22,19:00-20:00,4.5
医务室,2019-04-22,20:00-21:00,1.7
医务室,2019-04-22,21:00-22:00,17.1
医务室,2019-04-22,22:00-23:00,9.2
医务室,2019-04-22,23:00-24:00,0.0
医务室,2019-04-23,00:00-01:00,0.0
医务室,2019-04-23,01:00-02:00,0.0
医务室,2019-04-23,02:00-03:00,0.0
医务室,2019-04-23,03:00-04:00,0.0
医务室,2019-04-23,04:00-05:00,0.0
医务室,2019-04-23,05:00-06:00,0.0
医务室,2019-04-23,06:00-07:00,0.0
医务室,2019-04-23,07:00-08:00,0.0
医务室,2019-04-23,08:00-09:00,5.7
医务室,2019-04-23,09:00-10:00,2.2
医务室,2019-04-23,10:00-11:00,14.7
医务室,2019-04-23,11:00-12:00,10.0
医务室,2019-04-23,12:00-13:00,6.4
医务室,2019-04-23,13:00-14:00,0.0
医务室,2019-04-23,14:00-15:00,0.0
医务室,2019-04-23,15:00-16:00,6.7
医务室,2019-04-23,16:00-17:00,23.9
医务室,2019-04-23,17:00-18:00,10.5
医务室,2019-04-23,18:00-19:00,16.5
医务室,2019-04-23,19:00-20:00,2.8
医务室,2019-04-23,20:00-21:00,2.0
医务室,2019-04-23,21:00-22:00,20.6
医务室,2019-04-23,22:00-23:00,0.0
医务室,2019-04-23,23:00-24:00,0.0
医务室,2019-04-24,00:00-01:00,0.0
医务室,2019-04-24,01:00-02:00,0.0
医务室,2019-04-24,02:00-03:00,0.0
医务室,2019-04-24,03:00-04:00,0.0
医务室,2019-04-24,04:00-05:00,0.0
医务室,2019-04-24,05:00-06:00,0.0
医务室,2019-04-24,06:00-07:00,0.0
医务室,2019-04-24,07:00-08:00,0.0
医务室,2019-04-24,08:00-09:00,8.8
医务室,2019-04-24,09:00-10:00,16.0
医务室,2019-04-24,10:00-11:00,0.0
医务室,2019-04-24,11:00-12:00,11.4
医务室,2019-04-24,12:00-13:00,31.0
医务室,2019-04-24,13:00-14:00,0.0
医务室,2019-04-24,14:00-15:00,0.0
医务室,2019-04-24,15:00-16:00,0.0
医务室,2019-04-24,16:00-17:00,47.2
医务室,2019-04-24,17:00-18:00,0.0
医务室,2019-04-24,18:00-19:00,6.4
医务室,2019-04-24,19:00-20:00,15.6
医务室,2019-04-24,20:00-21:00,0.0
医务室,2019-04-24,21:00-22:00,5.4
医务室,2019-04-24,22:00-23:00,0.0
医务室,2019-04-24,23:00-24:00,0.0
医务室,2019-04-25,00:00-01:00,0.0
医务室,2019-04-25,01:00-02:00,0.0
医务室,2019-04-25,02:00-03:00,0.0
医务室,2019-04-25,03:00-04:00,0.0
医务室,2019-04-25,04:00-05:00,0.0
医务室,2019-04-25,05:00-06:00,0.0
医务室,2019-04-25,06:00-07:00,0.0
医务室,2019-04-25,07:00-08:00,0.0
医务室,2019-04-25,08:00-09:00,0.0
医务室,2019-04-25,09:00-10:00,5.0
医务室,2019-04-25,10:00-11:00,12.2
医务室,2019-04-25,11:00-12:00,24.6
医务室,2019-04-25,12:00-13:00,19.4
医务室,2019-04-25,13:00-14:00,0.0
医务室,2019-04-25,14:00-15:00,4.5
医务室,2019-04-25,15:00-16:00,8.8
医务室,2019-04-25,16:00-17:00,4.5
医务室,2019-04-25,17:00-18:00,16.6
医务室,2019-04-25,18:00-19:00,0.0
医务室,2019-04-25,19:00-20:00,5.7
医务室,2019-04-25,20:00-21:00,0.6
医务室,2019-04-25,21:00-22:00,0.0
医务室,2019-04-25,22:00-23:00,2.2
医务室,2019-04-25,23:00-24:00,0.0
医务室,2019-04-26,00:00-01:00,0.0
医务室,2019-04-26,01:00-02:00,0.0
医务室,2019-04-26,02:00-03:00,0.0
医务室,2019-04-26,03:00-04:00,0.0
医务室,2019-04-26,04:00-05:00,0.0
医务室,2019-04-26,05:00-06:00,0.0
医务室,2019-04-26,06:00-07:00,0.0
医务室,2019-04-26,07:00-08:00,0.0
医务室,2019-04-26,08:00-09:00,0.0
医务室,2019-04-26,09:00-10:00,3.9
医务室,2019-04-26,10:00-11:00,1.5
医务室,2019-04-26,11:00-12:00,28.2
医务室,2019-04-26,12:00-13:00,20.5
医务室,2019-04-26,13:00-14:00,2.0
医务室,2019-04-26,14:00-15:00,0.0
医务室,2019-04-26,15:00-16:00,13.5
医务室,2019-04-26,16:00-17:00,8.4
医务室,2019-04-26,17:00-18:00,7.0
医务室,2019-04-26,18:00-19:00,11.7
医务室,2019-04-26,19:00-20:00,10.7
医务室,2019-04-26,20:00-21:00,0.0
医务室,2019-04-26,21:00-22:00,0.0
医务室,2019-04-26,22:00-23:00,0.0
医务室,2019-04-26,23:00-24:00,7.0
医务室,2019-04-27,00:00-01:00,0.0
医务室,2019-04-27,01:00-02:00,0.0
医务室,2019-04-27,02:00-03:00,0.0
医务室,2019-04-27,03:00-04:00,0.0
医务室,2019-04-27,04:00-05:00,0.0
医务室,2019-04-27,05:00-06:00,0.0
医务室,2019-04-27,06:00-07:00,0.0
医务室,2019-04-27,07:00-08:00,0.0
医务室,2019-04-27,08:00-09:00,0.0
医务室,2019-04-27,09:00-10:00,0.0
医务室,2019-04-27,10:00-11:00,0.0
医务室,2019-04-27,11:00-12:00,0.0
医务室,2019-04-27,12:00-13:00,0.0
医务室,2019-04-27,13:00-14:00,0.0
医务室,2019-04-27,14:00-15:00,0.0
医务室,2019-04-27,15:00-16:00,0.0
医务室,2019-04-27,16:00-17:00,0.0
医务室,2019-04-27,17:00-18:00,0.0
医务室,2019-04-27,18:00-19:00,0.0
医务室,2019-04-27,19:00-20:00,0.0
医务室,2019-04-27,20:00-21:00,0.0
医务室,2019-04-27,21:00-22:00,0.0
医务室,2019-04-27,22:00-23:00,3.1
医务室,2019-04-27,23:00-24:00,0.0
医务室,2019-04-28,00:00-01:00,0.0
医务室,2019-04-28,01:00-02:00,0.0
医务室,2019-04-28,02:00-03:00,0.0
医务室,2019-04-28,03:00-04:00,0.0
医务室,2019-04-28,04:00-05:00,0.0
医务室,2019-04-28,05:00-06:00,0.0
医务室,2019-04-28,06:00-07:00,0.0
医务室,2019-04-28,07:00-08:00,0.0
医务室,2019-04-28,08:00-09:00,0.0
医务室,2019-04-28,09:00-10:00,0.0
医务室,2019-04-28,10:00-11:00,0.0
医务室,2019-04-28,11:00-12:00,0.0
医务室,2019-04-28,12:00-13:00,0.0
医务室,2019-04-28,13:00-14:00,0.0
医务室,2019-04-28,14:00-15:00,0.0
医务室,2019-04-28,15:00-16:00,0.0
医务室,2019-04-28,16:00-17:00,0.0
医务室,2019-04-28,17:00-18:00,0.0
医务室,2019-04-28,18:00-19:00,0.0
医务室,2019-04-28,19:00-20:00,0.0
医务室,2019-04-28,20:00-21:00,0.0
医务室,2019-04-28,21:00-22:00,0.0
医务室,2019-04-28,22:00-23:00,0.0
医务室,2019-04-28,23:00-24:00,0.0
医务室,2019-04-29,00:00-01:00,0.0
医务室,2019-04-29,01:00-02:00,0.0
医务室,2019-04-29,02:00-03:00,0.0
医务室,2019-04-29,03:00-04:00,0.0
医务室,2019-04-29,04:00-05:00,0.0
医务室,2019-04-29,05:00-06:00,0.0
医务室,2019-04-29,06:00-07:00,0.0
医务室,2019-04-29,07:00-08:00,0.0
医务室,2019-04-29,08:00-09:00,0.0
医务室,2019-04-29,09:00-10:00,0.0
医务室,2019-04-29,10:00-11:00,3.7
医务室,2019-04-29,11:00-12:00,7.5
医务室,2019-04-29,12:00-13:00,13.7
医务室,2019-04-29,13:00-14:00,11.7
医务室,2019-04-29,14:00-15:00,17.5
医务室,2019-04-29,15:00-16:00,0.0
医务室,2019-04-29,16:00-17:00,40.0
医务室,2019-04-29,17:00-18:00,0.0
医务室,2019-04-29,18:00-19:00,0.0
医务室,2019-04-29,19:00-20:00,9.6
医务室,2019-04-29,20:00-21:00,27.8
医务室,2019-04-29,21:00-22:00,0.0
医务室,2019-04-29,22:00-23:00,9.4
医务室,2019-04-29,23:00-24:00,0.0
医务室,2019-04-30,00:00-01:00,0.0
医务室,2019-04-30,01:00-02:00,0.0
医务室,2019-04-30,02:00-03:00,0.0
医务室,2019-04-30,03:00-04:00,0.0
医务室,2019-04-30,04:00-05:00,0.0
医务室,2019-04-30,05:00-06:00,0.0
医务室,2019-04-30,06:00-07:00,0.0
医务室,2019-04-30,07:00-08:00,0.0
医务室,2019-04-30,08:00-09:00,0.0
医务室,2019-04-30,09:00-10:00,2.2
医务室,2019-04-30,10:00-11:00,18.4
医务室,2019-04-30,11:00-12:00,6.6
医务室,2019-04-30,12:00-13:00,5.4
医务室,2019-04-30,13:00-14:00,30.2
医务室,2019-04-30,14:00-15:00,2.2
医务室,2019-04-30,15:00-16:00,0.0
医务室,2019-04-30,16:00-17:00,0.0
医务室,2019-04-30,17:00-18:00,25.1
医务室,2019-04-30,18:00-19:00,20.3
医务室,2019-04-30,19:00-20:00,1.5
医务室,2019-04-30,20:00-21:00,9.0
医务室,2019-04-30,21:00-22:00,5.3
医务室,2019-04-30,22:00-23:00,12.6
医务室,2019-04-30,23:00-24:00,9.7
基础课部,2019-04-01,00:00-01:00,0.0
基础课部,2019-04-01,01:00-02:00,0.0
基础课部,2019-04-01,02:00-03:00,0.0
基础课部,2019-04-01,03:00-04:00,0.0
基础课部,2019-04-01,04:00-05:00,0.0
基础课部,2019-04-01,05:00-06:00,0.0
基础课部,2019-04-01,06:00-07:00,0.0
基础课部,2019-04-01,07:00-08:00,0.0
基础课部,2019-04-01,08:00-09:00,0.0
基础课部,2019-04-01,09:00-10:00,0.0
基础课部,2019-04-01,10:00-11:00,0.0
基础课部,2019-04-01,11:00-12:00,0.0
基础课部,2019-04-01,12:00-13:00,0.0
基础课部,2019-04-01,13:00-14:00,0.0
基础课部,2019-04-01,14:00-15:00,0.0
基础课部,2019-04-01,15:00-16:00,0.0
基础课部,2019-04-01,16:00-17:00,0.0
基础课部,2019-04-01,17:00-18:00,0.0
基础课部,2019-04-01,18:00-19:00,0.0
基础课部,2019-04-01,19:00-20:00,0.0
基础课部,2019-04-01,20:00-21:00,0.0
基础课部,2019-04-01,21:00-22:00,0.0
基础课部,2019-04-01,22:00-23:00,0.0
基础课部,2019-04-01,23:00-24:00,0.0
基础课部,2019-04-02,00:00-01:00,0.0
基础课部,2019-04-02,01:00-02:00,0.0
基础课部,2019-04-02,02:00-03:00,0.0
基础课部,2019-04-02,03:00-04:00,22.0
基础课部,2019-04-02,04:00-05:00,81.0
基础课部,2019-04-02,05:00-06:00,20.0
基础课部,2019-04-02,06:00-07:00,0.0
基础课部,2019-04-02,07:00-08:00,0.0
基础课部,2019-04-02,08:00-09:00,0.0
基础课部,2019-04-02,09:00-10:00,0.0
基础课部,2019-04-02,10:00-11:00,0.0
基础课部,2019-04-02,11:00-12:00,0.0
基础课部,2019-04-02,12:00-13:00,0.0
基础课部,2019-04-02,13:00-14:00,0.0
基础课部,2019-04-02,14:00-15:00,0.0
基础课部,2019-04-02,15:00-16:00,0.0
基础课部,2019-04-02,16:00-17:00,0.0
基础课部,2019-04-02,17:00-18:00,0.0
基础课部,2019-04-02,18:00-19:00,0.0
基础课部,2019-04-02,19:00-20:00,0.0
基础课部,2019-04-02,20:00-21:00,0.0
基础课部,2019-04-02,21:00-22:00,0.0
基础课部,2019-04-02,22:00-23:00,0.0
基础课部,2019-04-02,23:00-24:00,0.0
基础课部,2019-04-03,00:00-01:00,0.0
基础课部,2019-04-03,01:00-02:00,0.0
基础课部,2019-04-03,02:00-03:00,0.0
基础课部,2019-04-03,03:00-04:00,0.0
基础课部,2019-04-03,04:00-05:00,0.0
基础课部,2019-04-03,05:00-06:00,0.0
基础课部,2019-04-03,06:00-07:00,0.0
基础课部,2019-04-03,07:00-08:00,57.0
基础课部,2019-04-03,08:00-09:00,0.0
基础课部,2019-04-03,09:00-10:00,0.0
基础课部,2019-04-03,10:00-11:00,0.0
基础课部,2019-04-03,11:00-12:00,0.0
基础课部,2019-04-03,12:00-13:00,0.0
基础课部,2019-04-03,13:00-14:00,0.0
基础课部,2019-04-03,14:00-15:00,0.0
基础课部,2019-04-03,15:00-16:00,0.0
基础课部,2019-04-03,16:00-17:00,0.0
基础课部,2019-04-03,17:00-18:00,0.0
基础课部,2019-04-03,18:00-19:00,0.0
基础课部,2019-04-03,19:00-20:00,0.0
基础课部,2019-04-03,20:00-21:00,0.0
基础课部,2019-04-03,21:00-22:00,5.0
基础课部,2019-04-03,22:00-23:00,10.0
基础课部,2019-04-03,23:00-24:00,2.0
基础课部,2019-04-04,00:00-01:00,0.0
基础课部,2019-04-04,01:00-02:00,0.0
基础课部,2019-04-04,02:00-03:00,0.0
基础课部,2019-04-04,03:00-04:00,43.0
基础课部,2019-04-04,04:00-05:00,24.0
基础课部,2019-04-04,05:00-06:00,0.0
基础课部,2019-04-04,06:00-07:00,0.0
基础课部,2019-04-04,07:00-08:00,0.0
基础课部,2019-04-04,08:00-09:00,0.0
基础课部,2019-04-04,09:00-10:00,0.0
基础课部,2019-04-04,10:00-11:00,0.0
基础课部,2019-04-04,11:00-12:00,0.0
基础课部,2019-04-04,12:00-13:00,0.0
基础课部,2019-04-04,13:00-14:00,0.0
基础课部,2019-04-04,14:00-15:00,0.0
基础课部,2019-04-04,15:00-16:00,0.0
基础课部,2019-04-04,16:00-17:00,0.0
基础课部,2019-04-04,17:00-18:00,0.0
基础课部,2019-04-04,18:00-19:00,0.0
基础课部,2019-04-04,19:00-20:00,0.0
基础课部,2019-04-04,20:00-21:00,0.0
基础课部,2019-04-04,21:00-22:00,0.0
基础课部,2019-04-04,22:00-23:00,0.0
基础课部,2019-04-04,23:00-24:00,0.0
基础课部,2019-04-05,00:00-01:00,0.0
基础课部,2019-04-05,01:00-02:00,0.0
基础课部,2019-04-05,02:00-03:00,0.0
基础课部,2019-04-05,03:00-04:00,0.0
基础课部,2019-04-05,04:00-05:00,0.0
基础课部,2019-04-05,05:00-06:00,0.0
基础课部,2019-04-05,06:00-07:00,0.0
基础课部,2019-04-05,07:00-08:00,0.0
基础课部,2019-04-05,08:00-09:00,0.0
基础课部,2019-04-05,09:00-10:00,0.0
基础课部,2019-04-05,10:00-11:00,0.0
基础课部,2019-04-05,11:00-12:00,0.0
基础课部,2019-04-05,12:00-13:00,0.0
基础课部,2019-04-05,13:00-14:00,0.0
基础课部,2019-04-05,14:00-15:00,0.0
基础课部,2019-04-05,15:00-16:00,0.0
基础课部,2019-04-05,16:00-17:00,0.0
基础课部,2019-04-05,17:00-18:00,0.0
基础课部,2019-04-05,18:00-19:00,0.0
基础课部,2019-04-05,19:00-20:00,0.0
基础课部,2019-04-05,20:00-21:00,0.0
基础课部,2019-04-05,21:00-22:00,0.0
基础课部,2019-04-05,22:00-23:00,0.0
基础课部,2019-04-05,23:00-24:00,0.0
基础课部,2019-04-06,00:00-01:00,0.0
基础课部,2019-04-06,01:00-02:00,0.0
基础课部,2019-04-06,02:00-03:00,0.0
基础课部,2019-04-06,03:00-04:00,0.0
基础课部,2019-04-06,04:00-05:00,0.0
基础课部,2019-04-06,05:00-06:00,0.0
基础课部,2019-04-06,06:00-07:00,0.0
基础课部,2019-04-06,07:00-08:00,20.0
基础课部,2019-04-06,08:00-09:00,0.0
基础课部,2019-04-06,09:00-10:00,0.0
基础课部,2019-04-06,10:00-11:00,0.0
基础课部,2019-04-06,11:00-12:00,0.0
基础课部,2019-04-06,12:00-13:00,0.0
基础课部,2019-04-06,13:00-14:00,0.0
基础课部,2019-04-06,14:00-15:00,0.0
基础课部,2019-04-06,15:00-16:00,0.0
基础课部,2019-04-06,16:00-17:00,0.0
基础课部,2019-04-06,17:00-18:00,0.0
基础课部,2019-04-06,18:00-19:00,0.0
基础课部,2019-04-06,19:00-20:00,0.0
基础课部,2019-04-06,20:00-21:00,0.0
基础课部,2019-04-06,21:00-22:00,0.0
基础课部,2019-04-06,22:00-23:00,0.0
基础课部,2019-04-06,23:00-24:00,0.0
基础课部,2019-04-07,00:00-01:00,0.0
基础课部,2019-04-07,01:00-02:00,0.0
基础课部,2019-04-07,02:00-03:00,0.0
基础课部,2019-04-07,03:00-04:00,0.0
基础课部,2019-04-07,04:00-05:00,0.0
基础课部,2019-04-07,05:00-06:00,0.0
基础课部,2019-04-07,06:00-07:00,0.0
基础课部,2019-04-07,07:00-08:00,36.0
基础课部,2019-04-07,08:00-09:00,0.0
基础课部,2019-04-07,09:00-10:00,0.0
基础课部,2019-04-07,10:00-11:00,0.0
基础课部,2019-04-07,11:00-12:00,0.0
基础课部,2019-04-07,12:00-13:00,0.0
基础课部,2019-04-07,13:00-14:00,0.0
基础课部,2019-04-07,14:00-15:00,0.0
基础课部,2019-04-07,15:00-16:00,0.0
基础课部,2019-04-07,16:00-17:00,0.0
基础课部,2019-04-07,17:00-18:00,0.0
基础课部,2019-04-07,18:00-19:00,0.0
基础课部,2019-04-07,19:00-20:00,0.0
基础课部,2019-04-07,20:00-21:00,0.0
基础课部,2019-04-07,21:00-22:00,0.0
基础课部,2019-04-07,22:00-23:00,0.0
基础课部,2019-04-07,23:00-24:00,0.0
基础课部,2019-04-08,00:00-01:00,0.0
基础课部,2019-04-08,01:00-02:00,0.0
基础课部,2019-04-08,02:00-03:00,0.0
基础课部,2019-04-08,03:00-04:00,0.0
基础课部,2019-04-08,04:00-05:00,0.0
基础课部,2019-04-08,05:00-06:00,0.0
基础课部,2019-04-08,06:00-07:00,0.0
基础课部,2019-04-08,07:00-08:00,35.0
基础课部,2019-04-08,08:00-09:00,5.0
基础课部,2019-04-08,09:00-10:00,0.0
基础课部,2019-04-08,10:00-11:00,0.0
基础课部,2019-04-08,11:00-12:00,0.0
基础课部,2019-04-08,12:00-13:00,0.0
基础课部,2019-04-08,13:00-14:00,0.0
基础课部,2019-04-08,14:00-15:00,0.0
基础课部,2019-04-08,15:00-16:00,0.0
基础课部,2019-04-08,16:00-17:00,0.0
基础课部,2019-04-08,17:00-18:00,0.0
基础课部,2019-04-08,18:00-19:00,0.0
基础课部,2019-04-08,19:00-20:00,0.0
基础课部,2019-04-08,20:00-21:00,0.0
基础课部,2019-04-08,21:00-22:00,0.0
基础课部,2019-04-08,22:00-23:00,0.0
基础课部,2019-04-08,23:00-24:00,0.0
基础课部,2019-04-09,00:00-01:00,0.0
基础课部,2019-04-09,01:00-02:00,0.0
基础课部,2019-04-09,02:00-03:00,0.0
基础课部,2019-04-09,03:00-04:00,0.0
基础课部,2019-04-09,04:00-05:00,0.0
基础课部,2019-04-09,05:00-06:00,0.0
基础课部,2019-04-09,06:00-07:00,0.0
基础课部,2019-04-09,07:00-08:00,24.0
基础课部,2019-04-09,08:00-09:00,0.0
基础课部,2019-04-09,09:00-10:00,0.0
基础课部,2019-04-09,10:00-11:00,0.0
基础课部,2019-04-09,11:00-12:00,0.0
基础课部,2019-04-09,12:00-13:00,0.0
基础课部,2019-04-09,13:00-14:00,0.0
基础课部,2019-04-09,14:00-15:00,0.0
基础课部,2019-04-09,15:00-16:00,0.0
基础课部,2019-04-09,16:00-17:00,0.0
基础课部,2019-04-09,17:00-18:00,0.0
基础课部,2019-04-09,18:00-19:00,0.0
基础课部,2019-04-09,19:00-20:00,0.0
基础课部,2019-04-09,20:00-21:00,0.0
基础课部,2019-04-09,21:00-22:00,0.0
基础课部,2019-04-09,22:00-23:00,0.0
基础课部,2019-04-09,23:00-24:00,0.0
基础课部,2019-04-10,00:00-01:00,0.0
基础课部,2019-04-10,01:00-02:00,0.0
基础课部,2019-04-10,02:00-03:00,0.0
基础课部,2019-04-10,03:00-04:00,0.0
基础课部,2019-04-10,04:00-05:00,0.0
基础课部,2019-04-10,05:00-06:00,0.0
基础课部,2019-04-10,06:00-07:00,0.0
基础课部,2019-04-10,07:00-08:00,10.0
基础课部,2019-04-10,08:00-09:00,5.0
基础课部,2019-04-10,09:00-10:00,0.0
基础课部,2019-04-10,10:00-11:00,0.0
基础课部,2019-04-10,11:00-12:00,0.0
基础课部,2019-04-10,12:00-13:00,0.0
基础课部,2019-04-10,13:00-14:00,0.0
基础课部,2019-04-10,14:00-15:00,0.0
基础课部,2019-04-10,15:00-16:00,0.0
基础课部,2019-04-10,16:00-17:00,0.0
基础课部,2019-04-10,17:00-18:00,0.0
基础课部,2019-04-10,18:00-19:00,0.0
基础课部,2019-04-10,19:00-20:00,0.0
基础课部,2019-04-10,20:00-21:00,0.0
基础课部,2019-04-10,21:00-22:00,0.0
基础课部,2019-04-10,22:00-23:00,0.0
基础课部,2019-04-10,23:00-24:00,0.0
基础课部,2019-04-11,00:00-01:00,0.0
基础课部,2019-04-11,01:00-02:00,0.0
基础课部,2019-04-11,02:00-03:00,0.0
基础课部,2019-04-11,03:00-04:00,11.0
基础课部,2019-04-11,04:00-05:00,18.0
基础课部,2019-04-11,05:00-06:00,5.0
基础课部,2019-04-11,06:00-07:00,0.0
基础课部,2019-04-11,07:00-08:00,0.0
基础课部,2019-04-11,08:00-09:00,0.0
基础课部,2019-04-11,09:00-10:00,0.0
基础课部,2019-04-11,10:00-11:00,0.0
基础课部,2019-04-11,11:00-12:00,0.0
基础课部,2019-04-11,12:00-13:00,0.0
基础课部,2019-04-11,13:00-14:00,0.0
基础课部,2019-04-11,14:00-15:00,0.0
基础课部,2019-04-11,15:00-16:00,0.0
基础课部,2019-04-11,16:00-17:00,0.0
基础课部,2019-04-11,17:00-18:00,0.0
基础课部,2019-04-11,18:00-19:00,0.0
基础课部,2019-04-11,19:00-20:00,0.0
基础课部,2019-04-11,20:00-21:00,0.0
基础课部,2019-04-11,21:00-22:00,5.0
基础课部,2019-04-11,22:00-23:00,0.0
基础课部,2019-04-11,23:00-24:00,0.0
基础课部,2019-04-12,00:00-01:00,0.0
基础课部,2019-04-12,01:00-02:00,0.0
基础课部,2019-04-12,02:00-03:00,0.0
基础课部,2019-04-12,03:00-04:00,31.0
基础课部,2019-04-12,04:00-05:00,47.0
基础课部,2019-04-12,05:00-06:00,0.0
基础课部,2019-04-12,06:00-07:00,0.0
基础课部,2019-04-12,07:00-08:00,0.0
基础课部,2019-04-12,08:00-09:00,0.0
基础课部,2019-04-12,09:00-10:00,0.0
基础课部,2019-04-12,10:00-11:00,0.0
基础课部,2019-04-12,11:00-12:00,0.0
基础课部,2019-04-12,12:00-13:00,0.0
基础课部,2019-04-12,13:00-14:00,0.0
基础课部,2019-04-12,14:00-15:00,0.0
基础课部,2019-04-12,15:00-16:00,0.0
基础课部,2019-04-12,16:00-17:00,0.0
基础课部,2019-04-12,17:00-18:00,0.0
基础课部,2019-04-12,18:00-19:00,0.0
基础课部,2019-04-12,19:00-20:00,0.0
基础课部,2019-04-12,20:00-21:00,0.0
基础课部,2019-04-12,21:00-22:00,0.0
基础课部,2019-04-12,22:00-23:00,0.0
基础课部,2019-04-12,23:00-24:00,0.0
基础课部,2019-04-13,00:00-01:00,0.0
基础课部,2019-04-13,01:00-02:00,0.0
基础课部,2019-04-13,02:00-03:00,0.0
基础课部,2019-04-13,03:00-04:00,0.0
基础课部,2019-04-13,04:00-05:00,0.0
基础课部,2019-04-13,05:00-06:00,0.0
基础课部,2019-04-13,06:00-07:00,0.0
基础课部,2019-04-13,07:00-08:00,35.0
基础课部,2019-04-13,08:00-09:00,10.0
基础课部,2019-04-13,09:00-10:00,0.0
基础课部,2019-04-13,10:00-11:00,0.0
基础课部,2019-04-13,11:00-12:00,0.0
基础课部,2019-04-13,12:00-13:00,0.0
基础课部,2019-04-13,13:00-14:00,0.0
基础课部,2019-04-13,14:00-15:00,0.0
基础课部,2019-04-13,15:00-16:00,0.0
基础课部,2019-04-13,16:00-17:00,0.0
基础课部,2019-04-13,17:00-18:00,0.0
基础课部,2019-04-13,18:00-19:00,0.0
基础课部,2019-04-13,19:00-20:00,0.0
基础课部,2019-04-13,20:00-21:00,0.0
基础课部,2019-04-13,21:00-22:00,0.0
基础课部,2019-04-13,22:00-23:00,0.0
基础课部,2019-04-13,23:00-24:00,0.0
基础课部,2019-04-14,00:00-01:00,0.0
基础课部,2019-04-14,01:00-02:00,0.0
基础课部,2019-04-14,02:00-03:00,0.0
基础课部,2019-04-14,03:00-04:00,0.0
基础课部,2019-04-14,04:00-05:00,0.0
基础课部,2019-04-14,05:00-06:00,0.0
基础课部,2019-04-14,06:00-07:00,0.0
基础课部,2019-04-14,07:00-08:00,26.0
基础课部,2019-04-14,08:00-09:00,5.0
基础课部,2019-04-14,09:00-10:00,0.0
基础课部,2019-04-14,10:00-11:00,0.0
基础课部,2019-04-14,11:00-12:00,0.0
基础课部,2019-04-14,12:00-13:00,0.0
基础课部,2019-04-14,13:00-14:00,0.0
基础课部,2019-04-14,14:00-15:00,0.0
基础课部,2019-04-14,15:00-16:00,0.0
基础课部,2019-04-14,16:00-17:00,0.0
基础课部,2019-04-14,17:00-18:00,0.0
基础课部,2019-04-14,18:00-19:00,0.0
基础课部,2019-04-14,19:00-20:00,0.0
基础课部,2019-04-14,20:00-21:00,0.0
基础课部,2019-04-14,21:00-22:00,0.0
基础课部,2019-04-14,22:00-23:00,0.0
基础课部,2019-04-14,23:00-24:00,0.0
基础课部,2019-04-15,00:00-01:00,0.0
基础课部,2019-04-15,01:00-02:00,0.0
基础课部,2019-04-15,02:00-03:00,0.0
基础课部,2019-04-15,03:00-04:00,0.0
基础课部,2019-04-15,04:00-05:00,0.0
基础课部,2019-04-15,05:00-06:00,0.0
基础课部,2019-04-15,06:00-07:00,0.0
基础课部,2019-04-15,07:00-08:00,15.0
基础课部,2019-04-15,08:00-09:00,0.0
基础课部,2019-04-15,09:00-10:00,0.0
基础课部,2019-04-15,10:00-11:00,0.0
基础课部,2019-04-15,11:00-12:00,0.0
基础课部,2019-04-15,12:00-13:00,0.0
基础课部,2019-04-15,13:00-14:00,0.0
基础课部,2019-04-15,14:00-15:00,0.0
基础课部,2019-04-15,15:00-16:00,0.0
基础课部,2019-04-15,16:00-17:00,0.0
基础课部,2019-04-15,17:00-18:00,0.0
基础课部,2019-04-15,18:00-19:00,0.0
基础课部,2019-04-15,19:00-20:00,0.0
基础课部,2019-04-15,20:00-21:00,0.0
基础课部,2019-04-15,21:00-22:00,0.0
基础课部,2019-04-15,22:00-23:00,0.0
基础课部,2019-04-15,23:00-24:00,0.0
基础课部,2019-04-16,00:00-01:00,0.0
基础课部,2019-04-16,01:00-02:00,0.0
基础课部,2019-04-16,02:00-03:00,0.0
基础课部,2019-04-16,03:00-04:00,0.0
基础课部,2019-04-16,04:00-05:00,0.0
基础课部,2019-04-16,05:00-06:00,0.0
基础课部,2019-04-16,06:00-07:00,0.0
基础课部,2019-04-16,07:00-08:00,0.0
基础课部,2019-04-16,08:00-09:00,0.0
基础课部,2019-04-16,09:00-10:00,0.0
基础课部,2019-04-16,10:00-11:00,0.0
基础课部,2019-04-16,11:00-12:00,0.0
基础课部,2019-04-16,12:00-13:00,0.0
基础课部,2019-04-16,13:00-14:00,0.0
基础课部,2019-04-16,14:00-15:00,0.0
基础课部,2019-04-16,15:00-16:00,0.0
基础课部,2019-04-16,16:00-17:00,0.0
基础课部,2019-04-16,17:00-18:00,0.0
基础课部,2019-04-16,18:00-19:00,0.0
基础课部,2019-04-16,19:00-20:00,0.0
基础课部,2019-04-16,20:00-21:00,0.0
基础课部,2019-04-16,21:00-22:00,0.0
基础课部,2019-04-16,22:00-23:00,0.0
基础课部,2019-04-16,23:00-24:00,0.0
基础课部,2019-04-17,00:00-01:00,0.0
基础课部,2019-04-17,01:00-02:00,0.0
基础课部,2019-04-17,02:00-03:00,0.0
基础课部,2019-04-17,03:00-04:00,0.0
基础课部,2019-04-17,04:00-05:00,0.0
基础课部,2019-04-17,05:00-06:00,0.0
基础课部,2019-04-17,06:00-07:00,0.0
基础课部,2019-04-17,07:00-08:00,52.0
基础课部,2019-04-17,08:00-09:00,0.0
基础课部,2019-04-17,09:00-10:00,0.0
基础课部,2019-04-17,10:00-11:00,0.0
基础课部,2019-04-17,11:00-12:00,0.0
基础课部,2019-04-17,12:00-13:00,0.0
基础课部,2019-04-17,13:00-14:00,0.0
基础课部,2019-04-17,14:00-15:00,0.0
基础课部,2019-04-17,15:00-16:00,0.0
基础课部,2019-04-17,16:00-17:00,0.0
基础课部,2019-04-17,17:00-18:00,0.0
基础课部,2019-04-17,18:00-19:00,0.0
基础课部,2019-04-17,19:00-20:00,0.0
基础课部,2019-04-17,20:00-21:00,0.0
基础课部,2019-04-17,21:00-22:00,2.0
基础课部,2019-04-17,22:00-23:00,0.0
基础课部,2019-04-17,23:00-24:00,7.0
基础课部,2019-04-18,00:00-01:00,0.0
基础课部,2019-04-18,01:00-02:00,0.0
基础课部,2019-04-18,02:00-03:00,0.0
基础课部,2019-04-18,03:00-04:00,4.0
基础课部,2019-04-18,04:00-05:00,25.0
基础课部,2019-04-18,05:00-06:00,0.0
基础课部,2019-04-18,06:00-07:00,0.0
基础课部,2019-04-18,07:00-08:00,0.0
基础课部,2019-04-18,08:00-09:00,0.0
基础课部,2019-04-18,09:00-10:00,0.0
基础课部,2019-04-18,10:00-11:00,0.0
基础课部,2019-04-18,11:00-12:00,0.0
基础课部,2019-04-18,12:00-13:00,0.0
基础课部,2019-04-18,13:00-14:00,0.0
基础课部,2019-04-18,14:00-15:00,0.0
基础课部,2019-04-18,15:00-16:00,0.0
基础课部,2019-04-18,16:00-17:00,0.0
基础课部,2019-04-18,17:00-18:00,0.0
基础课部,2019-04-18,18:00-19:00,0.0
基础课部,2019-04-18,19:00-20:00,0.0
基础课部,2019-04-18,20:00-21:00,0.0
基础课部,2019-04-18,21:00-22:00,0.0
基础课部,2019-04-18,22:00-23:00,0.0
基础课部,2019-04-18,23:00-24:00,0.0
基础课部,2019-04-19,00:00-01:00,0.0
基础课部,2019-04-19,01:00-02:00,0.0
基础课部,2019-04-19,02:00-03:00,0.0
基础课部,2019-04-19,03:00-04:00,35.0
基础课部,2019-04-19,04:00-05:00,10.0
基础课部,2019-04-19,05:00-06:00,0.0
基础课部,2019-04-19,06:00-07:00,0.0
基础课部,2019-04-19,07:00-08:00,0.0
基础课部,2019-04-19,08:00-09:00,0.0
基础课部,2019-04-19,09:00-10:00,0.0
基础课部,2019-04-19,10:00-11:00,0.0
基础课部,2019-04-19,11:00-12:00,0.0
基础课部,2019-04-19,12:00-13:00,0.0
基础课部,2019-04-19,13:00-14:00,0.0
基础课部,2019-04-19,14:00-15:00,0.0
基础课部,2019-04-19,15:00-16:00,0.0
基础课部,2019-04-19,16:00-17:00,0.0
基础课部,2019-04-19,17:00-18:00,0.0
基础课部,2019-04-19,18:00-19:00,0.0
基础课部,2019-04-19,19:00-20:00,0.0
基础课部,2019-04-19,20:00-21:00,0.0
基础课部,2019-04-19,21:00-22:00,0.0
基础课部,2019-04-19,22:00-23:00,0.0
基础课部,2019-04-19,23:00-24:00,0.0
基础课部,2019-04-20,00:00-01:00,0.0
基础课部,2019-04-20,01:00-02:00,0.0
基础课部,2019-04-20,02:00-03:00,0.0
基础课部,2019-04-20,03:00-04:00,0.0
基础课部,2019-04-20,04:00-05:00,0.0
基础课部,2019-04-20,05:00-06:00,0.0
基础课部,2019-04-20,06:00-07:00,0.0
基础课部,2019-04-20,07:00-08:00,32.0
基础课部,2019-04-20,08:00-09:00,0.0
基础课部,2019-04-20,09:00-10:00,0.0
基础课部,2019-04-20,10:00-11:00,0.0
基础课部,2019-04-20,11:00-12:00,0.0
基础课部,2019-04-20,12:00-13:00,0.0
基础课部,2019-04-20,13:00-14:00,0.0
基础课部,2019-04-20,14:00-15:00,0.0
基础课部,2019-04-20,15:00-16:00,0.0
基础课部,2019-04-20,16:00-17:00,0.0
基础课部,2019-04-20,17:00-18:00,0.0
基础课部,2019-04-20,18:00-19:00,0.0
基础课部,2019-04-20,19:00-20:00,0.0
基础课部,2019-04-20,20:00-21:00,0.0
基础课部,2019-04-20,21:00-22:00,0.0
基础课部,2019-04-20,22:00-23:00,0.0
基础课部,2019-04-20,23:00-24:00,0.0
基础课部,2019-04-21,00:00-01:00,0.0
基础课部,2019-04-21,01:00-02:00,0.0
基础课部,2019-04-21,02:00-03:00,0.0
基础课部,2019-04-21,03:00-04:00,0.0
基础课部,2019-04-21,04:00-05:00,0.0
基础课部,2019-04-21,05:00-06:00,0.0
基础课部,2019-04-21,06:00-07:00,0.0
基础课部,2019-04-21,07:00-08:00,5.0
基础课部,2019-04-21,08:00-09:00,7.0
基础课部,2019-04-21,09:00-10:00,0.0
基础课部,2019-04-21,10:00-11:00,0.0
基础课部,2019-04-21,11:00-12:00,0.0
基础课部,2019-04-21,12:00-13:00,0.0
基础课部,2019-04-21,13:00-14:00,0.0
基础课部,2019-04-21,14:00-15:00,0.0
基础课部,2019-04-21,15:00-16:00,0.0
基础课部,2019-04-21,16:00-17:00,0.0
基础课部,2019-04-21,17:00-18:00,0.0
基础课部,2019-04-21,18:00-19:00,0.0
基础课部,2019-04-21,19:00-20:00,0.0
基础课部,2019-04-21,20:00-21:00,0.0
基础课部,2019-04-21,21:00-22:00,0.0
基础课部,2019-04-21,22:00-23:00,0.0
基础课部,2019-04-21,23:00-24:00,0.0
基础课部,2019-04-22,00:00-01:00,0.0
基础课部,2019-04-22,01:00-02:00,0.0
基础课部,2019-04-22,02:00-03:00,0.0
基础课部,2019-04-22,03:00-04:00,0.0
基础课部,2019-04-22,04:00-05:00,0.0
基础课部,2019-04-22,05:00-06:00,0.0
基础课部,2019-04-22,06:00-07:00,0.0
基础课部,2019-04-22,07:00-08:00,0.0
基础课部,2019-04-22,08:00-09:00,0.0
基础课部,2019-04-22,09:00-10:00,0.0
基础课部,2019-04-22,10:00-11:00,0.0
基础课部,2019-04-22,11:00-12:00,0.0
基础课部,2019-04-22,12:00-13:00,0.0
基础课部,2019-04-22,13:00-14:00,0.0
基础课部,2019-04-22,14:00-15:00,0.0
基础课部,2019-04-22,15:00-16:00,0.0
基础课部,2019-04-22,16:00-17:00,0.0
基础课部,2019-04-22,17:00-18:00,0.0
基础课部,2019-04-22,18:00-19:00,0.0
基础课部,2019-04-22,19:00-20:00,0.0
基础课部,2019-04-22,20:00-21:00,0.0
基础课部,2019-04-22,21:00-22:00,0.0
基础课部,2019-04-22,22:00-23:00,0.0
基础课部,2019-04-22,23:00-24:00,0.0
基础课部,2019-04-23,00:00-01:00,0.0
基础课部,2019-04-23,01:00-02:00,0.0
基础课部,2019-04-23,02:00-03:00,0.0
基础课部,2019-04-23,03:00-04:00,0.0
基础课部,2019-04-23,04:00-05:00,0.0
基础课部,2019-04-23,05:00-06:00,0.0
基础课部,2019-04-23,06:00-07:00,0.0
基础课部,2019-04-23,07:00-08:00,0.0
基础课部,2019-04-23,08:00-09:00,0.0
基础课部,2019-04-23,09:00-10:00,0.0
基础课部,2019-04-23,10:00-11:00,0.0
基础课部,2019-04-23,11:00-12:00,0.0
基础课部,2019-04-23,12:00-13:00,0.0
基础课部,2019-04-23,13:00-14:00,0.0
基础课部,2019-04-23,14:00-15:00,0.0
基础课部,2019-04-23,15:00-16:00,0.0
基础课部,2019-04-23,16:00-17:00,0.0
基础课部,2019-04-23,17:00-18:00,0.0
基础课部,2019-04-23,18:00-19:00,0.0
基础课部,2019-04-23,19:00-20:00,0.0
基础课部,2019-04-23,20:00-21:00,0.0
基础课部,2019-04-23,21:00-22:00,0.0
基础课部,2019-04-23,22:00-23:00,0.0
基础课部,2019-04-23,23:00-24:00,0.0
基础课部,2019-04-24,00:00-01:00,0.0
基础课部,2019-04-24,01:00-02:00,0.0
基础课部,2019-04-24,02:00-03:00,0.0
基础课部,2019-04-24,03:00-04:00,0.0
基础课部,2019-04-24,04:00-05:00,0.0
基础课部,2019-04-24,05:00-06:00,0.0
基础课部,2019-04-24,06:00-07:00,0.0
基础课部,2019-04-24,07:00-08:00,0.0
基础课部,2019-04-24,08:00-09:00,0.0
基础课部,2019-04-24,09:00-10:00,0.0
基础课部,2019-04-24,10:00-11:00,0.0
基础课部,2019-04-24,11:00-12:00,0.0
基础课部,2019-04-24,12:00-13:00,0.0
基础课部,2019-04-24,13:00-14:00,0.0
基础课部,2019-04-24,14:00-15:00,0.0
基础课部,2019-04-24,15:00-16:00,0.0
基础课部,2019-04-24,16:00-17:00,0.0
基础课部,2019-04-24,17:00-18:00,0.0
基础课部,2019-04-24,18:00-19:00,0.0
基础课部,2019-04-24,19:00-20:00,0.0
基础课部,2019-04-24,20:00-21:00,0.0
基础课部,2019-04-24,21:00-22:00,0.0
基础课部,2019-04-24,22:00-23:00,0.0
基础课部,2019-04-24,23:00-24:00,0.0
基础课部,2019-04-25,00:00-01:00,0.0
基础课部,2019-04-25,01:00-02:00,0.0
基础课部,2019-04-25,02:00-03:00,0.0
基础课部,2019-04-25,03:00-04:00,0.0
基础课部,2019-04-25,04:00-05:00,0.0
基础课部,2019-04-25,05:00-06:00,0.0
基础课部,2019-04-25,06:00-07:00,0.0
基础课部,2019-04-25,07:00-08:00,0.0
基础课部,2019-04-25,08:00-09:00,0.0
基础课部,2019-04-25,09:00-10:00,0.0
基础课部,2019-04-25,10:00-11:00,0.0
基础课部,2019-04-25,11:00-12:00,0.0
基础课部,2019-04-25,12:00-13:00,0.0
基础课部,2019-04-25,13:00-14:00,0.0
基础课部,2019-04-25,14:00-15:00,0.0
基础课部,2019-04-25,15:00-16:00,0.0
基础课部,2019-04-25,16:00-17:00,0.0
基础课部,2019-04-25,17:00-18:00,0.0
基础课部,2019-04-25,18:00-19:00,0.0
基础课部,2019-04-25,19:00-20:00,0.0
基础课部,2019-04-25,20:00-21:00,0.0
基础课部,2019-04-25,21:00-22:00,0.0
基础课部,2019-04-25,22:00-23:00,0.0
基础课部,2019-04-25,23:00-24:00,0.0
基础课部,2019-04-26,00:00-01:00,0.0
基础课部,2019-04-26,01:00-02:00,0.0
基础课部,2019-04-26,02:00-03:00,0.0
基础课部,2019-04-26,03:00-04:00,0.0
基础课部,2019-04-26,04:00-05:00,0.0
基础课部,2019-04-26,05:00-06:00,0.0
基础课部,2019-04-26,06:00-07:00,0.0
基础课部,2019-04-26,07:00-08:00,0.0
基础课部,2019-04-26,08:00-09:00,0.0
基础课部,2019-04-26,09:00-10:00,0.0
基础课部,2019-04-26,10:00-11:00,0.0
基础课部,2019-04-26,11:00-12:00,0.0
基础课部,2019-04-26,12:00-13:00,0.0
基础课部,2019-04-26,13:00-14:00,0.0
基础课部,2019-04-26,14:00-15:00,0.0
基础课部,2019-04-26,15:00-16:00,0.0
基础课部,2019-04-26,16:00-17:00,0.0
基础课部,2019-04-26,17:00-18:00,0.0
基础课部,2019-04-26,18:00-19:00,0.0
基础课部,2019-04-26,19:00-20:00,0.0
基础课部,2019-04-26,20:00-21:00,0.0
基础课部,2019-04-26,21:00-22:00,0.0
基础课部,2019-04-26,22:00-23:00,0.0
基础课部,2019-04-26,23:00-24:00,0.0
基础课部,2019-04-27,00:00-01:00,0.0
基础课部,2019-04-27,01:00-02:00,0.0
基础课部,2019-04-27,02:00-03:00,0.0
基础课部,2019-04-27,03:00-04:00,0.0
基础课部,2019-04-27,04:00-05:00,0.0
基础课部,2019-04-27,05:00-06:00,0.0
基础课部,2019-04-27,06:00-07:00,0.0
基础课部,2019-04-27,07:00-08:00,0.0
基础课部,2019-04-27,08:00-09:00,0.0
基础课部,2019-04-27,09:00-10:00,0.0
基础课部,2019-04-27,10:00-11:00,0.0
基础课部,2019-04-27,11:00-12:00,0.0
基础课部,2019-04-27,12:00-13:00,0.0
基础课部,2019-04-27,13:00-14:00,0.0
基础课部,2019-04-27,14:00-15:00,0.0
基础课部,2019-04-27,15:00-16:00,0.0
基础课部,2019-04-27,16:00-17:00,0.0
基础课部,2019-04-27,17:00-18:00,0.0
基础课部,2019-04-27,18:00-19:00,0.0
基础课部,2019-04-27,19:00-20:00,0.0
基础课部,2019-04-27,20:00-21:00,0.0
基础课部,2019-04-27,21:00-22:00,0.0
基础课部,2019-04-27,22:00-23:00,0.0
基础课部,2019-04-27,23:00-24:00,0.0
基础课部,2019-04-28,00:00-01:00,0.0
基础课部,2019-04-28,01:00-02:00,0.0
基础课部,2019-04-28,02:00-03:00,0.0
基础课部,2019-04-28,03:00-04:00,0.0
基础课部,2019-04-28,04:00-05:00,0.0
基础课部,2019-04-28,05:00-06:00,0.0
基础课部,2019-04-28,06:00-07:00,0.0
基础课部,2019-04-28,07:00-08:00,0.0
基础课部,2019-04-28,08:00-09:00,0.0
基础课部,2019-04-28,09:00-10:00,0.0
基础课部,2019-04-28,10:00-11:00,0.0
基础课部,2019-04-28,11:00-12:00,0.0
基础课部,2019-04-28,12:00-13:00,0.0
基础课部,2019-04-28,13:00-14:00,0.0
基础课部,2019-04-28,14:00-15:00,0.0
基础课部,2019-04-28,15:00-16:00,0.0
基础课部,2019-04-28,16:00-17:00,0.0
基础课部,2019-04-28,17:00-18:00,0.0
基础课部,2019-04-28,18:00-19:00,0.0
基础课部,2019-04-28,19:00-20:00,0.0
基础课部,2019-04-28,20:00-21:00,0.0
基础课部,2019-04-28,21:00-22:00,0.0
基础课部,2019-04-28,22:00-23:00,0.0
基础课部,2019-04-28,23:00-24:00,0.0
基础课部,2019-04-29,00:00-01:00,0.0
基础课部,2019-04-29,01:00-02:00,0.0
基础课部,2019-04-29,02:00-03:00,0.0
基础课部,2019-04-29,03:00-04:00,0.0
基础课部,2019-04-29,04:00-05:00,0.0
基础课部,2019-04-29,05:00-06:00,0.0
基础课部,2019-04-29,06:00-07:00,0.0
基础课部,2019-04-29,07:00-08:00,15.0
基础课部,2019-04-29,08:00-09:00,0.0
基础课部,2019-04-29,09:00-10:00,0.0
基础课部,2019-04-29,10:00-11:00,0.0
基础课部,2019-04-29,11:00-12:00,0.0
基础课部,2019-04-29,12:00-13:00,0.0
基础课部,2019-04-29,13:00-14:00,0.0
基础课部,2019-04-29,14:00-15:00,0.0
基础课部,2019-04-29,15:00-16:00,0.0
基础课部,2019-04-29,16:00-17:00,0.0
基础课部,2019-04-29,17:00-18:00,0.0
基础课部,2019-04-29,18:00-19:00,0.0
基础课部,2019-04-29,19:00-20:00,0.0
基础课部,2019-04-29,20:00-21:00,0.0
基础课部,2019-04-29,21:00-22:00,0.0
基础课部,2019-04-29,22:00-23:00,0.0
基础课部,2019-04-29,23:00-24:00,0.0
基础课部,2019-04-30,00:00-01:00,0.0
基础课部,2019-04-30,01:00-02:00,0.0
基础课部,2019-04-30,02:00-03:00,0.0
基础课部,2019-04-30,03:00-04:00,0.0
基础课部,2019-04-30,04:00-05:00,0.0
基础课部,2019-04-30,05:00-06:00,0.0
基础课部,2019-04-30,06:00-07:00,0.0
基础课部,2019-04-30,07:00-08:00,35.0
基础课部,2019-04-30,08:00-09:00,0.0
基础课部,2019-04-30,09:00-10:00,0.0
基础课部,2019-04-30,10:00-11:00,0.0
基础课部,2019-04-30,11:00-12:00,0.0
基础课部,2019-04-30,12:00-13:00,0.0
基础课部,2019-04-30,13:00-14:00,0.0
基础课部,2019-04-30,14:00-15:00,0.0
基础课部,2019-04-30,15:00-16:00,0.0
基础课部,2019-04-30,16:00-17:00,0.0
基础课部,2019-04-30,17:00-18:00,0.0
基础课部,2019-04-30,18:00-19:00,0.0
基础课部,2019-04-30,19:00-20:00,0.0
基础课部,2019-04-30,20:00-21:00,0.0
基础课部,2019-04-30,21:00-22:00,0.0
基础课部,2019-04-30,22:00-23:00,0.0
基础课部,2019-04-30,23:00-24:00,0.0
好利来食品店,2019-04-01,00:00-01:00,0.0
好利来食品店,2019-04-01,01:00-02:00,0.0
好利来食品店,2019-04-01,02:00-03:00,0.0
好利来食品店,2019-04-01,03:00-04:00,0.0
好利来食品店,2019-04-01,04:00-05:00,0.0
好利来食品店,2019-04-01,05:00-06:00,0.0
好利来食品店,2019-04-01,06:00-07:00,10.0
好利来食品店,2019-04-01,07:00-08:00,1190.5
好利来食品店,2019-04-01,08:00-09:00,120.6
好利来食品店,2019-04-01,09:00-10:00,792.0
好利来食品店,2019-04-01,10:00-11:00,120.7
好利来食品店,2019-04-01,11:00-12:00,307.0
好利来食品店,2019-04-01,12:00-13:00,515.6
好利来食品店,2019-04-01,13:00-14:00,115.4
好利来食品店,2019-04-01,14:00-15:00,172.0
好利来食品店,2019-04-01,15:00-16:00,76.7
好利来食品店,2019-04-01,16:00-17:00,907.4
好利来食品店,2019-04-01,17:00-18:00,352.4
好利来食品店,2019-04-01,18:00-19:00,445.4
好利来食品店,2019-04-01,19:00-20:00,346.8
好利来食品店,2019-04-01,20:00-21:00,273.6
好利来食品店,2019-04-01,21:00-22:00,601.1
好利来食品店,2019-04-01,22:00-23:00,258.6
好利来食品店,2019-04-01,23:00-24:00,10.0
好利来食品店,2019-04-02,00:00-01:00,0.0
好利来食品店,2019-04-02,01:00-02:00,0.0
好利来食品店,2019-04-02,02:00-03:00,0.0
好利来食品店,2019-04-02,03:00-04:00,0.0
好利来食品店,2019-04-02,04:00-05:00,0.0
好利来食品店,2019-04-02,05:00-06:00,0.0
好利来食品店,2019-04-02,06:00-07:00,11.0
好利来食品店,2019-04-02,07:00-08:00,1156.3
好利来食品店,2019-04-02,08:00-09:00,139.6
好利来食品店,2019-04-02,09:00-10:00,501.1
好利来食品店,2019-04-02,10:00-11:00,19.4
好利来食品店,2019-04-02,11:00-12:00,250.5
好利来食品店,2019-04-02,12:00-13:00,426.1
好利来食品店,2019-04-02,13:00-14:00,103.8
好利来食品店,2019-04-02,14:00-15:00,179.2
好利来食品店,2019-04-02,15:00-16:00,81.0
好利来食品店,2019-04-02,16:00-17:00,763.2
好利来食品店,2019-04-02,17:00-18:00,492.1
好利来食品店,2019-04-02,18:00-19:00,485.0
好利来食品店,2019-04-02,19:00-20:00,278.2
好利来食品店,2019-04-02,20:00-21:00,197.3
好利来食品店,2019-04-02,21:00-22:00,220.3
好利来食品店,2019-04-02,22:00-23:00,198.1
好利来食品店,2019-04-02,23:00-24:00,6.5
好利来食品店,2019-04-03,00:00-01:00,0.0
好利来食品店,2019-04-03,01:00-02:00,0.0
好利来食品店,2019-04-03,02:00-03:00,0.0
好利来食品店,2019-04-03,03:00-04:00,0.0
好利来食品店,2019-04-03,04:00-05:00,0.0
好利来食品店,2019-04-03,05:00-06:00,0.0
好利来食品店,2019-04-03,06:00-07:00,15.5
好利来食品店,2019-04-03,07:00-08:00,1154.1
好利来食品店,2019-04-03,08:00-09:00,68.5
好利来食品店,2019-04-03,09:00-10:00,293.3
好利来食品店,2019-04-03,10:00-11:00,15.0
好利来食品店,2019-04-03,11:00-12:00,267.1
好利来食品店,2019-04-03,12:00-13:00,384.9
好利来食品店,2019-04-03,13:00-14:00,139.6
好利来食品店,2019-04-03,14:00-15:00,224.0
好利来食品店,2019-04-03,15:00-16:00,93.3
好利来食品店,2019-04-03,16:00-17:00,643.8
好利来食品店,2019-04-03,17:00-18:00,312.6
好利来食品店,2019-04-03,18:00-19:00,547.8
好利来食品店,2019-04-03,19:00-20:00,307.3
好利来食品店,2019-04-03,20:00-21:00,175.1
好利来食品店,2019-04-03,21:00-22:00,619.0
好利来食品店,2019-04-03,22:00-23:00,374.3
好利来食品店,2019-04-03,23:00-24:00,35.7
好利来食品店,2019-04-04,00:00-01:00,0.0
好利来食品店,2019-04-04,01:00-02:00,0.0
好利来食品店,2019-04-04,02:00-03:00,0.0
好利来食品店,2019-04-04,03:00-04:00,0.0
好利来食品店,2019-04-04,04:00-05:00,0.0
好利来食品店,2019-04-04,05:00-06:00,0.0
好利来食品店,2019-04-04,06:00-07:00,3.5
好利来食品店,2019-04-04,07:00-08:00,1484.7
好利来食品店,2019-04-04,08:00-09:00,114.5
好利来食品店,2019-04-04,09:00-10:00,468.6
好利来食品店,2019-04-04,10:00-11:00,52.2
好利来食品店,2019-04-04,11:00-12:00,299.3
好利来食品店,2019-04-04,12:00-13:00,467.1
好利来食品店,2019-04-04,13:00-14:00,140.2
好利来食品店,2019-04-04,14:00-15:00,203.9
好利来食品店,2019-04-04,15:00-16:00,194.9
好利来食品店,2019-04-04,16:00-17:00,319.1
好利来食品店,2019-04-04,17:00-18:00,257.5
好利来食品店,2019-04-04,18:00-19:00,443.2
好利来食品店,2019-04-04,19:00-20:00,331.9
好利来食品店,2019-04-04,20:00-21:00,205.6
好利来食品店,2019-04-04,21:00-22:00,620.6
好利来食品店,2019-04-04,22:00-23:00,263.1
好利来食品店,2019-04-04,23:00-24:00,5.5
好利来食品店,2019-04-05,00:00-01:00,0.0
好利来食品店,2019-04-05,01:00-02:00,0.0
好利来食品店,2019-04-05,02:00-03:00,0.0
好利来食品店,2019-04-05,03:00-04:00,0.0
好利来食品店,2019-04-05,04:00-05:00,0.0
好利来食品店,2019-04-05,05:00-06:00,0.0
好利来食品店,2019-04-05,06:00-07:00,0.0
好利来食品店,2019-04-05,07:00-08:00,116.5
好利来食品店,2019-04-05,08:00-09:00,374.5
好利来食品店,2019-04-05,09:00-10:00,280.1
好利来食品店,2019-04-05,10:00-11:00,136.4
好利来食品店,2019-04-05,11:00-12:00,158.5
好利来食品店,2019-04-05,12:00-13:00,252.6
好利来食品店,2019-04-05,13:00-14:00,99.5
好利来食品店,2019-04-05,14:00-15:00,70.3
好利来食品店,2019-04-05,15:00-16:00,65.8
好利来食品店,2019-04-05,16:00-17:00,147.6
好利来食品店,2019-04-05,17:00-18:00,142.9
好利来食品店,2019-04-05,18:00-19:00,359.3
好利来食品店,2019-04-05,19:00-20:00,341.1
好利来食品店,2019-04-05,20:00-21:00,202.2
好利来食品店,2019-04-05,21:00-22:00,137.5
好利来食品店,2019-04-05,22:00-23:00,180.5
好利来食品店,2019-04-05,23:00-24:00,0.0
好利来食品店,2019-04-06,00:00-01:00,0.0
好利来食品店,2019-04-06,01:00-02:00,0.0
好利来食品店,2019-04-06,02:00-03:00,0.0
好利来食品店,2019-04-06,03:00-04:00,0.0
好利来食品店,2019-04-06,04:00-05:00,0.0
好利来食品店,2019-04-06,05:00-06:00,0.0
好利来食品店,2019-04-06,06:00-07:00,0.0
好利来食品店,2019-04-06,07:00-08:00,82.0
好利来食品店,2019-04-06,08:00-09:00,167.0
好利来食品店,2019-04-06,09:00-10:00,168.5
好利来食品店,2019-04-06,10:00-11:00,120.5
好利来食品店,2019-04-06,11:00-12:00,185.9
好利来食品店,2019-04-06,12:00-13:00,190.5
好利来食品店,2019-04-06,13:00-14:00,162.9
好利来食品店,2019-04-06,14:00-15:00,93.0
好利来食品店,2019-04-06,15:00-16:00,156.4
好利来食品店,2019-04-06,16:00-17:00,105.5
好利来食品店,2019-04-06,17:00-18:00,142.2
好利来食品店,2019-04-06,18:00-19:00,239.9
好利来食品店,2019-04-06,19:00-20:00,189.6
好利来食品店,2019-04-06,20:00-21:00,156.3
好利来食品店,2019-04-06,21:00-22:00,125.7
好利来食品店,2019-04-06,22:00-23:00,122.5
好利来食品店,2019-04-06,23:00-24:00,0.0
好利来食品店,2019-04-07,00:00-01:00,0.0
好利来食品店,2019-04-07,01:00-02:00,0.0
好利来食品店,2019-04-07,02:00-03:00,0.0
好利来食品店,2019-04-07,03:00-04:00,0.0
好利来食品店,2019-04-07,04:00-05:00,0.0
好利来食品店,2019-04-07,05:00-06:00,0.0
好利来食品店,2019-04-07,06:00-07:00,0.0
好利来食品店,2019-04-07,07:00-08:00,19.5
好利来食品店,2019-04-07,08:00-09:00,162.0
好利来食品店,2019-04-07,09:00-10:00,156.7
好利来食品店,2019-04-07,10:00-11:00,127.0
好利来食品店,2019-04-07,11:00-12:00,166.1
好利来食品店,2019-04-07,12:00-13:00,225.9
好利来食品店,2019-04-07,13:00-14:00,117.1
好利来食品店,2019-04-07,14:00-15:00,50.0
好利来食品店,2019-04-07,15:00-16:00,39.8
好利来食品店,2019-04-07,16:00-17:00,72.4
好利来食品店,2019-04-07,17:00-18:00,187.6
好利来食品店,2019-04-07,18:00-19:00,196.3
好利来食品店,2019-04-07,19:00-20:00,220.4
好利来食品店,2019-04-07,20:00-21:00,205.5
好利来食品店,2019-04-07,21:00-22:00,286.6
好利来食品店,2019-04-07,22:00-23:00,242.2
好利来食品店,2019-04-07,23:00-24:00,0.0
好利来食品店,2019-04-08,00:00-01:00,0.0
好利来食品店,2019-04-08,01:00-02:00,0.0
好利来食品店,2019-04-08,02:00-03:00,0.0
好利来食品店,2019-04-08,03:00-04:00,0.0
好利来食品店,2019-04-08,04:00-05:00,0.0
好利来食品店,2019-04-08,05:00-06:00,0.0
好利来食品店,2019-04-08,06:00-07:00,9.5
好利来食品店,2019-04-08,07:00-08:00,1152.5
好利来食品店,2019-04-08,08:00-09:00,158.5
好利来食品店,2019-04-08,09:00-10:00,623.5
好利来食品店,2019-04-08,10:00-11:00,175.2
好利来食品店,2019-04-08,11:00-12:00,229.0
好利来食品店,2019-04-08,12:00-13:00,324.9
好利来食品店,2019-04-08,13:00-14:00,80.9
好利来食品店,2019-04-08,14:00-15:00,265.2
好利来食品店,2019-04-08,15:00-16:00,51.1
好利来食品店,2019-04-08,16:00-17:00,906.2
好利来食品店,2019-04-08,17:00-18:00,389.7
好利来食品店,2019-04-08,18:00-19:00,515.8
好利来食品店,2019-04-08,19:00-20:00,384.2
好利来食品店,2019-04-08,20:00-21:00,194.8
好利来食品店,2019-04-08,21:00-22:00,502.9
好利来食品店,2019-04-08,22:00-23:00,419.9
好利来食品店,2019-04-08,23:00-24:00,0.0
好利来食品店,2019-04-09,00:00-01:00,0.0
好利来食品店,2019-04-09,01:00-02:00,0.0
好利来食品店,2019-04-09,02:00-03:00,0.0
好利来食品店,2019-04-09,03:00-04:00,0.0
好利来食品店,2019-04-09,04:00-05:00,0.0
好利来食品店,2019-04-09,05:00-06:00,0.0
好利来食品店,2019-04-09,06:00-07:00,3.0
好利来食品店,2019-04-09,07:00-08:00,1605.7
好利来食品店,2019-04-09,08:00-09:00,222.0
好利来食品店,2019-04-09,09:00-10:00,559.7
好利来食品店,2019-04-09,10:00-11:00,44.5
好利来食品店,2019-04-09,11:00-12:00,557.2
好利来食品店,2019-04-09,12:00-13:00,325.2
好利来食品店,2019-04-09,13:00-14:00,107.2
好利来食品店,2019-04-09,14:00-15:00,213.3
好利来食品店,2019-04-09,15:00-16:00,88.8
好利来食品店,2019-04-09,16:00-17:00,789.0
好利来食品店,2019-04-09,17:00-18:00,306.3
好利来食品店,2019-04-09,18:00-19:00,341.6
好利来食品店,2019-04-09,19:00-20:00,217.5
好利来食品店,2019-04-09,20:00-21:00,109.6
好利来食品店,2019-04-09,21:00-22:00,510.6
好利来食品店,2019-04-09,22:00-23:00,311.6
好利来食品店,2019-04-09,23:00-24:00,32.0
好利来食品店,2019-04-10,00:00-01:00,0.0
好利来食品店,2019-04-10,01:00-02:00,0.0
好利来食品店,2019-04-10,02:00-03:00,0.0
好利来食品店,2019-04-10,03:00-04:00,0.0
好利来食品店,2019-04-10,04:00-05:00,0.0
好利来食品店,2019-04-10,05:00-06:00,0.0
好利来食品店,2019-04-10,06:00-07:00,7.0
好利来食品店,2019-04-10,07:00-08:00,1530.0
好利来食品店,2019-04-10,08:00-09:00,121.0
好利来食品店,2019-04-10,09:00-10:00,477.0
好利来食品店,2019-04-10,10:00-11:00,110.7
好利来食品店,2019-04-10,11:00-12:00,215.1
好利来食品店,2019-04-10,12:00-13:00,376.0
好利来食品店,2019-04-10,13:00-14:00,47.5
好利来食品店,2019-04-10,14:00-15:00,270.5
好利来食品店,2019-04-10,15:00-16:00,52.2
好利来食品店,2019-04-10,16:00-17:00,571.0
好利来食品店,2019-04-10,17:00-18:00,253.7
好利来食品店,2019-04-10,18:00-19:00,454.0
好利来食品店,2019-04-10,19:00-20:00,322.4
好利来食品店,2019-04-10,20:00-21:00,127.8
好利来食品店,2019-04-10,21:00-22:00,574.4
好利来食品店,2019-04-10,22:00-23:00,276.5
好利来食品店,2019-04-10,23:00-24:00,4.5
好利来食品店,2019-04-11,00:00-01:00,0.0
好利来食品店,2019-04-11,01:00-02:00,0.0
好利来食品店,2019-04-11,02:00-03:00,0.0
好利来食品店,2019-04-11,03:00-04:00,0.0
好利来食品店,2019-04-11,04:00-05:00,0.0
好利来食品店,2019-04-11,05:00-06:00,0.0
好利来食品店,2019-04-11,06:00-07:00,0.0
好利来食品店,2019-04-11,07:00-08:00,1414.0
好利来食品店,2019-04-11,08:00-09:00,114.5
好利来食品店,2019-04-11,09:00-10:00,553.5
好利来食品店,2019-04-11,10:00-11:00,109.3
好利来食品店,2019-04-11,11:00-12:00,333.6
好利来食品店,2019-04-11,12:00-13:00,354.7
好利来食品店,2019-04-11,13:00-14:00,173.4
好利来食品店,2019-04-11,14:00-15:00,204.1
好利来食品店,2019-04-11,15:00-16:00,196.8
好利来食品店,2019-04-11,16:00-17:00,358.7
好利来食品店,2019-04-11,17:00-18:00,455.4
好利来食品店,2019-04-11,18:00-19:00,567.6
好利来食品店,2019-04-11,19:00-20:00,464.7
好利来食品店,2019-04-11,20:00-21:00,241.9
好利来食品店,2019-04-11,21:00-22:00,561.5
好利来食品店,2019-04-11,22:00-23:00,373.7
好利来食品店,2019-04-11,23:00-24:00,6.9
好利来食品店,2019-04-12,00:00-01:00,0.0
好利来食品店,2019-04-12,01:00-02:00,0.0
好利来食品店,2019-04-12,02:00-03:00,0.0
好利来食品店,2019-04-12,03:00-04:00,0.0
好利来食品店,2019-04-12,04:00-05:00,0.0
好利来食品店,2019-04-12,05:00-06:00,0.0
好利来食品店,2019-04-12,06:00-07:00,9.5
好利来食品店,2019-04-12,07:00-08:00,1133.5
好利来食品店,2019-04-12,08:00-09:00,165.5
好利来食品店,2019-04-12,09:00-10:00,512.5
好利来食品店,2019-04-12,10:00-11:00,156.4
好利来食品店,2019-04-12,11:00-12:00,329.6
好利来食品店,2019-04-12,12:00-13:00,373.2
好利来食品店,2019-04-12,13:00-14:00,123.7
好利来食品店,2019-04-12,14:00-15:00,181.4
好利来食品店,2019-04-12,15:00-16:00,100.4
好利来食品店,2019-04-12,16:00-17:00,682.6
好利来食品店,2019-04-12,17:00-18:00,330.7
好利来食品店,2019-04-12,18:00-19:00,357.1
好利来食品店,2019-04-12,19:00-20:00,296.1
好利来食品店,2019-04-12,20:00-21:00,213.3
好利来食品店,2019-04-12,21:00-22:00,415.2
好利来食品店,2019-04-12,22:00-23:00,419.9
好利来食品店,2019-04-12,23:00-24:00,6.0
好利来食品店,2019-04-13,00:00-01:00,0.0
好利来食品店,2019-04-13,01:00-02:00,0.0
好利来食品店,2019-04-13,02:00-03:00,0.0
好利来食品店,2019-04-13,03:00-04:00,0.0
好利来食品店,2019-04-13,04:00-05:00,0.0
好利来食品店,2019-04-13,05:00-06:00,0.0
好利来食品店,2019-04-13,06:00-07:00,0.0
好利来食品店,2019-04-13,07:00-08:00,216.0
好利来食品店,2019-04-13,08:00-09:00,331.7
好利来食品店,2019-04-13,09:00-10:00,227.1
好利来食品店,2019-04-13,10:00-11:00,110.2
好利来食品店,2019-04-13,11:00-12:00,130.1
好利来食品店,2019-04-13,12:00-13:00,262.4
好利来食品店,2019-04-13,13:00-14:00,128.4
好利来食品店,2019-04-13,14:00-15:00,107.0
好利来食品店,2019-04-13,15:00-16:00,160.9
好利来食品店,2019-04-13,16:00-17:00,103.5
好利来食品店,2019-04-13,17:00-18:00,239.5
好利来食品店,2019-04-13,18:00-19:00,304.0
好利来食品店,2019-04-13,19:00-20:00,195.7
好利来食品店,2019-04-13,20:00-21:00,127.0
好利来食品店,2019-04-13,21:00-22:00,111.2
好利来食品店,2019-04-13,22:00-23:00,182.5
好利来食品店,2019-04-13,23:00-24:00,34.0
好利来食品店,2019-04-14,00:00-01:00,0.0
好利来食品店,2019-04-14,01:00-02:00,0.0
好利来食品店,2019-04-14,02:00-03:00,0.0
好利来食品店,2019-04-14,03:00-04:00,0.0
好利来食品店,2019-04-14,04:00-05:00,0.0
好利来食品店,2019-04-14,05:00-06:00,0.0
好利来食品店,2019-04-14,06:00-07:00,0.0
好利来食品店,2019-04-14,07:00-08:00,142.0
好利来食品店,2019-04-14,08:00-09:00,80.0
好利来食品店,2019-04-14,09:00-10:00,108.6
好利来食品店,2019-04-14,10:00-11:00,117.0
好利来食品店,2019-04-14,11:00-12:00,141.4
好利来食品店,2019-04-14,12:00-13:00,284.3
好利来食品店,2019-04-14,13:00-14:00,118.4
好利来食品店,2019-04-14,14:00-15:00,96.5
好利来食品店,2019-04-14,15:00-16:00,138.6
好利来食品店,2019-04-14,16:00-17:00,74.3
好利来食品店,2019-04-14,17:00-18:00,257.2
好利来食品店,2019-04-14,18:00-19:00,261.6
好利来食品店,2019-04-14,19:00-20:00,335.0
好利来食品店,2019-04-14,20:00-21:00,207.7
好利来食品店,2019-04-14,21:00-22:00,236.5
好利来食品店,2019-04-14,22:00-23:00,207.2
好利来食品店,2019-04-14,23:00-24:00,23.0
好利来食品店,2019-04-15,00:00-01:00,0.0
好利来食品店,2019-04-15,01:00-02:00,0.0
好利来食品店,2019-04-15,02:00-03:00,0.0
好利来食品店,2019-04-15,03:00-04:00,0.0
好利来食品店,2019-04-15,04:00-05:00,0.0
好利来食品店,2019-04-15,05:00-06:00,0.0
好利来食品店,2019-04-15,06:00-07:00,12.5
好利来食品店,2019-04-15,07:00-08:00,1048.1
好利来食品店,2019-04-15,08:00-09:00,163.2
好利来食品店,2019-04-15,09:00-10:00,394.6
好利来食品店,2019-04-15,10:00-11:00,121.2
好利来食品店,2019-04-15,11:00-12:00,324.7
好利来食品店,2019-04-15,12:00-13:00,320.3
好利来食品店,2019-04-15,13:00-14:00,39.5
好利来食品店,2019-04-15,14:00-15:00,183.9
好利来食品店,2019-04-15,15:00-16:00,73.1
好利来食品店,2019-04-15,16:00-17:00,1133.2
好利来食品店,2019-04-15,17:00-18:00,298.3
好利来食品店,2019-04-15,18:00-19:00,353.8
好利来食品店,2019-04-15,19:00-20:00,280.1
好利来食品店,2019-04-15,20:00-21:00,203.7
好利来食品店,2019-04-15,21:00-22:00,552.6
好利来食品店,2019-04-15,22:00-23:00,306.0
好利来食品店,2019-04-15,23:00-24:00,8.5
好利来食品店,2019-04-16,00:00-01:00,0.0
好利来食品店,2019-04-16,01:00-02:00,0.0
好利来食品店,2019-04-16,02:00-03:00,0.0
好利来食品店,2019-04-16,03:00-04:00,0.0
好利来食品店,2019-04-16,04:00-05:00,0.0
好利来食品店,2019-04-16,05:00-06:00,0.0
好利来食品店,2019-04-16,06:00-07:00,10.5
好利来食品店,2019-04-16,07:00-08:00,1281.0
好利来食品店,2019-04-16,08:00-09:00,177.1
好利来食品店,2019-04-16,09:00-10:00,502.7
好利来食品店,2019-04-16,10:00-11:00,83.6
好利来食品店,2019-04-16,11:00-12:00,196.1
好利来食品店,2019-04-16,12:00-13:00,426.3
好利来食品店,2019-04-16,13:00-14:00,90.8
好利来食品店,2019-04-16,14:00-15:00,232.4
好利来食品店,2019-04-16,15:00-16:00,34.5
好利来食品店,2019-04-16,16:00-17:00,976.1
好利来食品店,2019-04-16,17:00-18:00,378.6
好利来食品店,2019-04-16,18:00-19:00,432.5
好利来食品店,2019-04-16,19:00-20:00,276.5
好利来食品店,2019-04-16,20:00-21:00,164.3
好利来食品店,2019-04-16,21:00-22:00,592.0
好利来食品店,2019-04-16,22:00-23:00,359.3
好利来食品店,2019-04-16,23:00-24:00,19.3
好利来食品店,2019-04-17,00:00-01:00,0.0
好利来食品店,2019-04-17,01:00-02:00,0.0
好利来食品店,2019-04-17,02:00-03:00,0.0
好利来食品店,2019-04-17,03:00-04:00,0.0
好利来食品店,2019-04-17,04:00-05:00,0.0
好利来食品店,2019-04-17,05:00-06:00,0.0
好利来食品店,2019-04-17,06:00-07:00,16.0
好利来食品店,2019-04-17,07:00-08:00,1301.5
好利来食品店,2019-04-17,08:00-09:00,132.3
好利来食品店,2019-04-17,09:00-10:00,443.5
好利来食品店,2019-04-17,10:00-11:00,86.5
好利来食品店,2019-04-17,11:00-12:00,301.9
好利来食品店,2019-04-17,12:00-13:00,415.2
好利来食品店,2019-04-17,13:00-14:00,69.9
好利来食品店,2019-04-17,14:00-15:00,246.1
好利来食品店,2019-04-17,15:00-16:00,89.2
好利来食品店,2019-04-17,16:00-17:00,581.4
好利来食品店,2019-04-17,17:00-18:00,311.8
好利来食品店,2019-04-17,18:00-19:00,287.7
好利来食品店,2019-04-17,19:00-20:00,213.8
好利来食品店,2019-04-17,20:00-21:00,193.8
好利来食品店,2019-04-17,21:00-22:00,424.9
好利来食品店,2019-04-17,22:00-23:00,353.7
好利来食品店,2019-04-17,23:00-24:00,6.5
好利来食品店,2019-04-18,00:00-01:00,0.0
好利来食品店,2019-04-18,01:00-02:00,0.0
好利来食品店,2019-04-18,02:00-03:00,0.0
好利来食品店,2019-04-18,03:00-04:00,0.0
好利来食品店,2019-04-18,04:00-05:00,0.0
好利来食品店,2019-04-18,05:00-06:00,0.0
好利来食品店,2019-04-18,06:00-07:00,13.0
好利来食品店,2019-04-18,07:00-08:00,1533.35
好利来食品店,2019-04-18,08:00-09:00,189.5
好利来食品店,2019-04-18,09:00-10:00,524.1
好利来食品店,2019-04-18,10:00-11:00,127.5
好利来食品店,2019-04-18,11:00-12:00,329.2
好利来食品店,2019-04-18,12:00-13:00,407.6
好利来食品店,2019-04-18,13:00-14:00,247.2
好利来食品店,2019-04-18,14:00-15:00,173.5
好利来食品店,2019-04-18,15:00-16:00,197.1
好利来食品店,2019-04-18,16:00-17:00,208.5
好利来食品店,2019-04-18,17:00-18:00,316.9
好利来食品店,2019-04-18,18:00-19:00,394.4
好利来食品店,2019-04-18,19:00-20:00,359.1
好利来食品店,2019-04-18,20:00-21:00,273.2
好利来食品店,2019-04-18,21:00-22:00,541.5
好利来食品店,2019-04-18,22:00-23:00,389.5
好利来食品店,2019-04-18,23:00-24:00,16.0
好利来食品店,2019-04-19,00:00-01:00,0.0
好利来食品店,2019-04-19,01:00-02:00,0.0
好利来食品店,2019-04-19,02:00-03:00,0.0
好利来食品店,2019-04-19,03:00-04:00,0.0
好利来食品店,2019-04-19,04:00-05:00,0.0
好利来食品店,2019-04-19,05:00-06:00,0.0
好利来食品店,2019-04-19,06:00-07:00,6.5
好利来食品店,2019-04-19,07:00-08:00,1156.8
好利来食品店,2019-04-19,08:00-09:00,289.0
好利来食品店,2019-04-19,09:00-10:00,433.2
好利来食品店,2019-04-19,10:00-11:00,68.0
好利来食品店,2019-04-19,11:00-12:00,404.2
好利来食品店,2019-04-19,12:00-13:00,536.5
好利来食品店,2019-04-19,13:00-14:00,110.8
好利来食品店,2019-04-19,14:00-15:00,84.3
好利来食品店,2019-04-19,15:00-16:00,51.6
好利来食品店,2019-04-19,16:00-17:00,519.3
好利来食品店,2019-04-19,17:00-18:00,392.9
好利来食品店,2019-04-19,18:00-19:00,422.3
好利来食品店,2019-04-19,19:00-20:00,329.2
好利来食品店,2019-04-19,20:00-21:00,239.6
好利来食品店,2019-04-19,21:00-22:00,384.1
好利来食品店,2019-04-19,22:00-23:00,335.2
好利来食品店,2019-04-19,23:00-24:00,15.5
好利来食品店,2019-04-20,00:00-01:00,0.0
好利来食品店,2019-04-20,01:00-02:00,0.0
好利来食品店,2019-04-20,02:00-03:00,0.0
好利来食品店,2019-04-20,03:00-04:00,0.0
好利来食品店,2019-04-20,04:00-05:00,0.0
好利来食品店,2019-04-20,05:00-06:00,0.0
好利来食品店,2019-04-20,06:00-07:00,0.0
好利来食品店,2019-04-20,07:00-08:00,136.5
好利来食品店,2019-04-20,08:00-09:00,155.9
好利来食品店,2019-04-20,09:00-10:00,221.3
好利来食品店,2019-04-20,10:00-11:00,164.8
好利来食品店,2019-04-20,11:00-12:00,183.8
好利来食品店,2019-04-20,12:00-13:00,295.2
好利来食品店,2019-04-20,13:00-14:00,127.5
好利来食品店,2019-04-20,14:00-15:00,139.6
好利来食品店,2019-04-20,15:00-16:00,182.0
好利来食品店,2019-04-20,16:00-17:00,109.6
好利来食品店,2019-04-20,17:00-18:00,285.5
好利来食品店,2019-04-20,18:00-19:00,480.6
好利来食品店,2019-04-20,19:00-20:00,343.7
好利来食品店,2019-04-20,20:00-21:00,241.8
好利来食品店,2019-04-20,21:00-22:00,170.0
好利来食品店,2019-04-20,22:00-23:00,153.6
好利来食品店,2019-04-20,23:00-24:00,0.0
好利来食品店,2019-04-21,00:00-01:00,0.0
好利来食品店,2019-04-21,01:00-02:00,0.0
好利来食品店,2019-04-21,02:00-03:00,0.0
好利来食品店,2019-04-21,03:00-04:00,0.0
好利来食品店,2019-04-21,04:00-05:00,0.0
好利来食品店,2019-04-21,05:00-06:00,0.0
好利来食品店,2019-04-21,06:00-07:00,0.0
好利来食品店,2019-04-21,07:00-08:00,108.0
好利来食品店,2019-04-21,08:00-09:00,91.4
好利来食品店,2019-04-21,09:00-10:00,210.0
好利来食品店,2019-04-21,10:00-11:00,122.2
好利来食品店,2019-04-21,11:00-12:00,275.5
好利来食品店,2019-04-21,12:00-13:00,308.2
好利来食品店,2019-04-21,13:00-14:00,199.8
好利来食品店,2019-04-21,14:00-15:00,69.2
好利来食品店,2019-04-21,15:00-16:00,62.3
好利来食品店,2019-04-21,16:00-17:00,77.7
好利来食品店,2019-04-21,17:00-18:00,203.1
好利来食品店,2019-04-21,18:00-19:00,267.2
好利来食品店,2019-04-21,19:00-20:00,269.0
好利来食品店,2019-04-21,20:00-21:00,189.1
好利来食品店,2019-04-21,21:00-22:00,191.5
好利来食品店,2019-04-21,22:00-23:00,211.7
好利来食品店,2019-04-21,23:00-24:00,16.0
好利来食品店,2019-04-22,00:00-01:00,0.0
好利来食品店,2019-04-22,01:00-02:00,0.0
好利来食品店,2019-04-22,02:00-03:00,0.0
好利来食品店,2019-04-22,03:00-04:00,0.0
好利来食品店,2019-04-22,04:00-05:00,0.0
好利来食品店,2019-04-22,05:00-06:00,0.0
好利来食品店,2019-04-22,06:00-07:00,10.0
好利来食品店,2019-04-22,07:00-08:00,1004.7
好利来食品店,2019-04-22,08:00-09:00,158.0
好利来食品店,2019-04-22,09:00-10:00,566.6
好利来食品店,2019-04-22,10:00-11:00,137.6
好利来食品店,2019-04-22,11:00-12:00,244.7
好利来食品店,2019-04-22,12:00-13:00,405.8
好利来食品店,2019-04-22,13:00-14:00,41.3
好利来食品店,2019-04-22,14:00-15:00,160.9
好利来食品店,2019-04-22,15:00-16:00,60.2
好利来食品店,2019-04-22,16:00-17:00,919.3
好利来食品店,2019-04-22,17:00-18:00,415.7
好利来食品店,2019-04-22,18:00-19:00,388.7
好利来食品店,2019-04-22,19:00-20:00,308.0
好利来食品店,2019-04-22,20:00-21:00,272.3
好利来食品店,2019-04-22,21:00-22:00,523.3
好利来食品店,2019-04-22,22:00-23:00,378.0
好利来食品店,2019-04-22,23:00-24:00,18.1
好利来食品店,2019-04-23,00:00-01:00,0.0
好利来食品店,2019-04-23,01:00-02:00,0.0
好利来食品店,2019-04-23,02:00-03:00,0.0
好利来食品店,2019-04-23,03:00-04:00,0.0
好利来食品店,2019-04-23,04:00-05:00,0.0
好利来食品店,2019-04-23,05:00-06:00,0.0
好利来食品店,2019-04-23,06:00-07:00,7.3
好利来食品店,2019-04-23,07:00-08:00,1458.8
好利来食品店,2019-04-23,08:00-09:00,130.0
好利来食品店,2019-04-23,09:00-10:00,486.9
好利来食品店,2019-04-23,10:00-11:00,75.55
好利来食品店,2019-04-23,11:00-12:00,194.5
好利来食品店,2019-04-23,12:00-13:00,511.5
好利来食品店,2019-04-23,13:00-14:00,56.1
好利来食品店,2019-04-23,14:00-15:00,158.6
好利来食品店,2019-04-23,15:00-16:00,142.0
好利来食品店,2019-04-23,16:00-17:00,734.9
好利来食品店,2019-04-23,17:00-18:00,338.6
好利来食品店,2019-04-23,18:00-19:00,532.3
好利来食品店,2019-04-23,19:00-20:00,242.2
好利来食品店,2019-04-23,20:00-21:00,205.1
好利来食品店,2019-04-23,21:00-22:00,527.0
好利来食品店,2019-04-23,22:00-23:00,361.4
好利来食品店,2019-04-23,23:00-24:00,4.0
好利来食品店,2019-04-24,00:00-01:00,0.0
好利来食品店,2019-04-24,01:00-02:00,0.0
好利来食品店,2019-04-24,02:00-03:00,0.0
好利来食品店,2019-04-24,03:00-04:00,0.0
好利来食品店,2019-04-24,04:00-05:00,0.0
好利来食品店,2019-04-24,05:00-06:00,0.0
好利来食品店,2019-04-24,06:00-07:00,39.5
好利来食品店,2019-04-24,07:00-08:00,1263.9
好利来食品店,2019-04-24,08:00-09:00,182.5
好利来食品店,2019-04-24,09:00-10:00,415.0
好利来食品店,2019-04-24,10:00-11:00,118.5
好利来食品店,2019-04-24,11:00-12:00,245.7
好利来食品店,2019-04-24,12:00-13:00,446.08
好利来食品店,2019-04-24,13:00-14:00,57.7
好利来食品店,2019-04-24,14:00-15:00,175.7
好利来食品店,2019-04-24,15:00-16:00,118.1
好利来食品店,2019-04-24,16:00-17:00,578.4
好利来食品店,2019-04-24,17:00-18:00,266.8
好利来食品店,2019-04-24,18:00-19:00,311.1
好利来食品店,2019-04-24,19:00-20:00,342.4
好利来食品店,2019-04-24,20:00-21:00,184.7
好利来食品店,2019-04-24,21:00-22:00,664.3
好利来食品店,2019-04-24,22:00-23:00,260.8
好利来食品店,2019-04-24,23:00-24:00,6.0
好利来食品店,2019-04-25,00:00-01:00,0.0
好利来食品店,2019-04-25,01:00-02:00,0.0
好利来食品店,2019-04-25,02:00-03:00,0.0
好利来食品店,2019-04-25,03:00-04:00,0.0
好利来食品店,2019-04-25,04:00-05:00,0.0
好利来食品店,2019-04-25,05:00-06:00,0.0
好利来食品店,2019-04-25,06:00-07:00,40.5
好利来食品店,2019-04-25,07:00-08:00,1277.6
好利来食品店,2019-04-25,08:00-09:00,145.5
好利来食品店,2019-04-25,09:00-10:00,594.0
好利来食品店,2019-04-25,10:00-11:00,150.1
好利来食品店,2019-04-25,11:00-12:00,289.7
好利来食品店,2019-04-25,12:00-13:00,465.6
好利来食品店,2019-04-25,13:00-14:00,205.1
好利来食品店,2019-04-25,14:00-15:00,101.4
好利来食品店,2019-04-25,15:00-16:00,246.1
好利来食品店,2019-04-25,16:00-17:00,359.5
好利来食品店,2019-04-25,17:00-18:00,238.3
好利来食品店,2019-04-25,18:00-19:00,316.3
好利来食品店,2019-04-25,19:00-20:00,316.2
好利来食品店,2019-04-25,20:00-21:00,166.5
好利来食品店,2019-04-25,21:00-22:00,678.1
好利来食品店,2019-04-25,22:00-23:00,269.4
好利来食品店,2019-04-25,23:00-24:00,3.0
好利来食品店,2019-04-26,00:00-01:00,0.0
好利来食品店,2019-04-26,01:00-02:00,0.0
好利来食品店,2019-04-26,02:00-03:00,0.0
好利来食品店,2019-04-26,03:00-04:00,0.0
好利来食品店,2019-04-26,04:00-05:00,0.0
好利来食品店,2019-04-26,05:00-06:00,0.0
好利来食品店,2019-04-26,06:00-07:00,5.0
好利来食品店,2019-04-26,07:00-08:00,1214.5
好利来食品店,2019-04-26,08:00-09:00,190.0
好利来食品店,2019-04-26,09:00-10:00,608.8
好利来食品店,2019-04-26,10:00-11:00,138.2
好利来食品店,2019-04-26,11:00-12:00,228.1
好利来食品店,2019-04-26,12:00-13:00,466.5
好利来食品店,2019-04-26,13:00-14:00,144.2
好利来食品店,2019-04-26,14:00-15:00,146.1
好利来食品店,2019-04-26,15:00-16:00,95.6
好利来食品店,2019-04-26,16:00-17:00,549.5
好利来食品店,2019-04-26,17:00-18:00,267.7
好利来食品店,2019-04-26,18:00-19:00,473.2
好利来食品店,2019-04-26,19:00-20:00,216.9
好利来食品店,2019-04-26,20:00-21:00,134.6
好利来食品店,2019-04-26,21:00-22:00,193.6
好利来食品店,2019-04-26,22:00-23:00,238.6
好利来食品店,2019-04-26,23:00-24:00,0.0
好利来食品店,2019-04-27,00:00-01:00,0.0
好利来食品店,2019-04-27,01:00-02:00,0.0
好利来食品店,2019-04-27,02:00-03:00,0.0
好利来食品店,2019-04-27,03:00-04:00,0.0
好利来食品店,2019-04-27,04:00-05:00,0.0
好利来食品店,2019-04-27,05:00-06:00,0.0
好利来食品店,2019-04-27,06:00-07:00,0.0
好利来食品店,2019-04-27,07:00-08:00,70.7
好利来食品店,2019-04-27,08:00-09:00,108.6
好利来食品店,2019-04-27,09:00-10:00,127.5
好利来食品店,2019-04-27,10:00-11:00,221.0
好利来食品店,2019-04-27,11:00-12:00,494.3
好利来食品店,2019-04-27,12:00-13:00,870.0
好利来食品店,2019-04-27,13:00-14:00,228.7
好利来食品店,2019-04-27,14:00-15:00,67.1
好利来食品店,2019-04-27,15:00-16:00,82.0
好利来食品店,2019-04-27,16:00-17:00,96.5
好利来食品店,2019-04-27,17:00-18:00,221.3
好利来食品店,2019-04-27,18:00-19:00,339.1
好利来食品店,2019-04-27,19:00-20:00,241.1
好利来食品店,2019-04-27,20:00-21:00,203.2
好利来食品店,2019-04-27,21:00-22:00,192.8
好利来食品店,2019-04-27,22:00-23:00,130.5
好利来食品店,2019-04-27,23:00-24:00,0.0
好利来食品店,2019-04-28,00:00-01:00,0.0
好利来食品店,2019-04-28,01:00-02:00,0.0
好利来食品店,2019-04-28,02:00-03:00,0.0
好利来食品店,2019-04-28,03:00-04:00,0.0
好利来食品店,2019-04-28,04:00-05:00,0.0
好利来食品店,2019-04-28,05:00-06:00,0.0
好利来食品店,2019-04-28,06:00-07:00,0.0
好利来食品店,2019-04-28,07:00-08:00,0.0
好利来食品店,2019-04-28,08:00-09:00,0.0
好利来食品店,2019-04-28,09:00-10:00,0.0
好利来食品店,2019-04-28,10:00-11:00,0.0
好利来食品店,2019-04-28,11:00-12:00,0.0
好利来食品店,2019-04-28,12:00-13:00,0.0
好利来食品店,2019-04-28,13:00-14:00,0.0
好利来食品店,2019-04-28,14:00-15:00,0.0
好利来食品店,2019-04-28,15:00-16:00,0.0
好利来食品店,2019-04-28,16:00-17:00,0.0
好利来食品店,2019-04-28,17:00-18:00,0.0
好利来食品店,2019-04-28,18:00-19:00,0.0
好利来食品店,2019-04-28,19:00-20:00,0.0
好利来食品店,2019-04-28,20:00-21:00,0.0
好利来食品店,2019-04-28,21:00-22:00,0.0
好利来食品店,2019-04-28,22:00-23:00,0.0
好利来食品店,2019-04-28,23:00-24:00,0.0
好利来食品店,2019-04-29,00:00-01:00,0.0
好利来食品店,2019-04-29,01:00-02:00,0.0
好利来食品店,2019-04-29,02:00-03:00,0.0
好利来食品店,2019-04-29,03:00-04:00,0.0
好利来食品店,2019-04-29,04:00-05:00,0.0
好利来食品店,2019-04-29,05:00-06:00,0.0
好利来食品店,2019-04-29,06:00-07:00,0.0
好利来食品店,2019-04-29,07:00-08:00,65.5
好利来食品店,2019-04-29,08:00-09:00,318.1
好利来食品店,2019-04-29,09:00-10:00,269.8
好利来食品店,2019-04-29,10:00-11:00,95.3
好利来食品店,2019-04-29,11:00-12:00,133.9
好利来食品店,2019-04-29,12:00-13:00,264.7
好利来食品店,2019-04-29,13:00-14:00,151.3
好利来食品店,2019-04-29,14:00-15:00,98.8
好利来食品店,2019-04-29,15:00-16:00,131.3
好利来食品店,2019-04-29,16:00-17:00,160.1
好利来食品店,2019-04-29,17:00-18:00,218.6
好利来食品店,2019-04-29,18:00-19:00,181.8
好利来食品店,2019-04-29,19:00-20:00,345.1
好利来食品店,2019-04-29,20:00-21:00,167.2
好利来食品店,2019-04-29,21:00-22:00,358.5
好利来食品店,2019-04-29,22:00-23:00,109.7
好利来食品店,2019-04-29,23:00-24:00,15.0
好利来食品店,2019-04-30,00:00-01:00,0.0
好利来食品店,2019-04-30,01:00-02:00,0.0
好利来食品店,2019-04-30,02:00-03:00,0.0
好利来食品店,2019-04-30,03:00-04:00,0.0
好利来食品店,2019-04-30,04:00-05:00,0.0
好利来食品店,2019-04-30,05:00-06:00,0.0
好利来食品店,2019-04-30,06:00-07:00,0.0
好利来食品店,2019-04-30,07:00-08:00,150.6
好利来食品店,2019-04-30,08:00-09:00,276.2
好利来食品店,2019-04-30,09:00-10:00,157.7
好利来食品店,2019-04-30,10:00-11:00,108.2
好利来食品店,2019-04-30,11:00-12:00,257.8
好利来食品店,2019-04-30,12:00-13:00,271.2
好利来食品店,2019-04-30,13:00-14:00,62.2
好利来食品店,2019-04-30,14:00-15:00,94.0
好利来食品店,2019-04-30,15:00-16:00,94.0
好利来食品店,2019-04-30,16:00-17:00,133.0
好利来食品店,2019-04-30,17:00-18:00,338.4
好利来食品店,2019-04-30,18:00-19:00,343.0
好利来食品店,2019-04-30,19:00-20:00,277.8
好利来食品店,2019-04-30,20:00-21:00,173.3
好利来食品店,2019-04-30,21:00-22:00,290.7
好利来食品店,2019-04-30,22:00-23:00,282.2
好利来食品店,2019-04-30,23:00-24:00,20.0
教师食堂,2019-04-01,00:00-01:00,0.0
教师食堂,2019-04-01,01:00-02:00,0.0
教师食堂,2019-04-01,02:00-03:00,0.0
教师食堂,2019-04-01,03:00-04:00,0.0
教师食堂,2019-04-01,04:00-05:00,0.0
教师食堂,2019-04-01,05:00-06:00,0.0
教师食堂,2019-04-01,06:00-07:00,0.0
教师食堂,2019-04-01,07:00-08:00,0.0
教师食堂,2019-04-01,08:00-09:00,0.0
教师食堂,2019-04-01,09:00-10:00,0.0
教师食堂,2019-04-01,10:00-11:00,0.0
教师食堂,2019-04-01,11:00-12:00,368.5
教师食堂,2019-04-01,12:00-13:00,407.5
教师食堂,2019-04-01,13:00-14:00,0.0
教师食堂,2019-04-01,14:00-15:00,0.0
教师食堂,2019-04-01,15:00-16:00,0.0
教师食堂,2019-04-01,16:00-17:00,0.0
教师食堂,2019-04-01,17:00-18:00,0.0
教师食堂,2019-04-01,18:00-19:00,0.0
教师食堂,2019-04-01,19:00-20:00,0.0
教师食堂,2019-04-01,20:00-21:00,0.0
教师食堂,2019-04-01,21:00-22:00,0.0
教师食堂,2019-04-01,22:00-23:00,0.0
教师食堂,2019-04-01,23:00-24:00,0.0
教师食堂,2019-04-02,00:00-01:00,0.0
教师食堂,2019-04-02,01:00-02:00,0.0
教师食堂,2019-04-02,02:00-03:00,0.0
教师食堂,2019-04-02,03:00-04:00,0.0
教师食堂,2019-04-02,04:00-05:00,0.0
教师食堂,2019-04-02,05:00-06:00,0.0
教师食堂,2019-04-02,06:00-07:00,0.0
教师食堂,2019-04-02,07:00-08:00,0.0
教师食堂,2019-04-02,08:00-09:00,0.0
教师食堂,2019-04-02,09:00-10:00,0.0
教师食堂,2019-04-02,10:00-11:00,0.0
教师食堂,2019-04-02,11:00-12:00,267.0
教师食堂,2019-04-02,12:00-13:00,714.0
教师食堂,2019-04-02,13:00-14:00,0.0
教师食堂,2019-04-02,14:00-15:00,0.0
教师食堂,2019-04-02,15:00-16:00,0.0
教师食堂,2019-04-02,16:00-17:00,0.0
教师食堂,2019-04-02,17:00-18:00,0.0
教师食堂,2019-04-02,18:00-19:00,0.0
教师食堂,2019-04-02,19:00-20:00,0.0
教师食堂,2019-04-02,20:00-21:00,0.0
教师食堂,2019-04-02,21:00-22:00,0.0
教师食堂,2019-04-02,22:00-23:00,0.0
教师食堂,2019-04-02,23:00-24:00,0.0
教师食堂,2019-04-03,00:00-01:00,0.0
教师食堂,2019-04-03,01:00-02:00,0.0
教师食堂,2019-04-03,02:00-03:00,0.0
教师食堂,2019-04-03,03:00-04:00,0.0
教师食堂,2019-04-03,04:00-05:00,0.0
教师食堂,2019-04-03,05:00-06:00,0.0
教师食堂,2019-04-03,06:00-07:00,0.0
教师食堂,2019-04-03,07:00-08:00,0.0
教师食堂,2019-04-03,08:00-09:00,0.0
教师食堂,2019-04-03,09:00-10:00,0.0
教师食堂,2019-04-03,10:00-11:00,0.0
教师食堂,2019-04-03,11:00-12:00,401.5
教师食堂,2019-04-03,12:00-13:00,549.5
教师食堂,2019-04-03,13:00-14:00,0.0
教师食堂,2019-04-03,14:00-15:00,0.0
教师食堂,2019-04-03,15:00-16:00,0.0
教师食堂,2019-04-03,16:00-17:00,0.0
教师食堂,2019-04-03,17:00-18:00,0.0
教师食堂,2019-04-03,18:00-19:00,0.0
教师食堂,2019-04-03,19:00-20:00,0.0
教师食堂,2019-04-03,20:00-21:00,0.0
教师食堂,2019-04-03,21:00-22:00,0.0
教师食堂,2019-04-03,22:00-23:00,0.0
教师食堂,2019-04-03,23:00-24:00,0.0
教师食堂,2019-04-04,00:00-01:00,0.0
教师食堂,2019-04-04,01:00-02:00,0.0
教师食堂,2019-04-04,02:00-03:00,0.0
教师食堂,2019-04-04,03:00-04:00,0.0
教师食堂,2019-04-04,04:00-05:00,0.0
教师食堂,2019-04-04,05:00-06:00,0.0
教师食堂,2019-04-04,06:00-07:00,0.0
教师食堂,2019-04-04,07:00-08:00,0.0
教师食堂,2019-04-04,08:00-09:00,0.0
教师食堂,2019-04-04,09:00-10:00,0.0
教师食堂,2019-04-04,10:00-11:00,0.0
教师食堂,2019-04-04,11:00-12:00,358.0
教师食堂,2019-04-04,12:00-13:00,471.0
教师食堂,2019-04-04,13:00-14:00,0.0
教师食堂,2019-04-04,14:00-15:00,0.0
教师食堂,2019-04-04,15:00-16:00,0.0
教师食堂,2019-04-04,16:00-17:00,0.0
教师食堂,2019-04-04,17:00-18:00,0.0
教师食堂,2019-04-04,18:00-19:00,0.0
教师食堂,2019-04-04,19:00-20:00,0.0
教师食堂,2019-04-04,20:00-21:00,0.0
教师食堂,2019-04-04,21:00-22:00,0.0
教师食堂,2019-04-04,22:00-23:00,0.0
教师食堂,2019-04-04,23:00-24:00,0.0
教师食堂,2019-04-05,00:00-01:00,0.0
教师食堂,2019-04-05,01:00-02:00,0.0
教师食堂,2019-04-05,02:00-03:00,0.0
教师食堂,2019-04-05,03:00-04:00,0.0
教师食堂,2019-04-05,04:00-05:00,0.0
教师食堂,2019-04-05,05:00-06:00,0.0
教师食堂,2019-04-05,06:00-07:00,0.0
教师食堂,2019-04-05,07:00-08:00,0.0
教师食堂,2019-04-05,08:00-09:00,0.0
教师食堂,2019-04-05,09:00-10:00,0.0
教师食堂,2019-04-05,10:00-11:00,0.0
教师食堂,2019-04-05,11:00-12:00,0.0
教师食堂,2019-04-05,12:00-13:00,0.0
教师食堂,2019-04-05,13:00-14:00,0.0
教师食堂,2019-04-05,14:00-15:00,0.0
教师食堂,2019-04-05,15:00-16:00,0.0
教师食堂,2019-04-05,16:00-17:00,0.0
教师食堂,2019-04-05,17:00-18:00,0.0
教师食堂,2019-04-05,18:00-19:00,0.0
教师食堂,2019-04-05,19:00-20:00,0.0
教师食堂,2019-04-05,20:00-21:00,0.0
教师食堂,2019-04-05,21:00-22:00,0.0
教师食堂,2019-04-05,22:00-23:00,0.0
教师食堂,2019-04-05,23:00-24:00,0.0
教师食堂,2019-04-06,00:00-01:00,0.0
教师食堂,2019-04-06,01:00-02:00,0.0
教师食堂,2019-04-06,02:00-03:00,0.0
教师食堂,2019-04-06,03:00-04:00,0.0
教师食堂,2019-04-06,04:00-05:00,0.0
教师食堂,2019-04-06,05:00-06:00,0.0
教师食堂,2019-04-06,06:00-07:00,0.0
教师食堂,2019-04-06,07:00-08:00,0.0
教师食堂,2019-04-06,08:00-09:00,0.0
教师食堂,2019-04-06,09:00-10:00,0.0
教师食堂,2019-04-06,10:00-11:00,0.0
教师食堂,2019-04-06,11:00-12:00,0.0
教师食堂,2019-04-06,12:00-13:00,0.0
教师食堂,2019-04-06,13:00-14:00,0.0
教师食堂,2019-04-06,14:00-15:00,0.0
教师食堂,2019-04-06,15:00-16:00,0.0
教师食堂,2019-04-06,16:00-17:00,0.0
教师食堂,2019-04-06,17:00-18:00,0.0
教师食堂,2019-04-06,18:00-19:00,0.0
教师食堂,2019-04-06,19:00-20:00,0.0
教师食堂,2019-04-06,20:00-21:00,0.0
教师食堂,2019-04-06,21:00-22:00,0.0
教师食堂,2019-04-06,22:00-23:00,0.0
教师食堂,2019-04-06,23:00-24:00,0.0
教师食堂,2019-04-07,00:00-01:00,0.0
教师食堂,2019-04-07,01:00-02:00,0.0
教师食堂,2019-04-07,02:00-03:00,0.0
教师食堂,2019-04-07,03:00-04:00,0.0
教师食堂,2019-04-07,04:00-05:00,0.0
教师食堂,2019-04-07,05:00-06:00,0.0
教师食堂,2019-04-07,06:00-07:00,0.0
教师食堂,2019-04-07,07:00-08:00,0.0
教师食堂,2019-04-07,08:00-09:00,0.0
教师食堂,2019-04-07,09:00-10:00,0.0
教师食堂,2019-04-07,10:00-11:00,0.0
教师食堂,2019-04-07,11:00-12:00,0.0
教师食堂,2019-04-07,12:00-13:00,0.0
教师食堂,2019-04-07,13:00-14:00,0.0
教师食堂,2019-04-07,14:00-15:00,0.0
教师食堂,2019-04-07,15:00-16:00,0.0
教师食堂,2019-04-07,16:00-17:00,0.0
教师食堂,2019-04-07,17:00-18:00,0.0
教师食堂,2019-04-07,18:00-19:00,0.0
教师食堂,2019-04-07,19:00-20:00,0.0
教师食堂,2019-04-07,20:00-21:00,0.0
教师食堂,2019-04-07,21:00-22:00,0.0
教师食堂,2019-04-07,22:00-23:00,0.0
教师食堂,2019-04-07,23:00-24:00,0.0
教师食堂,2019-04-08,00:00-01:00,0.0
教师食堂,2019-04-08,01:00-02:00,0.0
教师食堂,2019-04-08,02:00-03:00,0.0
教师食堂,2019-04-08,03:00-04:00,0.0
教师食堂,2019-04-08,04:00-05:00,0.0
教师食堂,2019-04-08,05:00-06:00,0.0
教师食堂,2019-04-08,06:00-07:00,0.0
教师食堂,2019-04-08,07:00-08:00,0.0
教师食堂,2019-04-08,08:00-09:00,0.0
教师食堂,2019-04-08,09:00-10:00,0.0
教师食堂,2019-04-08,10:00-11:00,0.0
教师食堂,2019-04-08,11:00-12:00,168.5
教师食堂,2019-04-08,12:00-13:00,592.0
教师食堂,2019-04-08,13:00-14:00,0.0
教师食堂,2019-04-08,14:00-15:00,0.0
教师食堂,2019-04-08,15:00-16:00,0.0
教师食堂,2019-04-08,16:00-17:00,0.0
教师食堂,2019-04-08,17:00-18:00,0.0
教师食堂,2019-04-08,18:00-19:00,0.0
教师食堂,2019-04-08,19:00-20:00,0.0
教师食堂,2019-04-08,20:00-21:00,0.0
教师食堂,2019-04-08,21:00-22:00,0.0
教师食堂,2019-04-08,22:00-23:00,0.0
教师食堂,2019-04-08,23:00-24:00,0.0
教师食堂,2019-04-09,00:00-01:00,0.0
教师食堂,2019-04-09,01:00-02:00,0.0
教师食堂,2019-04-09,02:00-03:00,0.0
教师食堂,2019-04-09,03:00-04:00,0.0
教师食堂,2019-04-09,04:00-05:00,0.0
教师食堂,2019-04-09,05:00-06:00,0.0
教师食堂,2019-04-09,06:00-07:00,0.0
教师食堂,2019-04-09,07:00-08:00,0.0
教师食堂,2019-04-09,08:00-09:00,0.0
教师食堂,2019-04-09,09:00-10:00,0.0
教师食堂,2019-04-09,10:00-11:00,0.0
教师食堂,2019-04-09,11:00-12:00,253.5
教师食堂,2019-04-09,12:00-13:00,801.5
教师食堂,2019-04-09,13:00-14:00,0.0
教师食堂,2019-04-09,14:00-15:00,0.0
教师食堂,2019-04-09,15:00-16:00,0.0
教师食堂,2019-04-09,16:00-17:00,0.0
教师食堂,2019-04-09,17:00-18:00,0.0
教师食堂,2019-04-09,18:00-19:00,0.0
教师食堂,2019-04-09,19:00-20:00,0.0
教师食堂,2019-04-09,20:00-21:00,0.0
教师食堂,2019-04-09,21:00-22:00,0.0
教师食堂,2019-04-09,22:00-23:00,0.0
教师食堂,2019-04-09,23:00-24:00,0.0
教师食堂,2019-04-10,00:00-01:00,0.0
教师食堂,2019-04-10,01:00-02:00,0.0
教师食堂,2019-04-10,02:00-03:00,0.0
教师食堂,2019-04-10,03:00-04:00,0.0
教师食堂,2019-04-10,04:00-05:00,0.0
教师食堂,2019-04-10,05:00-06:00,0.0
教师食堂,2019-04-10,06:00-07:00,0.0
教师食堂,2019-04-10,07:00-08:00,0.0
教师食堂,2019-04-10,08:00-09:00,0.0
教师食堂,2019-04-10,09:00-10:00,0.0
教师食堂,2019-04-10,10:00-11:00,0.0
教师食堂,2019-04-10,11:00-12:00,248.0
教师食堂,2019-04-10,12:00-13:00,590.5
教师食堂,2019-04-10,13:00-14:00,0.0
教师食堂,2019-04-10,14:00-15:00,0.0
教师食堂,2019-04-10,15:00-16:00,0.0
教师食堂,2019-04-10,16:00-17:00,0.0
教师食堂,2019-04-10,17:00-18:00,0.0
教师食堂,2019-04-10,18:00-19:00,0.0
教师食堂,2019-04-10,19:00-20:00,0.0
教师食堂,2019-04-10,20:00-21:00,0.0
教师食堂,2019-04-10,21:00-22:00,0.0
教师食堂,2019-04-10,22:00-23:00,0.0
教师食堂,2019-04-10,23:00-24:00,0.0
教师食堂,2019-04-11,00:00-01:00,0.0
教师食堂,2019-04-11,01:00-02:00,0.0
教师食堂,2019-04-11,02:00-03:00,0.0
教师食堂,2019-04-11,03:00-04:00,0.0
教师食堂,2019-04-11,04:00-05:00,0.0
教师食堂,2019-04-11,05:00-06:00,0.0
教师食堂,2019-04-11,06:00-07:00,0.0
教师食堂,2019-04-11,07:00-08:00,0.0
教师食堂,2019-04-11,08:00-09:00,0.0
教师食堂,2019-04-11,09:00-10:00,0.0
教师食堂,2019-04-11,10:00-11:00,0.0
教师食堂,2019-04-11,11:00-12:00,367.5
教师食堂,2019-04-11,12:00-13:00,690.5
教师食堂,2019-04-11,13:00-14:00,0.0
教师食堂,2019-04-11,14:00-15:00,0.0
教师食堂,2019-04-11,15:00-16:00,0.0
教师食堂,2019-04-11,16:00-17:00,0.0
教师食堂,2019-04-11,17:00-18:00,0.0
教师食堂,2019-04-11,18:00-19:00,0.0
教师食堂,2019-04-11,19:00-20:00,0.0
教师食堂,2019-04-11,20:00-21:00,0.0
教师食堂,2019-04-11,21:00-22:00,0.0
教师食堂,2019-04-11,22:00-23:00,0.0
教师食堂,2019-04-11,23:00-24:00,0.0
教师食堂,2019-04-12,00:00-01:00,0.0
教师食堂,2019-04-12,01:00-02:00,0.0
教师食堂,2019-04-12,02:00-03:00,0.0
教师食堂,2019-04-12,03:00-04:00,0.0
教师食堂,2019-04-12,04:00-05:00,0.0
教师食堂,2019-04-12,05:00-06:00,0.0
教师食堂,2019-04-12,06:00-07:00,0.0
教师食堂,2019-04-12,07:00-08:00,0.0
教师食堂,2019-04-12,08:00-09:00,0.0
教师食堂,2019-04-12,09:00-10:00,0.0
教师食堂,2019-04-12,10:00-11:00,0.0
教师食堂,2019-04-12,11:00-12:00,223.5
教师食堂,2019-04-12,12:00-13:00,471.0
教师食堂,2019-04-12,13:00-14:00,0.0
教师食堂,2019-04-12,14:00-15:00,0.0
教师食堂,2019-04-12,15:00-16:00,0.0
教师食堂,2019-04-12,16:00-17:00,0.0
教师食堂,2019-04-12,17:00-18:00,0.0
教师食堂,2019-04-12,18:00-19:00,0.0
教师食堂,2019-04-12,19:00-20:00,0.0
教师食堂,2019-04-12,20:00-21:00,0.0
教师食堂,2019-04-12,21:00-22:00,0.0
教师食堂,2019-04-12,22:00-23:00,0.0
教师食堂,2019-04-12,23:00-24:00,0.0
教师食堂,2019-04-13,00:00-01:00,0.0
教师食堂,2019-04-13,01:00-02:00,0.0
教师食堂,2019-04-13,02:00-03:00,0.0
教师食堂,2019-04-13,03:00-04:00,0.0
教师食堂,2019-04-13,04:00-05:00,0.0
教师食堂,2019-04-13,05:00-06:00,0.0
教师食堂,2019-04-13,06:00-07:00,0.0
教师食堂,2019-04-13,07:00-08:00,0.0
教师食堂,2019-04-13,08:00-09:00,0.0
教师食堂,2019-04-13,09:00-10:00,0.0
教师食堂,2019-04-13,10:00-11:00,0.0
教师食堂,2019-04-13,11:00-12:00,0.0
教师食堂,2019-04-13,12:00-13:00,0.0
教师食堂,2019-04-13,13:00-14:00,0.0
教师食堂,2019-04-13,14:00-15:00,0.0
教师食堂,2019-04-13,15:00-16:00,0.0
教师食堂,2019-04-13,16:00-17:00,0.0
教师食堂,2019-04-13,17:00-18:00,0.0
教师食堂,2019-04-13,18:00-19:00,0.0
教师食堂,2019-04-13,19:00-20:00,0.0
教师食堂,2019-04-13,20:00-21:00,0.0
教师食堂,2019-04-13,21:00-22:00,0.0
教师食堂,2019-04-13,22:00-23:00,0.0
教师食堂,2019-04-13,23:00-24:00,0.0
教师食堂,2019-04-14,00:00-01:00,0.0
教师食堂,2019-04-14,01:00-02:00,0.0
教师食堂,2019-04-14,02:00-03:00,0.0
教师食堂,2019-04-14,03:00-04:00,0.0
教师食堂,2019-04-14,04:00-05:00,0.0
教师食堂,2019-04-14,05:00-06:00,0.0
教师食堂,2019-04-14,06:00-07:00,0.0
教师食堂,2019-04-14,07:00-08:00,0.0
教师食堂,2019-04-14,08:00-09:00,0.0
教师食堂,2019-04-14,09:00-10:00,0.0
教师食堂,2019-04-14,10:00-11:00,0.0
教师食堂,2019-04-14,11:00-12:00,0.0
教师食堂,2019-04-14,12:00-13:00,0.0
教师食堂,2019-04-14,13:00-14:00,0.0
教师食堂,2019-04-14,14:00-15:00,0.0
教师食堂,2019-04-14,15:00-16:00,0.0
教师食堂,2019-04-14,16:00-17:00,0.0
教师食堂,2019-04-14,17:00-18:00,0.0
教师食堂,2019-04-14,18:00-19:00,0.0
教师食堂,2019-04-14,19:00-20:00,0.0
教师食堂,2019-04-14,20:00-21:00,0.0
教师食堂,2019-04-14,21:00-22:00,0.0
教师食堂,2019-04-14,22:00-23:00,0.0
教师食堂,2019-04-14,23:00-24:00,0.0
教师食堂,2019-04-15,00:00-01:00,0.0
教师食堂,2019-04-15,01:00-02:00,0.0
教师食堂,2019-04-15,02:00-03:00,0.0
教师食堂,2019-04-15,03:00-04:00,0.0
教师食堂,2019-04-15,04:00-05:00,0.0
教师食堂,2019-04-15,05:00-06:00,0.0
教师食堂,2019-04-15,06:00-07:00,0.0
教师食堂,2019-04-15,07:00-08:00,0.0
教师食堂,2019-04-15,08:00-09:00,0.0
教师食堂,2019-04-15,09:00-10:00,0.0
教师食堂,2019-04-15,10:00-11:00,0.0
教师食堂,2019-04-15,11:00-12:00,335.0
教师食堂,2019-04-15,12:00-13:00,598.0
教师食堂,2019-04-15,13:00-14:00,0.0
教师食堂,2019-04-15,14:00-15:00,0.0
教师食堂,2019-04-15,15:00-16:00,0.0
教师食堂,2019-04-15,16:00-17:00,0.0
教师食堂,2019-04-15,17:00-18:00,0.0
教师食堂,2019-04-15,18:00-19:00,0.0
教师食堂,2019-04-15,19:00-20:00,0.0
教师食堂,2019-04-15,20:00-21:00,0.0
教师食堂,2019-04-15,21:00-22:00,0.0
教师食堂,2019-04-15,22:00-23:00,0.0
教师食堂,2019-04-15,23:00-24:00,0.0
教师食堂,2019-04-16,00:00-01:00,0.0
教师食堂,2019-04-16,01:00-02:00,0.0
教师食堂,2019-04-16,02:00-03:00,0.0
教师食堂,2019-04-16,03:00-04:00,0.0
教师食堂,2019-04-16,04:00-05:00,0.0
教师食堂,2019-04-16,05:00-06:00,0.0
教师食堂,2019-04-16,06:00-07:00,0.0
教师食堂,2019-04-16,07:00-08:00,0.0
教师食堂,2019-04-16,08:00-09:00,0.0
教师食堂,2019-04-16,09:00-10:00,0.0
教师食堂,2019-04-16,10:00-11:00,0.0
教师食堂,2019-04-16,11:00-12:00,347.0
教师食堂,2019-04-16,12:00-13:00,552.5
教师食堂,2019-04-16,13:00-14:00,0.0
教师食堂,2019-04-16,14:00-15:00,0.0
教师食堂,2019-04-16,15:00-16:00,0.0
教师食堂,2019-04-16,16:00-17:00,0.0
教师食堂,2019-04-16,17:00-18:00,0.0
教师食堂,2019-04-16,18:00-19:00,0.0
教师食堂,2019-04-16,19:00-20:00,0.0
教师食堂,2019-04-16,20:00-21:00,0.0
教师食堂,2019-04-16,21:00-22:00,0.0
教师食堂,2019-04-16,22:00-23:00,0.0
教师食堂,2019-04-16,23:00-24:00,0.0
教师食堂,2019-04-17,00:00-01:00,0.0
教师食堂,2019-04-17,01:00-02:00,0.0
教师食堂,2019-04-17,02:00-03:00,0.0
教师食堂,2019-04-17,03:00-04:00,0.0
教师食堂,2019-04-17,04:00-05:00,0.0
教师食堂,2019-04-17,05:00-06:00,0.0
教师食堂,2019-04-17,06:00-07:00,0.0
教师食堂,2019-04-17,07:00-08:00,0.0
教师食堂,2019-04-17,08:00-09:00,0.0
教师食堂,2019-04-17,09:00-10:00,0.0
教师食堂,2019-04-17,10:00-11:00,0.0
教师食堂,2019-04-17,11:00-12:00,599.0
教师食堂,2019-04-17,12:00-13:00,380.5
教师食堂,2019-04-17,13:00-14:00,0.0
教师食堂,2019-04-17,14:00-15:00,0.0
教师食堂,2019-04-17,15:00-16:00,0.0
教师食堂,2019-04-17,16:00-17:00,0.0
教师食堂,2019-04-17,17:00-18:00,0.0
教师食堂,2019-04-17,18:00-19:00,0.0
教师食堂,2019-04-17,19:00-20:00,0.0
教师食堂,2019-04-17,20:00-21:00,0.0
教师食堂,2019-04-17,21:00-22:00,0.0
教师食堂,2019-04-17,22:00-23:00,0.0
教师食堂,2019-04-17,23:00-24:00,0.0
教师食堂,2019-04-18,00:00-01:00,0.0
教师食堂,2019-04-18,01:00-02:00,0.0
教师食堂,2019-04-18,02:00-03:00,0.0
教师食堂,2019-04-18,03:00-04:00,0.0
教师食堂,2019-04-18,04:00-05:00,0.0
教师食堂,2019-04-18,05:00-06:00,0.0
教师食堂,2019-04-18,06:00-07:00,0.0
教师食堂,2019-04-18,07:00-08:00,0.0
教师食堂,2019-04-18,08:00-09:00,0.0
教师食堂,2019-04-18,09:00-10:00,0.0
教师食堂,2019-04-18,10:00-11:00,0.0
教师食堂,2019-04-18,11:00-12:00,399.5
教师食堂,2019-04-18,12:00-13:00,749.0
教师食堂,2019-04-18,13:00-14:00,0.0
教师食堂,2019-04-18,14:00-15:00,0.0
教师食堂,2019-04-18,15:00-16:00,0.0
教师食堂,2019-04-18,16:00-17:00,0.0
教师食堂,2019-04-18,17:00-18:00,0.0
教师食堂,2019-04-18,18:00-19:00,0.0
教师食堂,2019-04-18,19:00-20:00,0.0
教师食堂,2019-04-18,20:00-21:00,0.0
教师食堂,2019-04-18,21:00-22:00,0.0
教师食堂,2019-04-18,22:00-23:00,0.0
教师食堂,2019-04-18,23:00-24:00,0.0
教师食堂,2019-04-19,00:00-01:00,0.0
教师食堂,2019-04-19,01:00-02:00,0.0
教师食堂,2019-04-19,02:00-03:00,0.0
教师食堂,2019-04-19,03:00-04:00,0.0
教师食堂,2019-04-19,04:00-05:00,0.0
教师食堂,2019-04-19,05:00-06:00,0.0
教师食堂,2019-04-19,06:00-07:00,0.0
教师食堂,2019-04-19,07:00-08:00,0.0
教师食堂,2019-04-19,08:00-09:00,0.0
教师食堂,2019-04-19,09:00-10:00,0.0
教师食堂,2019-04-19,10:00-11:00,0.0
教师食堂,2019-04-19,11:00-12:00,230.0
教师食堂,2019-04-19,12:00-13:00,536.0
教师食堂,2019-04-19,13:00-14:00,0.0
教师食堂,2019-04-19,14:00-15:00,0.0
教师食堂,2019-04-19,15:00-16:00,0.0
教师食堂,2019-04-19,16:00-17:00,0.0
教师食堂,2019-04-19,17:00-18:00,0.0
教师食堂,2019-04-19,18:00-19:00,0.0
教师食堂,2019-04-19,19:00-20:00,0.0
教师食堂,2019-04-19,20:00-21:00,0.0
教师食堂,2019-04-19,21:00-22:00,0.0
教师食堂,2019-04-19,22:00-23:00,0.0
教师食堂,2019-04-19,23:00-24:00,0.0
教师食堂,2019-04-20,00:00-01:00,0.0
教师食堂,2019-04-20,01:00-02:00,0.0
教师食堂,2019-04-20,02:00-03:00,0.0
教师食堂,2019-04-20,03:00-04:00,0.0
教师食堂,2019-04-20,04:00-05:00,0.0
教师食堂,2019-04-20,05:00-06:00,0.0
教师食堂,2019-04-20,06:00-07:00,0.0
教师食堂,2019-04-20,07:00-08:00,0.0
教师食堂,2019-04-20,08:00-09:00,0.0
教师食堂,2019-04-20,09:00-10:00,0.0
教师食堂,2019-04-20,10:00-11:00,0.0
教师食堂,2019-04-20,11:00-12:00,0.0
教师食堂,2019-04-20,12:00-13:00,0.0
教师食堂,2019-04-20,13:00-14:00,0.0
教师食堂,2019-04-20,14:00-15:00,0.0
教师食堂,2019-04-20,15:00-16:00,0.0
教师食堂,2019-04-20,16:00-17:00,0.0
教师食堂,2019-04-20,17:00-18:00,0.0
教师食堂,2019-04-20,18:00-19:00,0.0
教师食堂,2019-04-20,19:00-20:00,0.0
教师食堂,2019-04-20,20:00-21:00,0.0
教师食堂,2019-04-20,21:00-22:00,0.0
教师食堂,2019-04-20,22:00-23:00,0.0
教师食堂,2019-04-20,23:00-24:00,0.0
教师食堂,2019-04-21,00:00-01:00,0.0
教师食堂,2019-04-21,01:00-02:00,0.0
教师食堂,2019-04-21,02:00-03:00,0.0
教师食堂,2019-04-21,03:00-04:00,0.0
教师食堂,2019-04-21,04:00-05:00,0.0
教师食堂,2019-04-21,05:00-06:00,0.0
教师食堂,2019-04-21,06:00-07:00,0.0
教师食堂,2019-04-21,07:00-08:00,0.0
教师食堂,2019-04-21,08:00-09:00,0.0
教师食堂,2019-04-21,09:00-10:00,0.0
教师食堂,2019-04-21,10:00-11:00,0.0
教师食堂,2019-04-21,11:00-12:00,0.0
教师食堂,2019-04-21,12:00-13:00,0.0
教师食堂,2019-04-21,13:00-14:00,0.0
教师食堂,2019-04-21,14:00-15:00,0.0
教师食堂,2019-04-21,15:00-16:00,0.0
教师食堂,2019-04-21,16:00-17:00,0.0
教师食堂,2019-04-21,17:00-18:00,0.0
教师食堂,2019-04-21,18:00-19:00,0.0
教师食堂,2019-04-21,19:00-20:00,0.0
教师食堂,2019-04-21,20:00-21:00,0.0
教师食堂,2019-04-21,21:00-22:00,0.0
教师食堂,2019-04-21,22:00-23:00,0.0
教师食堂,2019-04-21,23:00-24:00,0.0
教师食堂,2019-04-22,00:00-01:00,0.0
教师食堂,2019-04-22,01:00-02:00,0.0
教师食堂,2019-04-22,02:00-03:00,0.0
教师食堂,2019-04-22,03:00-04:00,0.0
教师食堂,2019-04-22,04:00-05:00,0.0
教师食堂,2019-04-22,05:00-06:00,0.0
教师食堂,2019-04-22,06:00-07:00,0.0
教师食堂,2019-04-22,07:00-08:00,0.0
教师食堂,2019-04-22,08:00-09:00,0.0
教师食堂,2019-04-22,09:00-10:00,0.0
教师食堂,2019-04-22,10:00-11:00,0.0
教师食堂,2019-04-22,11:00-12:00,344.5
教师食堂,2019-04-22,12:00-13:00,595.5
教师食堂,2019-04-22,13:00-14:00,0.0
教师食堂,2019-04-22,14:00-15:00,0.0
教师食堂,2019-04-22,15:00-16:00,0.0
教师食堂,2019-04-22,16:00-17:00,0.0
教师食堂,2019-04-22,17:00-18:00,0.0
教师食堂,2019-04-22,18:00-19:00,0.0
教师食堂,2019-04-22,19:00-20:00,0.0
教师食堂,2019-04-22,20:00-21:00,0.0
教师食堂,2019-04-22,21:00-22:00,0.0
教师食堂,2019-04-22,22:00-23:00,0.0
教师食堂,2019-04-22,23:00-24:00,0.0
教师食堂,2019-04-23,00:00-01:00,0.0
教师食堂,2019-04-23,01:00-02:00,0.0
教师食堂,2019-04-23,02:00-03:00,0.0
教师食堂,2019-04-23,03:00-04:00,0.0
教师食堂,2019-04-23,04:00-05:00,0.0
教师食堂,2019-04-23,05:00-06:00,0.0
教师食堂,2019-04-23,06:00-07:00,0.0
教师食堂,2019-04-23,07:00-08:00,0.0
教师食堂,2019-04-23,08:00-09:00,0.0
教师食堂,2019-04-23,09:00-10:00,0.0
教师食堂,2019-04-23,10:00-11:00,7.5
教师食堂,2019-04-23,11:00-12:00,362.5
教师食堂,2019-04-23,12:00-13:00,606.5
教师食堂,2019-04-23,13:00-14:00,0.0
教师食堂,2019-04-23,14:00-15:00,0.0
教师食堂,2019-04-23,15:00-16:00,0.0
教师食堂,2019-04-23,16:00-17:00,0.0
教师食堂,2019-04-23,17:00-18:00,0.0
教师食堂,2019-04-23,18:00-19:00,0.0
教师食堂,2019-04-23,19:00-20:00,0.0
教师食堂,2019-04-23,20:00-21:00,0.0
教师食堂,2019-04-23,21:00-22:00,0.0
教师食堂,2019-04-23,22:00-23:00,0.0
教师食堂,2019-04-23,23:00-24:00,0.0
教师食堂,2019-04-24,00:00-01:00,0.0
教师食堂,2019-04-24,01:00-02:00,0.0
教师食堂,2019-04-24,02:00-03:00,0.0
教师食堂,2019-04-24,03:00-04:00,0.0
教师食堂,2019-04-24,04:00-05:00,0.0
教师食堂,2019-04-24,05:00-06:00,0.0
教师食堂,2019-04-24,06:00-07:00,0.0
教师食堂,2019-04-24,07:00-08:00,0.0
教师食堂,2019-04-24,08:00-09:00,0.0
教师食堂,2019-04-24,09:00-10:00,0.0
教师食堂,2019-04-24,10:00-11:00,0.0
教师食堂,2019-04-24,11:00-12:00,329.0
教师食堂,2019-04-24,12:00-13:00,579.5
教师食堂,2019-04-24,13:00-14:00,0.0
教师食堂,2019-04-24,14:00-15:00,0.0
教师食堂,2019-04-24,15:00-16:00,0.0
教师食堂,2019-04-24,16:00-17:00,0.0
教师食堂,2019-04-24,17:00-18:00,0.0
教师食堂,2019-04-24,18:00-19:00,0.0
教师食堂,2019-04-24,19:00-20:00,0.0
教师食堂,2019-04-24,20:00-21:00,0.0
教师食堂,2019-04-24,21:00-22:00,0.0
教师食堂,2019-04-24,22:00-23:00,0.0
教师食堂,2019-04-24,23:00-24:00,0.0
教师食堂,2019-04-25,00:00-01:00,0.0
教师食堂,2019-04-25,01:00-02:00,0.0
教师食堂,2019-04-25,02:00-03:00,0.0
教师食堂,2019-04-25,03:00-04:00,0.0
教师食堂,2019-04-25,04:00-05:00,0.0
教师食堂,2019-04-25,05:00-06:00,0.0
教师食堂,2019-04-25,06:00-07:00,0.0
教师食堂,2019-04-25,07:00-08:00,0.0
教师食堂,2019-04-25,08:00-09:00,0.0
教师食堂,2019-04-25,09:00-10:00,0.0
教师食堂,2019-04-25,10:00-11:00,0.0
教师食堂,2019-04-25,11:00-12:00,432.5
教师食堂,2019-04-25,12:00-13:00,636.0
教师食堂,2019-04-25,13:00-14:00,0.0
教师食堂,2019-04-25,14:00-15:00,0.0
教师食堂,2019-04-25,15:00-16:00,0.0
教师食堂,2019-04-25,16:00-17:00,0.0
教师食堂,2019-04-25,17:00-18:00,0.0
教师食堂,2019-04-25,18:00-19:00,0.0
教师食堂,2019-04-25,19:00-20:00,0.0
教师食堂,2019-04-25,20:00-21:00,0.0
教师食堂,2019-04-25,21:00-22:00,0.0
教师食堂,2019-04-25,22:00-23:00,0.0
教师食堂,2019-04-25,23:00-24:00,0.0
教师食堂,2019-04-26,00:00-01:00,0.0
教师食堂,2019-04-26,01:00-02:00,0.0
教师食堂,2019-04-26,02:00-03:00,0.0
教师食堂,2019-04-26,03:00-04:00,0.0
教师食堂,2019-04-26,04:00-05:00,0.0
教师食堂,2019-04-26,05:00-06:00,0.0
教师食堂,2019-04-26,06:00-07:00,0.0
教师食堂,2019-04-26,07:00-08:00,0.0
教师食堂,2019-04-26,08:00-09:00,0.0
教师食堂,2019-04-26,09:00-10:00,0.0
教师食堂,2019-04-26,10:00-11:00,0.0
教师食堂,2019-04-26,11:00-12:00,234.5
教师食堂,2019-04-26,12:00-13:00,538.0
教师食堂,2019-04-26,13:00-14:00,0.0
教师食堂,2019-04-26,14:00-15:00,0.0
教师食堂,2019-04-26,15:00-16:00,0.0
教师食堂,2019-04-26,16:00-17:00,0.0
教师食堂,2019-04-26,17:00-18:00,0.0
教师食堂,2019-04-26,18:00-19:00,0.0
教师食堂,2019-04-26,19:00-20:00,0.0
教师食堂,2019-04-26,20:00-21:00,0.0
教师食堂,2019-04-26,21:00-22:00,0.0
教师食堂,2019-04-26,22:00-23:00,0.0
教师食堂,2019-04-26,23:00-24:00,0.0
教师食堂,2019-04-27,00:00-01:00,0.0
教师食堂,2019-04-27,01:00-02:00,0.0
教师食堂,2019-04-27,02:00-03:00,0.0
教师食堂,2019-04-27,03:00-04:00,0.0
教师食堂,2019-04-27,04:00-05:00,0.0
教师食堂,2019-04-27,05:00-06:00,0.0
教师食堂,2019-04-27,06:00-07:00,0.0
教师食堂,2019-04-27,07:00-08:00,0.0
教师食堂,2019-04-27,08:00-09:00,0.0
教师食堂,2019-04-27,09:00-10:00,0.0
教师食堂,2019-04-27,10:00-11:00,0.0
教师食堂,2019-04-27,11:00-12:00,0.0
教师食堂,2019-04-27,12:00-13:00,0.0
教师食堂,2019-04-27,13:00-14:00,0.0
教师食堂,2019-04-27,14:00-15:00,0.0
教师食堂,2019-04-27,15:00-16:00,0.0
教师食堂,2019-04-27,16:00-17:00,0.0
教师食堂,2019-04-27,17:00-18:00,0.0
教师食堂,2019-04-27,18:00-19:00,0.0
教师食堂,2019-04-27,19:00-20:00,0.0
教师食堂,2019-04-27,20:00-21:00,0.0
教师食堂,2019-04-27,21:00-22:00,0.0
教师食堂,2019-04-27,22:00-23:00,0.0
教师食堂,2019-04-27,23:00-24:00,0.0
教师食堂,2019-04-28,00:00-01:00,0.0
教师食堂,2019-04-28,01:00-02:00,0.0
教师食堂,2019-04-28,02:00-03:00,0.0
教师食堂,2019-04-28,03:00-04:00,0.0
教师食堂,2019-04-28,04:00-05:00,0.0
教师食堂,2019-04-28,05:00-06:00,0.0
教师食堂,2019-04-28,06:00-07:00,0.0
教师食堂,2019-04-28,07:00-08:00,0.0
教师食堂,2019-04-28,08:00-09:00,0.0
教师食堂,2019-04-28,09:00-10:00,0.0
教师食堂,2019-04-28,10:00-11:00,0.0
教师食堂,2019-04-28,11:00-12:00,0.0
教师食堂,2019-04-28,12:00-13:00,0.0
教师食堂,2019-04-28,13:00-14:00,0.0
教师食堂,2019-04-28,14:00-15:00,0.0
教师食堂,2019-04-28,15:00-16:00,0.0
教师食堂,2019-04-28,16:00-17:00,0.0
教师食堂,2019-04-28,17:00-18:00,0.0
教师食堂,2019-04-28,18:00-19:00,0.0
教师食堂,2019-04-28,19:00-20:00,0.0
教师食堂,2019-04-28,20:00-21:00,0.0
教师食堂,2019-04-28,21:00-22:00,0.0
教师食堂,2019-04-28,22:00-23:00,0.0
教师食堂,2019-04-28,23:00-24:00,0.0
教师食堂,2019-04-29,00:00-01:00,0.0
教师食堂,2019-04-29,01:00-02:00,0.0
教师食堂,2019-04-29,02:00-03:00,0.0
教师食堂,2019-04-29,03:00-04:00,0.0
教师食堂,2019-04-29,04:00-05:00,0.0
教师食堂,2019-04-29,05:00-06:00,0.0
教师食堂,2019-04-29,06:00-07:00,0.0
教师食堂,2019-04-29,07:00-08:00,0.0
教师食堂,2019-04-29,08:00-09:00,0.0
教师食堂,2019-04-29,09:00-10:00,0.0
教师食堂,2019-04-29,10:00-11:00,0.0
教师食堂,2019-04-29,11:00-12:00,0.0
教师食堂,2019-04-29,12:00-13:00,0.0
教师食堂,2019-04-29,13:00-14:00,0.0
教师食堂,2019-04-29,14:00-15:00,0.0
教师食堂,2019-04-29,15:00-16:00,0.0
教师食堂,2019-04-29,16:00-17:00,0.0
教师食堂,2019-04-29,17:00-18:00,0.0
教师食堂,2019-04-29,18:00-19:00,0.0
教师食堂,2019-04-29,19:00-20:00,0.0
教师食堂,2019-04-29,20:00-21:00,0.0
教师食堂,2019-04-29,21:00-22:00,0.0
教师食堂,2019-04-29,22:00-23:00,0.0
教师食堂,2019-04-29,23:00-24:00,0.0
教师食堂,2019-04-30,00:00-01:00,0.0
教师食堂,2019-04-30,01:00-02:00,0.0
教师食堂,2019-04-30,02:00-03:00,0.0
教师食堂,2019-04-30,03:00-04:00,0.0
教师食堂,2019-04-30,04:00-05:00,0.0
教师食堂,2019-04-30,05:00-06:00,0.0
教师食堂,2019-04-30,06:00-07:00,0.0
教师食堂,2019-04-30,07:00-08:00,0.0
教师食堂,2019-04-30,08:00-09:00,0.0
教师食堂,2019-04-30,09:00-10:00,0.0
教师食堂,2019-04-30,10:00-11:00,0.0
教师食堂,2019-04-30,11:00-12:00,0.0
教师食堂,2019-04-30,12:00-13:00,0.0
教师食堂,2019-04-30,13:00-14:00,0.0
教师食堂,2019-04-30,14:00-15:00,0.0
教师食堂,2019-04-30,15:00-16:00,0.0
教师食堂,2019-04-30,16:00-17:00,0.0
教师食堂,2019-04-30,17:00-18:00,0.0
教师食堂,2019-04-30,18:00-19:00,0.0
教师食堂,2019-04-30,19:00-20:00,0.0
教师食堂,2019-04-30,20:00-21:00,0.0
教师食堂,2019-04-30,21:00-22:00,0.0
教师食堂,2019-04-30,22:00-23:00,0.0
教师食堂,2019-04-30,23:00-24:00,0.0
水电缴费处,2019-04-01,00:00-01:00,0.0
水电缴费处,2019-04-01,01:00-02:00,0.0
水电缴费处,2019-04-01,02:00-03:00,0.0
水电缴费处,2019-04-01,03:00-04:00,0.0
水电缴费处,2019-04-01,04:00-05:00,0.0
水电缴费处,2019-04-01,05:00-06:00,0.0
水电缴费处,2019-04-01,06:00-07:00,0.0
水电缴费处,2019-04-01,07:00-08:00,0.0
水电缴费处,2019-04-01,08:00-09:00,0.0
水电缴费处,2019-04-01,09:00-10:00,11.7
水电缴费处,2019-04-01,10:00-11:00,3.4
水电缴费处,2019-04-01,11:00-12:00,4.2
水电缴费处,2019-04-01,12:00-13:00,11.2
水电缴费处,2019-04-01,13:00-14:00,1.8
水电缴费处,2019-04-01,14:00-15:00,10.0
水电缴费处,2019-04-01,15:00-16:00,6.8
水电缴费处,2019-04-01,16:00-17:00,15.2
水电缴费处,2019-04-01,17:00-18:00,0.1
水电缴费处,2019-04-01,18:00-19:00,0.0
水电缴费处,2019-04-01,19:00-20:00,0.0
水电缴费处,2019-04-01,20:00-21:00,0.0
水电缴费处,2019-04-01,21:00-22:00,0.0
水电缴费处,2019-04-01,22:00-23:00,0.0
水电缴费处,2019-04-01,23:00-24:00,0.0
水电缴费处,2019-04-02,00:00-01:00,0.0
水电缴费处,2019-04-02,01:00-02:00,0.0
水电缴费处,2019-04-02,02:00-03:00,0.0
水电缴费处,2019-04-02,03:00-04:00,0.0
水电缴费处,2019-04-02,04:00-05:00,0.0
水电缴费处,2019-04-02,05:00-06:00,0.0
水电缴费处,2019-04-02,06:00-07:00,0.0
水电缴费处,2019-04-02,07:00-08:00,0.0
水电缴费处,2019-04-02,08:00-09:00,1.7
水电缴费处,2019-04-02,09:00-10:00,38.1
水电缴费处,2019-04-02,10:00-11:00,5.3
水电缴费处,2019-04-02,11:00-12:00,24.7
水电缴费处,2019-04-02,12:00-13:00,30.3
水电缴费处,2019-04-02,13:00-14:00,6.4
水电缴费处,2019-04-02,14:00-15:00,19.3
水电缴费处,2019-04-02,15:00-16:00,16.0
水电缴费处,2019-04-02,16:00-17:00,19.6
水电缴费处,2019-04-02,17:00-18:00,32.8
水电缴费处,2019-04-02,18:00-19:00,5.0
水电缴费处,2019-04-02,19:00-20:00,11.3
水电缴费处,2019-04-02,20:00-21:00,14.0
水电缴费处,2019-04-02,21:00-22:00,1.0
水电缴费处,2019-04-02,22:00-23:00,0.0
水电缴费处,2019-04-02,23:00-24:00,0.0
水电缴费处,2019-04-03,00:00-01:00,0.0
水电缴费处,2019-04-03,01:00-02:00,0.0
水电缴费处,2019-04-03,02:00-03:00,0.0
水电缴费处,2019-04-03,03:00-04:00,0.0
水电缴费处,2019-04-03,04:00-05:00,0.0
水电缴费处,2019-04-03,05:00-06:00,0.0
水电缴费处,2019-04-03,06:00-07:00,0.0
水电缴费处,2019-04-03,07:00-08:00,0.0
水电缴费处,2019-04-03,08:00-09:00,1.8
水电缴费处,2019-04-03,09:00-10:00,14.5
水电缴费处,2019-04-03,10:00-11:00,10.9
水电缴费处,2019-04-03,11:00-12:00,33.0
水电缴费处,2019-04-03,12:00-13:00,30.8
水电缴费处,2019-04-03,13:00-14:00,7.0
水电缴费处,2019-04-03,14:00-15:00,14.5
水电缴费处,2019-04-03,15:00-16:00,2.5
水电缴费处,2019-04-03,16:00-17:00,41.3
水电缴费处,2019-04-03,17:00-18:00,8.9
水电缴费处,2019-04-03,18:00-19:00,24.2
水电缴费处,2019-04-03,19:00-20:00,18.2
水电缴费处,2019-04-03,20:00-21:00,6.3
水电缴费处,2019-04-03,21:00-22:00,0.0
水电缴费处,2019-04-03,22:00-23:00,0.0
水电缴费处,2019-04-03,23:00-24:00,0.0
水电缴费处,2019-04-04,00:00-01:00,0.0
水电缴费处,2019-04-04,01:00-02:00,0.0
水电缴费处,2019-04-04,02:00-03:00,0.0
水电缴费处,2019-04-04,03:00-04:00,0.0
水电缴费处,2019-04-04,04:00-05:00,0.0
水电缴费处,2019-04-04,05:00-06:00,0.0
水电缴费处,2019-04-04,06:00-07:00,0.0
水电缴费处,2019-04-04,07:00-08:00,0.0
水电缴费处,2019-04-04,08:00-09:00,1.2
水电缴费处,2019-04-04,09:00-10:00,28.9
水电缴费处,2019-04-04,10:00-11:00,42.6
水电缴费处,2019-04-04,11:00-12:00,22.0
水电缴费处,2019-04-04,12:00-13:00,5.6
水电缴费处,2019-04-04,13:00-14:00,29.5
水电缴费处,2019-04-04,14:00-15:00,12.9
水电缴费处,2019-04-04,15:00-16:00,52.9
水电缴费处,2019-04-04,16:00-17:00,14.5
水电缴费处,2019-04-04,17:00-18:00,6.9
水电缴费处,2019-04-04,18:00-19:00,15.4
水电缴费处,2019-04-04,19:00-20:00,14.8
水电缴费处,2019-04-04,20:00-21:00,1.5
水电缴费处,2019-04-04,21:00-22:00,4.1
水电缴费处,2019-04-04,22:00-23:00,0.0
水电缴费处,2019-04-04,23:00-24:00,0.0
水电缴费处,2019-04-05,00:00-01:00,0.0
水电缴费处,2019-04-05,01:00-02:00,0.0
水电缴费处,2019-04-05,02:00-03:00,0.0
水电缴费处,2019-04-05,03:00-04:00,0.0
水电缴费处,2019-04-05,04:00-05:00,0.0
水电缴费处,2019-04-05,05:00-06:00,0.0
水电缴费处,2019-04-05,06:00-07:00,0.0
水电缴费处,2019-04-05,07:00-08:00,0.0
水电缴费处,2019-04-05,08:00-09:00,0.0
水电缴费处,2019-04-05,09:00-10:00,0.0
水电缴费处,2019-04-05,10:00-11:00,0.0
水电缴费处,2019-04-05,11:00-12:00,0.0
水电缴费处,2019-04-05,12:00-13:00,0.0
水电缴费处,2019-04-05,13:00-14:00,0.0
水电缴费处,2019-04-05,14:00-15:00,0.0
水电缴费处,2019-04-05,15:00-16:00,0.0
水电缴费处,2019-04-05,16:00-17:00,0.0
水电缴费处,2019-04-05,17:00-18:00,0.0
水电缴费处,2019-04-05,18:00-19:00,0.0
水电缴费处,2019-04-05,19:00-20:00,0.0
水电缴费处,2019-04-05,20:00-21:00,0.0
水电缴费处,2019-04-05,21:00-22:00,0.0
水电缴费处,2019-04-05,22:00-23:00,0.0
水电缴费处,2019-04-05,23:00-24:00,0.0
水电缴费处,2019-04-06,00:00-01:00,0.0
水电缴费处,2019-04-06,01:00-02:00,0.0
水电缴费处,2019-04-06,02:00-03:00,0.0
水电缴费处,2019-04-06,03:00-04:00,0.0
水电缴费处,2019-04-06,04:00-05:00,0.0
水电缴费处,2019-04-06,05:00-06:00,0.0
水电缴费处,2019-04-06,06:00-07:00,0.0
水电缴费处,2019-04-06,07:00-08:00,0.0
水电缴费处,2019-04-06,08:00-09:00,0.0
水电缴费处,2019-04-06,09:00-10:00,0.0
水电缴费处,2019-04-06,10:00-11:00,0.0
水电缴费处,2019-04-06,11:00-12:00,0.0
水电缴费处,2019-04-06,12:00-13:00,0.0
水电缴费处,2019-04-06,13:00-14:00,0.0
水电缴费处,2019-04-06,14:00-15:00,0.0
水电缴费处,2019-04-06,15:00-16:00,0.0
水电缴费处,2019-04-06,16:00-17:00,0.0
水电缴费处,2019-04-06,17:00-18:00,0.0
水电缴费处,2019-04-06,18:00-19:00,0.0
水电缴费处,2019-04-06,19:00-20:00,0.0
水电缴费处,2019-04-06,20:00-21:00,0.0
水电缴费处,2019-04-06,21:00-22:00,0.0
水电缴费处,2019-04-06,22:00-23:00,0.0
水电缴费处,2019-04-06,23:00-24:00,0.0
水电缴费处,2019-04-07,00:00-01:00,0.0
水电缴费处,2019-04-07,01:00-02:00,0.0
水电缴费处,2019-04-07,02:00-03:00,0.0
水电缴费处,2019-04-07,03:00-04:00,0.0
水电缴费处,2019-04-07,04:00-05:00,0.0
水电缴费处,2019-04-07,05:00-06:00,0.0
水电缴费处,2019-04-07,06:00-07:00,0.0
水电缴费处,2019-04-07,07:00-08:00,0.0
水电缴费处,2019-04-07,08:00-09:00,0.0
水电缴费处,2019-04-07,09:00-10:00,0.0
水电缴费处,2019-04-07,10:00-11:00,0.0
水电缴费处,2019-04-07,11:00-12:00,0.0
水电缴费处,2019-04-07,12:00-13:00,0.0
水电缴费处,2019-04-07,13:00-14:00,0.0
水电缴费处,2019-04-07,14:00-15:00,0.0
水电缴费处,2019-04-07,15:00-16:00,0.0
水电缴费处,2019-04-07,16:00-17:00,0.0
水电缴费处,2019-04-07,17:00-18:00,0.0
水电缴费处,2019-04-07,18:00-19:00,0.0
水电缴费处,2019-04-07,19:00-20:00,0.0
水电缴费处,2019-04-07,20:00-21:00,0.0
水电缴费处,2019-04-07,21:00-22:00,0.0
水电缴费处,2019-04-07,22:00-23:00,0.0
水电缴费处,2019-04-07,23:00-24:00,0.0
水电缴费处,2019-04-08,00:00-01:00,0.0
水电缴费处,2019-04-08,01:00-02:00,0.0
水电缴费处,2019-04-08,02:00-03:00,0.0
水电缴费处,2019-04-08,03:00-04:00,0.0
水电缴费处,2019-04-08,04:00-05:00,0.0
水电缴费处,2019-04-08,05:00-06:00,0.0
水电缴费处,2019-04-08,06:00-07:00,0.0
水电缴费处,2019-04-08,07:00-08:00,0.0
水电缴费处,2019-04-08,08:00-09:00,2.8
水电缴费处,2019-04-08,09:00-10:00,16.6
水电缴费处,2019-04-08,10:00-11:00,10.9
水电缴费处,2019-04-08,11:00-12:00,12.4
水电缴费处,2019-04-08,12:00-13:00,12.5
水电缴费处,2019-04-08,13:00-14:00,0.0
水电缴费处,2019-04-08,14:00-15:00,16.4
水电缴费处,2019-04-08,15:00-16:00,13.9
水电缴费处,2019-04-08,16:00-17:00,52.5
水电缴费处,2019-04-08,17:00-18:00,9.0
水电缴费处,2019-04-08,18:00-19:00,11.3
水电缴费处,2019-04-08,19:00-20:00,8.2
水电缴费处,2019-04-08,20:00-21:00,1.9
水电缴费处,2019-04-08,21:00-22:00,0.0
水电缴费处,2019-04-08,22:00-23:00,0.0
水电缴费处,2019-04-08,23:00-24:00,0.0
水电缴费处,2019-04-09,00:00-01:00,0.0
水电缴费处,2019-04-09,01:00-02:00,0.0
水电缴费处,2019-04-09,02:00-03:00,0.0
水电缴费处,2019-04-09,03:00-04:00,0.0
水电缴费处,2019-04-09,04:00-05:00,0.0
水电缴费处,2019-04-09,05:00-06:00,0.0
水电缴费处,2019-04-09,06:00-07:00,0.0
水电缴费处,2019-04-09,07:00-08:00,0.0
水电缴费处,2019-04-09,08:00-09:00,0.0
水电缴费处,2019-04-09,09:00-10:00,17.2
水电缴费处,2019-04-09,10:00-11:00,8.0
水电缴费处,2019-04-09,11:00-12:00,35.1
水电缴费处,2019-04-09,12:00-13:00,11.5
水电缴费处,2019-04-09,13:00-14:00,7.8
水电缴费处,2019-04-09,14:00-15:00,23.7
水电缴费处,2019-04-09,15:00-16:00,34.5
水电缴费处,2019-04-09,16:00-17:00,47.1
水电缴费处,2019-04-09,17:00-18:00,24.4
水电缴费处,2019-04-09,18:00-19:00,25.8
水电缴费处,2019-04-09,19:00-20:00,11.2
水电缴费处,2019-04-09,20:00-21:00,4.5
水电缴费处,2019-04-09,21:00-22:00,0.0
水电缴费处,2019-04-09,22:00-23:00,0.0
水电缴费处,2019-04-09,23:00-24:00,0.0
水电缴费处,2019-04-10,00:00-01:00,0.0
水电缴费处,2019-04-10,01:00-02:00,0.0
水电缴费处,2019-04-10,02:00-03:00,0.0
水电缴费处,2019-04-10,03:00-04:00,0.0
水电缴费处,2019-04-10,04:00-05:00,0.0
水电缴费处,2019-04-10,05:00-06:00,0.0
水电缴费处,2019-04-10,06:00-07:00,0.0
水电缴费处,2019-04-10,07:00-08:00,0.0
水电缴费处,2019-04-10,08:00-09:00,6.1
水电缴费处,2019-04-10,09:00-10:00,11.6
水电缴费处,2019-04-10,10:00-11:00,50.8
水电缴费处,2019-04-10,11:00-12:00,11.9
水电缴费处,2019-04-10,12:00-13:00,28.6
水电缴费处,2019-04-10,13:00-14:00,7.3
水电缴费处,2019-04-10,14:00-15:00,8.8
水电缴费处,2019-04-10,15:00-16:00,7.5
水电缴费处,2019-04-10,16:00-17:00,19.1
水电缴费处,2019-04-10,17:00-18:00,8.5
水电缴费处,2019-04-10,18:00-19:00,26.2
水电缴费处,2019-04-10,19:00-20:00,26.2
水电缴费处,2019-04-10,20:00-21:00,6.8
水电缴费处,2019-04-10,21:00-22:00,0.3
水电缴费处,2019-04-10,22:00-23:00,0.0
水电缴费处,2019-04-10,23:00-24:00,0.0
水电缴费处,2019-04-11,00:00-01:00,0.0
水电缴费处,2019-04-11,01:00-02:00,0.0
水电缴费处,2019-04-11,02:00-03:00,0.0
水电缴费处,2019-04-11,03:00-04:00,0.0
水电缴费处,2019-04-11,04:00-05:00,0.0
水电缴费处,2019-04-11,05:00-06:00,0.0
水电缴费处,2019-04-11,06:00-07:00,0.0
水电缴费处,2019-04-11,07:00-08:00,0.0
水电缴费处,2019-04-11,08:00-09:00,4.6
水电缴费处,2019-04-11,09:00-10:00,28.2
水电缴费处,2019-04-11,10:00-11:00,36.1
水电缴费处,2019-04-11,11:00-12:00,13.4
水电缴费处,2019-04-11,12:00-13:00,4.5
水电缴费处,2019-04-11,13:00-14:00,43.8
水电缴费处,2019-04-11,14:00-15:00,13.5
水电缴费处,2019-04-11,15:00-16:00,26.8
水电缴费处,2019-04-11,16:00-17:00,4.5
水电缴费处,2019-04-11,17:00-18:00,0.0
水电缴费处,2019-04-11,18:00-19:00,0.0
水电缴费处,2019-04-11,19:00-20:00,0.0
水电缴费处,2019-04-11,20:00-21:00,0.0
水电缴费处,2019-04-11,21:00-22:00,0.0
水电缴费处,2019-04-11,22:00-23:00,0.0
水电缴费处,2019-04-11,23:00-24:00,0.0
水电缴费处,2019-04-12,00:00-01:00,0.0
水电缴费处,2019-04-12,01:00-02:00,0.0
水电缴费处,2019-04-12,02:00-03:00,0.0
水电缴费处,2019-04-12,03:00-04:00,0.0
水电缴费处,2019-04-12,04:00-05:00,0.0
水电缴费处,2019-04-12,05:00-06:00,0.0
水电缴费处,2019-04-12,06:00-07:00,0.0
水电缴费处,2019-04-12,07:00-08:00,0.0
水电缴费处,2019-04-12,08:00-09:00,4.8
水电缴费处,2019-04-12,09:00-10:00,31.3
水电缴费处,2019-04-12,10:00-11:00,30.9
水电缴费处,2019-04-12,11:00-12:00,23.4
水电缴费处,2019-04-12,12:00-13:00,57.0
水电缴费处,2019-04-12,13:00-14:00,11.7
水电缴费处,2019-04-12,14:00-15:00,21.5
水电缴费处,2019-04-12,15:00-16:00,6.5
水电缴费处,2019-04-12,16:00-17:00,26.4
水电缴费处,2019-04-12,17:00-18:00,24.5
水电缴费处,2019-04-12,18:00-19:00,22.0
水电缴费处,2019-04-12,19:00-20:00,5.3
水电缴费处,2019-04-12,20:00-21:00,7.8
水电缴费处,2019-04-12,21:00-22:00,1.2
水电缴费处,2019-04-12,22:00-23:00,0.0
水电缴费处,2019-04-12,23:00-24:00,0.0
水电缴费处,2019-04-13,00:00-01:00,0.0
水电缴费处,2019-04-13,01:00-02:00,0.0
水电缴费处,2019-04-13,02:00-03:00,0.0
水电缴费处,2019-04-13,03:00-04:00,0.0
水电缴费处,2019-04-13,04:00-05:00,0.0
水电缴费处,2019-04-13,05:00-06:00,0.0
水电缴费处,2019-04-13,06:00-07:00,0.0
水电缴费处,2019-04-13,07:00-08:00,0.0
水电缴费处,2019-04-13,08:00-09:00,0.0
水电缴费处,2019-04-13,09:00-10:00,0.0
水电缴费处,2019-04-13,10:00-11:00,0.0
水电缴费处,2019-04-13,11:00-12:00,0.0
水电缴费处,2019-04-13,12:00-13:00,0.0
水电缴费处,2019-04-13,13:00-14:00,0.0
水电缴费处,2019-04-13,14:00-15:00,0.0
水电缴费处,2019-04-13,15:00-16:00,0.0
水电缴费处,2019-04-13,16:00-17:00,0.0
水电缴费处,2019-04-13,17:00-18:00,0.0
水电缴费处,2019-04-13,18:00-19:00,0.0
水电缴费处,2019-04-13,19:00-20:00,0.0
水电缴费处,2019-04-13,20:00-21:00,0.0
水电缴费处,2019-04-13,21:00-22:00,0.0
水电缴费处,2019-04-13,22:00-23:00,0.0
水电缴费处,2019-04-13,23:00-24:00,0.0
水电缴费处,2019-04-14,00:00-01:00,0.0
水电缴费处,2019-04-14,01:00-02:00,0.0
水电缴费处,2019-04-14,02:00-03:00,0.0
水电缴费处,2019-04-14,03:00-04:00,0.0
水电缴费处,2019-04-14,04:00-05:00,0.0
水电缴费处,2019-04-14,05:00-06:00,0.0
水电缴费处,2019-04-14,06:00-07:00,0.0
水电缴费处,2019-04-14,07:00-08:00,0.0
水电缴费处,2019-04-14,08:00-09:00,0.0
水电缴费处,2019-04-14,09:00-10:00,1.4
水电缴费处,2019-04-14,10:00-11:00,3.0
水电缴费处,2019-04-14,11:00-12:00,22.4
水电缴费处,2019-04-14,12:00-13:00,1.0
水电缴费处,2019-04-14,13:00-14:00,3.4
水电缴费处,2019-04-14,14:00-15:00,3.6
水电缴费处,2019-04-14,15:00-16:00,1.7
水电缴费处,2019-04-14,16:00-17:00,4.8
水电缴费处,2019-04-14,17:00-18:00,13.6
水电缴费处,2019-04-14,18:00-19:00,7.2
水电缴费处,2019-04-14,19:00-20:00,15.9
水电缴费处,2019-04-14,20:00-21:00,8.9
水电缴费处,2019-04-14,21:00-22:00,0.0
水电缴费处,2019-04-14,22:00-23:00,0.0
水电缴费处,2019-04-14,23:00-24:00,0.0
水电缴费处,2019-04-15,00:00-01:00,0.0
水电缴费处,2019-04-15,01:00-02:00,0.0
水电缴费处,2019-04-15,02:00-03:00,0.0
水电缴费处,2019-04-15,03:00-04:00,0.0
水电缴费处,2019-04-15,04:00-05:00,0.0
水电缴费处,2019-04-15,05:00-06:00,0.0
水电缴费处,2019-04-15,06:00-07:00,0.0
水电缴费处,2019-04-15,07:00-08:00,0.0
水电缴费处,2019-04-15,08:00-09:00,5.8
水电缴费处,2019-04-15,09:00-10:00,18.9
水电缴费处,2019-04-15,10:00-11:00,33.1
水电缴费处,2019-04-15,11:00-12:00,12.0
水电缴费处,2019-04-15,12:00-13:00,21.7
水电缴费处,2019-04-15,13:00-14:00,7.7
水电缴费处,2019-04-15,14:00-15:00,1.0
水电缴费处,2019-04-15,15:00-16:00,13.6
水电缴费处,2019-04-15,16:00-17:00,24.0
水电缴费处,2019-04-15,17:00-18:00,11.5
水电缴费处,2019-04-15,18:00-19:00,21.1
水电缴费处,2019-04-15,19:00-20:00,43.4
水电缴费处,2019-04-15,20:00-21:00,25.2
水电缴费处,2019-04-15,21:00-22:00,1.1
水电缴费处,2019-04-15,22:00-23:00,0.0
水电缴费处,2019-04-15,23:00-24:00,0.0
水电缴费处,2019-04-16,00:00-01:00,0.0
水电缴费处,2019-04-16,01:00-02:00,0.0
水电缴费处,2019-04-16,02:00-03:00,0.0
水电缴费处,2019-04-16,03:00-04:00,0.0
水电缴费处,2019-04-16,04:00-05:00,0.0
水电缴费处,2019-04-16,05:00-06:00,0.0
水电缴费处,2019-04-16,06:00-07:00,0.0
水电缴费处,2019-04-16,07:00-08:00,0.0
水电缴费处,2019-04-16,08:00-09:00,1.0
水电缴费处,2019-04-16,09:00-10:00,16.9
水电缴费处,2019-04-16,10:00-11:00,17.0
水电缴费处,2019-04-16,11:00-12:00,19.1
水电缴费处,2019-04-16,12:00-13:00,30.7
水电缴费处,2019-04-16,13:00-14:00,7.3
水电缴费处,2019-04-16,14:00-15:00,36.2
水电缴费处,2019-04-16,15:00-16:00,23.8
水电缴费处,2019-04-16,16:00-17:00,59.9
水电缴费处,2019-04-16,17:00-18:00,12.4
水电缴费处,2019-04-16,18:00-19:00,46.5
水电缴费处,2019-04-16,19:00-20:00,5.6
水电缴费处,2019-04-16,20:00-21:00,14.3
水电缴费处,2019-04-16,21:00-22:00,17.7
水电缴费处,2019-04-16,22:00-23:00,0.0
水电缴费处,2019-04-16,23:00-24:00,0.0
水电缴费处,2019-04-17,00:00-01:00,0.0
水电缴费处,2019-04-17,01:00-02:00,0.0
水电缴费处,2019-04-17,02:00-03:00,0.0
水电缴费处,2019-04-17,03:00-04:00,0.0
水电缴费处,2019-04-17,04:00-05:00,0.0
水电缴费处,2019-04-17,05:00-06:00,0.0
水电缴费处,2019-04-17,06:00-07:00,0.0
水电缴费处,2019-04-17,07:00-08:00,0.0
水电缴费处,2019-04-17,08:00-09:00,1.1
水电缴费处,2019-04-17,09:00-10:00,31.6
水电缴费处,2019-04-17,10:00-11:00,21.1
水电缴费处,2019-04-17,11:00-12:00,22.7
水电缴费处,2019-04-17,12:00-13:00,70.2
水电缴费处,2019-04-17,13:00-14:00,9.3
水电缴费处,2019-04-17,14:00-15:00,5.5
水电缴费处,2019-04-17,15:00-16:00,18.8
水电缴费处,2019-04-17,16:00-17:00,26.4
水电缴费处,2019-04-17,17:00-18:00,37.2
水电缴费处,2019-04-17,18:00-19:00,23.1
水电缴费处,2019-04-17,19:00-20:00,38.6
水电缴费处,2019-04-17,20:00-21:00,18.9
水电缴费处,2019-04-17,21:00-22:00,0.0
水电缴费处,2019-04-17,22:00-23:00,0.0
水电缴费处,2019-04-17,23:00-24:00,0.0
水电缴费处,2019-04-18,00:00-01:00,0.0
水电缴费处,2019-04-18,01:00-02:00,0.0
水电缴费处,2019-04-18,02:00-03:00,0.0
水电缴费处,2019-04-18,03:00-04:00,0.0
水电缴费处,2019-04-18,04:00-05:00,0.0
水电缴费处,2019-04-18,05:00-06:00,0.0
水电缴费处,2019-04-18,06:00-07:00,0.0
水电缴费处,2019-04-18,07:00-08:00,0.0
水电缴费处,2019-04-18,08:00-09:00,0.0
水电缴费处,2019-04-18,09:00-10:00,57.6
水电缴费处,2019-04-18,10:00-11:00,15.1
水电缴费处,2019-04-18,11:00-12:00,28.8
水电缴费处,2019-04-18,12:00-13:00,42.0
水电缴费处,2019-04-18,13:00-14:00,9.7
水电缴费处,2019-04-18,14:00-15:00,18.4
水电缴费处,2019-04-18,15:00-16:00,18.6
水电缴费处,2019-04-18,16:00-17:00,9.9
水电缴费处,2019-04-18,17:00-18:00,14.4
水电缴费处,2019-04-18,18:00-19:00,59.4
水电缴费处,2019-04-18,19:00-20:00,9.7
水电缴费处,2019-04-18,20:00-21:00,14.3
水电缴费处,2019-04-18,21:00-22:00,0.2
水电缴费处,2019-04-18,22:00-23:00,0.0
水电缴费处,2019-04-18,23:00-24:00,0.0
水电缴费处,2019-04-19,00:00-01:00,0.0
水电缴费处,2019-04-19,01:00-02:00,0.0
水电缴费处,2019-04-19,02:00-03:00,0.0
水电缴费处,2019-04-19,03:00-04:00,0.0
水电缴费处,2019-04-19,04:00-05:00,0.0
水电缴费处,2019-04-19,05:00-06:00,0.0
水电缴费处,2019-04-19,06:00-07:00,0.0
水电缴费处,2019-04-19,07:00-08:00,0.0
水电缴费处,2019-04-19,08:00-09:00,1.6
水电缴费处,2019-04-19,09:00-10:00,20.3
水电缴费处,2019-04-19,10:00-11:00,15.1
水电缴费处,2019-04-19,11:00-12:00,10.3
水电缴费处,2019-04-19,12:00-13:00,25.6
水电缴费处,2019-04-19,13:00-14:00,5.3
水电缴费处,2019-04-19,14:00-15:00,5.4
水电缴费处,2019-04-19,15:00-16:00,7.0
水电缴费处,2019-04-19,16:00-17:00,16.0
水电缴费处,2019-04-19,17:00-18:00,6.0
水电缴费处,2019-04-19,18:00-19:00,8.0
水电缴费处,2019-04-19,19:00-20:00,24.6
水电缴费处,2019-04-19,20:00-21:00,10.4
水电缴费处,2019-04-19,21:00-22:00,0.2
水电缴费处,2019-04-19,22:00-23:00,0.0
水电缴费处,2019-04-19,23:00-24:00,0.0
水电缴费处,2019-04-20,00:00-01:00,0.0
水电缴费处,2019-04-20,01:00-02:00,0.0
水电缴费处,2019-04-20,02:00-03:00,0.0
水电缴费处,2019-04-20,03:00-04:00,0.0
水电缴费处,2019-04-20,04:00-05:00,0.0
水电缴费处,2019-04-20,05:00-06:00,0.0
水电缴费处,2019-04-20,06:00-07:00,0.0
水电缴费处,2019-04-20,07:00-08:00,0.0
水电缴费处,2019-04-20,08:00-09:00,0.0
水电缴费处,2019-04-20,09:00-10:00,0.0
水电缴费处,2019-04-20,10:00-11:00,0.0
水电缴费处,2019-04-20,11:00-12:00,0.0
水电缴费处,2019-04-20,12:00-13:00,0.0
水电缴费处,2019-04-20,13:00-14:00,0.0
水电缴费处,2019-04-20,14:00-15:00,0.0
水电缴费处,2019-04-20,15:00-16:00,0.0
水电缴费处,2019-04-20,16:00-17:00,0.0
水电缴费处,2019-04-20,17:00-18:00,0.0
水电缴费处,2019-04-20,18:00-19:00,0.0
水电缴费处,2019-04-20,19:00-20:00,0.0
水电缴费处,2019-04-20,20:00-21:00,0.0
水电缴费处,2019-04-20,21:00-22:00,0.0
水电缴费处,2019-04-20,22:00-23:00,0.0
水电缴费处,2019-04-20,23:00-24:00,0.0
水电缴费处,2019-04-21,00:00-01:00,0.0
水电缴费处,2019-04-21,01:00-02:00,0.0
水电缴费处,2019-04-21,02:00-03:00,0.0
水电缴费处,2019-04-21,03:00-04:00,0.0
水电缴费处,2019-04-21,04:00-05:00,0.0
水电缴费处,2019-04-21,05:00-06:00,0.0
水电缴费处,2019-04-21,06:00-07:00,0.0
水电缴费处,2019-04-21,07:00-08:00,0.0
水电缴费处,2019-04-21,08:00-09:00,0.0
水电缴费处,2019-04-21,09:00-10:00,6.4
水电缴费处,2019-04-21,10:00-11:00,10.7
水电缴费处,2019-04-21,11:00-12:00,7.3
水电缴费处,2019-04-21,12:00-13:00,31.8
水电缴费处,2019-04-21,13:00-14:00,6.7
水电缴费处,2019-04-21,14:00-15:00,16.5
水电缴费处,2019-04-21,15:00-16:00,4.0
水电缴费处,2019-04-21,16:00-17:00,5.0
水电缴费处,2019-04-21,17:00-18:00,9.1
水电缴费处,2019-04-21,18:00-19:00,7.8
水电缴费处,2019-04-21,19:00-20:00,21.8
水电缴费处,2019-04-21,20:00-21:00,3.0
水电缴费处,2019-04-21,21:00-22:00,0.0
水电缴费处,2019-04-21,22:00-23:00,0.0
水电缴费处,2019-04-21,23:00-24:00,0.0
水电缴费处,2019-04-22,00:00-01:00,0.0
水电缴费处,2019-04-22,01:00-02:00,0.0
水电缴费处,2019-04-22,02:00-03:00,0.0
水电缴费处,2019-04-22,03:00-04:00,0.0
水电缴费处,2019-04-22,04:00-05:00,0.0
水电缴费处,2019-04-22,05:00-06:00,0.0
水电缴费处,2019-04-22,06:00-07:00,0.0
水电缴费处,2019-04-22,07:00-08:00,0.0
水电缴费处,2019-04-22,08:00-09:00,0.7
水电缴费处,2019-04-22,09:00-10:00,25.56
水电缴费处,2019-04-22,10:00-11:00,22.8
水电缴费处,2019-04-22,11:00-12:00,24.0
水电缴费处,2019-04-22,12:00-13:00,19.7
水电缴费处,2019-04-22,13:00-14:00,10.53
水电缴费处,2019-04-22,14:00-15:00,15.7
水电缴费处,2019-04-22,15:00-16:00,28.6
水电缴费处,2019-04-22,16:00-17:00,34.9
水电缴费处,2019-04-22,17:00-18:00,19.4
水电缴费处,2019-04-22,18:00-19:00,32.3
水电缴费处,2019-04-22,19:00-20:00,24.1
水电缴费处,2019-04-22,20:00-21:00,14.6
水电缴费处,2019-04-22,21:00-22:00,0.4
水电缴费处,2019-04-22,22:00-23:00,0.0
水电缴费处,2019-04-22,23:00-24:00,0.0
水电缴费处,2019-04-23,00:00-01:00,0.0
水电缴费处,2019-04-23,01:00-02:00,0.0
水电缴费处,2019-04-23,02:00-03:00,0.0
水电缴费处,2019-04-23,03:00-04:00,0.0
水电缴费处,2019-04-23,04:00-05:00,0.0
水电缴费处,2019-04-23,05:00-06:00,0.0
水电缴费处,2019-04-23,06:00-07:00,0.0
水电缴费处,2019-04-23,07:00-08:00,0.0
水电缴费处,2019-04-23,08:00-09:00,0.3
水电缴费处,2019-04-23,09:00-10:00,25.8
水电缴费处,2019-04-23,10:00-11:00,1.8
水电缴费处,2019-04-23,11:00-12:00,13.4
水电缴费处,2019-04-23,12:00-13:00,17.7
水电缴费处,2019-04-23,13:00-14:00,5.5
水电缴费处,2019-04-23,14:00-15:00,12.8
水电缴费处,2019-04-23,15:00-16:00,6.8
水电缴费处,2019-04-23,16:00-17:00,22.4
水电缴费处,2019-04-23,17:00-18:00,25.5
水电缴费处,2019-04-23,18:00-19:00,26.0
水电缴费处,2019-04-23,19:00-20:00,53.6
水电缴费处,2019-04-23,20:00-21:00,16.1
水电缴费处,2019-04-23,21:00-22:00,4.3
水电缴费处,2019-04-23,22:00-23:00,0.0
水电缴费处,2019-04-23,23:00-24:00,0.0
水电缴费处,2019-04-24,00:00-01:00,0.0
水电缴费处,2019-04-24,01:00-02:00,0.0
水电缴费处,2019-04-24,02:00-03:00,0.0
水电缴费处,2019-04-24,03:00-04:00,0.0
水电缴费处,2019-04-24,04:00-05:00,0.0
水电缴费处,2019-04-24,05:00-06:00,0.0
水电缴费处,2019-04-24,06:00-07:00,0.0
水电缴费处,2019-04-24,07:00-08:00,0.0
水电缴费处,2019-04-24,08:00-09:00,0.5
水电缴费处,2019-04-24,09:00-10:00,11.5
水电缴费处,2019-04-24,10:00-11:00,8.7
水电缴费处,2019-04-24,11:00-12:00,31.4
水电缴费处,2019-04-24,12:00-13:00,14.8
水电缴费处,2019-04-24,13:00-14:00,0.8
水电缴费处,2019-04-24,14:00-15:00,0.0
水电缴费处,2019-04-24,15:00-16:00,3.6
水电缴费处,2019-04-24,16:00-17:00,29.5
水电缴费处,2019-04-24,17:00-18:00,31.5
水电缴费处,2019-04-24,18:00-19:00,4.0
水电缴费处,2019-04-24,19:00-20:00,20.6
水电缴费处,2019-04-24,20:00-21:00,8.2
水电缴费处,2019-04-24,21:00-22:00,14.8
水电缴费处,2019-04-24,22:00-23:00,0.0
水电缴费处,2019-04-24,23:00-24:00,0.0
水电缴费处,2019-04-25,00:00-01:00,0.0
水电缴费处,2019-04-25,01:00-02:00,0.0
水电缴费处,2019-04-25,02:00-03:00,0.0
水电缴费处,2019-04-25,03:00-04:00,0.0
水电缴费处,2019-04-25,04:00-05:00,0.0
水电缴费处,2019-04-25,05:00-06:00,0.0
水电缴费处,2019-04-25,06:00-07:00,0.0
水电缴费处,2019-04-25,07:00-08:00,0.0
水电缴费处,2019-04-25,08:00-09:00,3.8
水电缴费处,2019-04-25,09:00-10:00,26.5
水电缴费处,2019-04-25,10:00-11:00,41.1
水电缴费处,2019-04-25,11:00-12:00,31.1
水电缴费处,2019-04-25,12:00-13:00,34.7
水电缴费处,2019-04-25,13:00-14:00,22.0
水电缴费处,2019-04-25,14:00-15:00,7.2
水电缴费处,2019-04-25,15:00-16:00,10.0
水电缴费处,2019-04-25,16:00-17:00,34.81
水电缴费处,2019-04-25,17:00-18:00,11.6
水电缴费处,2019-04-25,18:00-19:00,7.2
水电缴费处,2019-04-25,19:00-20:00,15.3
水电缴费处,2019-04-25,20:00-21:00,16.1
水电缴费处,2019-04-25,21:00-22:00,18.5
水电缴费处,2019-04-25,22:00-23:00,0.0
水电缴费处,2019-04-25,23:00-24:00,0.0
水电缴费处,2019-04-26,00:00-01:00,0.0
水电缴费处,2019-04-26,01:00-02:00,0.0
水电缴费处,2019-04-26,02:00-03:00,0.0
水电缴费处,2019-04-26,03:00-04:00,0.0
水电缴费处,2019-04-26,04:00-05:00,0.0
水电缴费处,2019-04-26,05:00-06:00,0.0
水电缴费处,2019-04-26,06:00-07:00,0.0
水电缴费处,2019-04-26,07:00-08:00,0.0
水电缴费处,2019-04-26,08:00-09:00,2.6
水电缴费处,2019-04-26,09:00-10:00,38.6
水电缴费处,2019-04-26,10:00-11:00,43.3
水电缴费处,2019-04-26,11:00-12:00,27.0
水电缴费处,2019-04-26,12:00-13:00,21.3
水电缴费处,2019-04-26,13:00-14:00,1.4
水电缴费处,2019-04-26,14:00-15:00,21.9
水电缴费处,2019-04-26,15:00-16:00,11.7
水电缴费处,2019-04-26,16:00-17:00,50.2
水电缴费处,2019-04-26,17:00-18:00,17.6
水电缴费处,2019-04-26,18:00-19:00,12.7
水电缴费处,2019-04-26,19:00-20:00,2.3
水电缴费处,2019-04-26,20:00-21:00,0.9
水电缴费处,2019-04-26,21:00-22:00,0.0
水电缴费处,2019-04-26,22:00-23:00,0.0
水电缴费处,2019-04-26,23:00-24:00,0.0
水电缴费处,2019-04-27,00:00-01:00,0.0
水电缴费处,2019-04-27,01:00-02:00,0.0
水电缴费处,2019-04-27,02:00-03:00,0.0
水电缴费处,2019-04-27,03:00-04:00,0.0
水电缴费处,2019-04-27,04:00-05:00,0.0
水电缴费处,2019-04-27,05:00-06:00,0.0
水电缴费处,2019-04-27,06:00-07:00,0.0
水电缴费处,2019-04-27,07:00-08:00,0.0
水电缴费处,2019-04-27,08:00-09:00,0.0
水电缴费处,2019-04-27,09:00-10:00,0.0
水电缴费处,2019-04-27,10:00-11:00,0.0
水电缴费处,2019-04-27,11:00-12:00,0.0
水电缴费处,2019-04-27,12:00-13:00,0.0
水电缴费处,2019-04-27,13:00-14:00,0.0
水电缴费处,2019-04-27,14:00-15:00,0.0
水电缴费处,2019-04-27,15:00-16:00,0.0
水电缴费处,2019-04-27,16:00-17:00,0.0
水电缴费处,2019-04-27,17:00-18:00,0.0
水电缴费处,2019-04-27,18:00-19:00,0.0
水电缴费处,2019-04-27,19:00-20:00,0.0
水电缴费处,2019-04-27,20:00-21:00,0.0
水电缴费处,2019-04-27,21:00-22:00,0.0
水电缴费处,2019-04-27,22:00-23:00,0.0
水电缴费处,2019-04-27,23:00-24:00,0.0
水电缴费处,2019-04-28,00:00-01:00,0.0
水电缴费处,2019-04-28,01:00-02:00,0.0
水电缴费处,2019-04-28,02:00-03:00,0.0
水电缴费处,2019-04-28,03:00-04:00,0.0
水电缴费处,2019-04-28,04:00-05:00,0.0
水电缴费处,2019-04-28,05:00-06:00,0.0
水电缴费处,2019-04-28,06:00-07:00,0.0
水电缴费处,2019-04-28,07:00-08:00,0.0
水电缴费处,2019-04-28,08:00-09:00,0.0
水电缴费处,2019-04-28,09:00-10:00,0.0
水电缴费处,2019-04-28,10:00-11:00,0.0
水电缴费处,2019-04-28,11:00-12:00,0.0
水电缴费处,2019-04-28,12:00-13:00,0.0
水电缴费处,2019-04-28,13:00-14:00,0.0
水电缴费处,2019-04-28,14:00-15:00,0.0
水电缴费处,2019-04-28,15:00-16:00,0.0
水电缴费处,2019-04-28,16:00-17:00,0.0
水电缴费处,2019-04-28,17:00-18:00,0.0
水电缴费处,2019-04-28,18:00-19:00,0.0
水电缴费处,2019-04-28,19:00-20:00,0.0
水电缴费处,2019-04-28,20:00-21:00,0.0
水电缴费处,2019-04-28,21:00-22:00,0.0
水电缴费处,2019-04-28,22:00-23:00,0.0
水电缴费处,2019-04-28,23:00-24:00,0.0
水电缴费处,2019-04-29,00:00-01:00,0.0
水电缴费处,2019-04-29,01:00-02:00,0.0
水电缴费处,2019-04-29,02:00-03:00,0.0
水电缴费处,2019-04-29,03:00-04:00,0.0
水电缴费处,2019-04-29,04:00-05:00,0.0
水电缴费处,2019-04-29,05:00-06:00,0.0
水电缴费处,2019-04-29,06:00-07:00,0.0
水电缴费处,2019-04-29,07:00-08:00,0.0
水电缴费处,2019-04-29,08:00-09:00,0.0
水电缴费处,2019-04-29,09:00-10:00,0.0
水电缴费处,2019-04-29,10:00-11:00,0.0
水电缴费处,2019-04-29,11:00-12:00,0.0
水电缴费处,2019-04-29,12:00-13:00,0.0
水电缴费处,2019-04-29,13:00-14:00,0.0
水电缴费处,2019-04-29,14:00-15:00,0.0
水电缴费处,2019-04-29,15:00-16:00,0.0
水电缴费处,2019-04-29,16:00-17:00,0.0
水电缴费处,2019-04-29,17:00-18:00,0.0
水电缴费处,2019-04-29,18:00-19:00,0.0
水电缴费处,2019-04-29,19:00-20:00,0.0
水电缴费处,2019-04-29,20:00-21:00,0.0
水电缴费处,2019-04-29,21:00-22:00,0.0
水电缴费处,2019-04-29,22:00-23:00,0.0
水电缴费处,2019-04-29,23:00-24:00,0.0
水电缴费处,2019-04-30,00:00-01:00,0.0
水电缴费处,2019-04-30,01:00-02:00,0.0
水电缴费处,2019-04-30,02:00-03:00,0.0
水电缴费处,2019-04-30,03:00-04:00,0.0
水电缴费处,2019-04-30,04:00-05:00,0.0
水电缴费处,2019-04-30,05:00-06:00,0.0
水电缴费处,2019-04-30,06:00-07:00,0.0
水电缴费处,2019-04-30,07:00-08:00,0.0
水电缴费处,2019-04-30,08:00-09:00,0.0
水电缴费处,2019-04-30,09:00-10:00,2.8
水电缴费处,2019-04-30,10:00-11:00,6.8
水电缴费处,2019-04-30,11:00-12:00,24.2
水电缴费处,2019-04-30,12:00-13:00,10.0
水电缴费处,2019-04-30,13:00-14:00,19.7
水电缴费处,2019-04-30,14:00-15:00,0.7
水电缴费处,2019-04-30,15:00-16:00,14.4
水电缴费处,2019-04-30,16:00-17:00,22.3
水电缴费处,2019-04-30,17:00-18:00,3.8
水电缴费处,2019-04-30,18:00-19:00,11.8
水电缴费处,2019-04-30,19:00-20:00,25.6
水电缴费处,2019-04-30,20:00-21:00,11.1
水电缴费处,2019-04-30,21:00-22:00,0.0
水电缴费处,2019-04-30,22:00-23:00,0.0
水电缴费处,2019-04-30,23:00-24:00,0.0
第一图书馆,2019-04-01,00:00-01:00,0.0
第一图书馆,2019-04-01,01:00-02:00,0.0
第一图书馆,2019-04-01,02:00-03:00,0.0
第一图书馆,2019-04-01,03:00-04:00,0.0
第一图书馆,2019-04-01,04:00-05:00,0.0
第一图书馆,2019-04-01,05:00-06:00,0.0
第一图书馆,2019-04-01,06:00-07:00,0.0
第一图书馆,2019-04-01,07:00-08:00,0.0
第一图书馆,2019-04-01,08:00-09:00,0.0
第一图书馆,2019-04-01,09:00-10:00,1.4
第一图书馆,2019-04-01,10:00-11:00,0.0
第一图书馆,2019-04-01,11:00-12:00,2.2
第一图书馆,2019-04-01,12:00-13:00,0.0
第一图书馆,2019-04-01,13:00-14:00,0.0
第一图书馆,2019-04-01,14:00-15:00,0.7
第一图书馆,2019-04-01,15:00-16:00,0.5
第一图书馆,2019-04-01,16:00-17:00,0.6
第一图书馆,2019-04-01,17:00-18:00,0.0
第一图书馆,2019-04-01,18:00-19:00,0.0
第一图书馆,2019-04-01,19:00-20:00,0.0
第一图书馆,2019-04-01,20:00-21:00,0.0
第一图书馆,2019-04-01,21:00-22:00,0.0
第一图书馆,2019-04-01,22:00-23:00,0.0
第一图书馆,2019-04-01,23:00-24:00,0.0
第一图书馆,2019-04-02,00:00-01:00,0.0
第一图书馆,2019-04-02,01:00-02:00,0.0
第一图书馆,2019-04-02,02:00-03:00,0.0
第一图书馆,2019-04-02,03:00-04:00,0.0
第一图书馆,2019-04-02,04:00-05:00,0.0
第一图书馆,2019-04-02,05:00-06:00,0.0
第一图书馆,2019-04-02,06:00-07:00,0.0
第一图书馆,2019-04-02,07:00-08:00,0.0
第一图书馆,2019-04-02,08:00-09:00,1.1
第一图书馆,2019-04-02,09:00-10:00,29.6
第一图书馆,2019-04-02,10:00-11:00,0.0
第一图书馆,2019-04-02,11:00-12:00,1.5
第一图书馆,2019-04-02,12:00-13:00,0.0
第一图书馆,2019-04-02,13:00-14:00,0.0
第一图书馆,2019-04-02,14:00-15:00,0.0
第一图书馆,2019-04-02,15:00-16:00,3.8
第一图书馆,2019-04-02,16:00-17:00,4.7
第一图书馆,2019-04-02,17:00-18:00,0.0
第一图书馆,2019-04-02,18:00-19:00,0.0
第一图书馆,2019-04-02,19:00-20:00,0.0
第一图书馆,2019-04-02,20:00-21:00,0.0
第一图书馆,2019-04-02,21:00-22:00,0.0
第一图书馆,2019-04-02,22:00-23:00,0.0
第一图书馆,2019-04-02,23:00-24:00,0.0
第一图书馆,2019-04-03,00:00-01:00,0.0
第一图书馆,2019-04-03,01:00-02:00,0.0
第一图书馆,2019-04-03,02:00-03:00,0.0
第一图书馆,2019-04-03,03:00-04:00,0.0
第一图书馆,2019-04-03,04:00-05:00,0.0
第一图书馆,2019-04-03,05:00-06:00,0.0
第一图书馆,2019-04-03,06:00-07:00,0.0
第一图书馆,2019-04-03,07:00-08:00,0.0
第一图书馆,2019-04-03,08:00-09:00,0.6
第一图书馆,2019-04-03,09:00-10:00,13.2
第一图书馆,2019-04-03,10:00-11:00,0.0
第一图书馆,2019-04-03,11:00-12:00,0.5
第一图书馆,2019-04-03,12:00-13:00,0.0
第一图书馆,2019-04-03,13:00-14:00,0.0
第一图书馆,2019-04-03,14:00-15:00,4.6
第一图书馆,2019-04-03,15:00-16:00,0.8
第一图书馆,2019-04-03,16:00-17:00,19.1
第一图书馆,2019-04-03,17:00-18:00,0.0
第一图书馆,2019-04-03,18:00-19:00,0.0
第一图书馆,2019-04-03,19:00-20:00,0.0
第一图书馆,2019-04-03,20:00-21:00,0.0
第一图书馆,2019-04-03,21:00-22:00,0.0
第一图书馆,2019-04-03,22:00-23:00,0.0
第一图书馆,2019-04-03,23:00-24:00,0.0
第一图书馆,2019-04-04,00:00-01:00,0.0
第一图书馆,2019-04-04,01:00-02:00,0.0
第一图书馆,2019-04-04,02:00-03:00,0.0
第一图书馆,2019-04-04,03:00-04:00,0.0
第一图书馆,2019-04-04,04:00-05:00,0.0
第一图书馆,2019-04-04,05:00-06:00,0.0
第一图书馆,2019-04-04,06:00-07:00,0.0
第一图书馆,2019-04-04,07:00-08:00,0.0
第一图书馆,2019-04-04,08:00-09:00,0.0
第一图书馆,2019-04-04,09:00-10:00,8.2
第一图书馆,2019-04-04,10:00-11:00,0.0
第一图书馆,2019-04-04,11:00-12:00,22.5
第一图书馆,2019-04-04,12:00-13:00,0.0
第一图书馆,2019-04-04,13:00-14:00,0.0
第一图书馆,2019-04-04,14:00-15:00,0.3
第一图书馆,2019-04-04,15:00-16:00,0.7
第一图书馆,2019-04-04,16:00-17:00,0.0
第一图书馆,2019-04-04,17:00-18:00,0.0
第一图书馆,2019-04-04,18:00-19:00,0.0
第一图书馆,2019-04-04,19:00-20:00,0.0
第一图书馆,2019-04-04,20:00-21:00,0.0
第一图书馆,2019-04-04,21:00-22:00,0.0
第一图书馆,2019-04-04,22:00-23:00,0.0
第一图书馆,2019-04-04,23:00-24:00,0.0
第一图书馆,2019-04-05,00:00-01:00,0.0
第一图书馆,2019-04-05,01:00-02:00,0.0
第一图书馆,2019-04-05,02:00-03:00,0.0
第一图书馆,2019-04-05,03:00-04:00,0.0
第一图书馆,2019-04-05,04:00-05:00,0.0
第一图书馆,2019-04-05,05:00-06:00,0.0
第一图书馆,2019-04-05,06:00-07:00,0.0
第一图书馆,2019-04-05,07:00-08:00,0.0
第一图书馆,2019-04-05,08:00-09:00,0.0
第一图书馆,2019-04-05,09:00-10:00,0.0
第一图书馆,2019-04-05,10:00-11:00,0.0
第一图书馆,2019-04-05,11:00-12:00,0.0
第一图书馆,2019-04-05,12:00-13:00,0.0
第一图书馆,2019-04-05,13:00-14:00,0.0
第一图书馆,2019-04-05,14:00-15:00,0.0
第一图书馆,2019-04-05,15:00-16:00,0.0
第一图书馆,2019-04-05,16:00-17:00,0.0
第一图书馆,2019-04-05,17:00-18:00,0.0
第一图书馆,2019-04-05,18:00-19:00,0.0
第一图书馆,2019-04-05,19:00-20:00,0.0
第一图书馆,2019-04-05,20:00-21:00,0.0
第一图书馆,2019-04-05,21:00-22:00,0.0
第一图书馆,2019-04-05,22:00-23:00,0.0
第一图书馆,2019-04-05,23:00-24:00,0.0
第一图书馆,2019-04-06,00:00-01:00,0.0
第一图书馆,2019-04-06,01:00-02:00,0.0
第一图书馆,2019-04-06,02:00-03:00,0.0
第一图书馆,2019-04-06,03:00-04:00,0.0
第一图书馆,2019-04-06,04:00-05:00,0.0
第一图书馆,2019-04-06,05:00-06:00,0.0
第一图书馆,2019-04-06,06:00-07:00,0.0
第一图书馆,2019-04-06,07:00-08:00,0.0
第一图书馆,2019-04-06,08:00-09:00,0.0
第一图书馆,2019-04-06,09:00-10:00,0.0
第一图书馆,2019-04-06,10:00-11:00,0.0
第一图书馆,2019-04-06,11:00-12:00,0.0
第一图书馆,2019-04-06,12:00-13:00,0.0
第一图书馆,2019-04-06,13:00-14:00,0.0
第一图书馆,2019-04-06,14:00-15:00,0.0
第一图书馆,2019-04-06,15:00-16:00,0.0
第一图书馆,2019-04-06,16:00-17:00,0.0
第一图书馆,2019-04-06,17:00-18:00,0.0
第一图书馆,2019-04-06,18:00-19:00,0.0
第一图书馆,2019-04-06,19:00-20:00,0.0
第一图书馆,2019-04-06,20:00-21:00,0.0
第一图书馆,2019-04-06,21:00-22:00,0.0
第一图书馆,2019-04-06,22:00-23:00,0.0
第一图书馆,2019-04-06,23:00-24:00,0.0
第一图书馆,2019-04-07,00:00-01:00,0.0
第一图书馆,2019-04-07,01:00-02:00,0.0
第一图书馆,2019-04-07,02:00-03:00,0.0
第一图书馆,2019-04-07,03:00-04:00,0.0
第一图书馆,2019-04-07,04:00-05:00,0.0
第一图书馆,2019-04-07,05:00-06:00,0.0
第一图书馆,2019-04-07,06:00-07:00,0.0
第一图书馆,2019-04-07,07:00-08:00,0.0
第一图书馆,2019-04-07,08:00-09:00,0.0
第一图书馆,2019-04-07,09:00-10:00,0.0
第一图书馆,2019-04-07,10:00-11:00,0.0
第一图书馆,2019-04-07,11:00-12:00,0.0
第一图书馆,2019-04-07,12:00-13:00,0.0
第一图书馆,2019-04-07,13:00-14:00,0.0
第一图书馆,2019-04-07,14:00-15:00,0.0
第一图书馆,2019-04-07,15:00-16:00,0.0
第一图书馆,2019-04-07,16:00-17:00,0.0
第一图书馆,2019-04-07,17:00-18:00,0.0
第一图书馆,2019-04-07,18:00-19:00,0.0
第一图书馆,2019-04-07,19:00-20:00,0.0
第一图书馆,2019-04-07,20:00-21:00,0.0
第一图书馆,2019-04-07,21:00-22:00,0.0
第一图书馆,2019-04-07,22:00-23:00,0.0
第一图书馆,2019-04-07,23:00-24:00,0.0
第一图书馆,2019-04-08,00:00-01:00,0.0
第一图书馆,2019-04-08,01:00-02:00,0.0
第一图书馆,2019-04-08,02:00-03:00,0.0
第一图书馆,2019-04-08,03:00-04:00,0.0
第一图书馆,2019-04-08,04:00-05:00,0.0
第一图书馆,2019-04-08,05:00-06:00,0.0
第一图书馆,2019-04-08,06:00-07:00,0.0
第一图书馆,2019-04-08,07:00-08:00,0.0
第一图书馆,2019-04-08,08:00-09:00,0.0
第一图书馆,2019-04-08,09:00-10:00,1.2
第一图书馆,2019-04-08,10:00-11:00,1.9
第一图书馆,2019-04-08,11:00-12:00,17.3
第一图书馆,2019-04-08,12:00-13:00,1.2
第一图书馆,2019-04-08,13:00-14:00,0.0
第一图书馆,2019-04-08,14:00-15:00,0.0
第一图书馆,2019-04-08,15:00-16:00,6.8
第一图书馆,2019-04-08,16:00-17:00,9.8
第一图书馆,2019-04-08,17:00-18:00,6.7
第一图书馆,2019-04-08,18:00-19:00,0.0
第一图书馆,2019-04-08,19:00-20:00,0.0
第一图书馆,2019-04-08,20:00-21:00,0.0
第一图书馆,2019-04-08,21:00-22:00,0.0
第一图书馆,2019-04-08,22:00-23:00,0.0
第一图书馆,2019-04-08,23:00-24:00,0.0
第一图书馆,2019-04-09,00:00-01:00,0.0
第一图书馆,2019-04-09,01:00-02:00,0.0
第一图书馆,2019-04-09,02:00-03:00,0.0
第一图书馆,2019-04-09,03:00-04:00,0.0
第一图书馆,2019-04-09,04:00-05:00,0.0
第一图书馆,2019-04-09,05:00-06:00,0.0
第一图书馆,2019-04-09,06:00-07:00,0.0
第一图书馆,2019-04-09,07:00-08:00,0.0
第一图书馆,2019-04-09,08:00-09:00,0.0
第一图书馆,2019-04-09,09:00-10:00,0.0
第一图书馆,2019-04-09,10:00-11:00,0.8
第一图书馆,2019-04-09,11:00-12:00,7.3
第一图书馆,2019-04-09,12:00-13:00,0.0
第一图书馆,2019-04-09,13:00-14:00,0.0
第一图书馆,2019-04-09,14:00-15:00,3.4
第一图书馆,2019-04-09,15:00-16:00,5.5
第一图书馆,2019-04-09,16:00-17:00,13.9
第一图书馆,2019-04-09,17:00-18:00,11.4
第一图书馆,2019-04-09,18:00-19:00,0.0
第一图书馆,2019-04-09,19:00-20:00,0.0
第一图书馆,2019-04-09,20:00-21:00,0.0
第一图书馆,2019-04-09,21:00-22:00,0.0
第一图书馆,2019-04-09,22:00-23:00,0.0
第一图书馆,2019-04-09,23:00-24:00,0.0
第一图书馆,2019-04-10,00:00-01:00,0.0
第一图书馆,2019-04-10,01:00-02:00,0.0
第一图书馆,2019-04-10,02:00-03:00,0.0
第一图书馆,2019-04-10,03:00-04:00,0.0
第一图书馆,2019-04-10,04:00-05:00,0.0
第一图书馆,2019-04-10,05:00-06:00,0.0
第一图书馆,2019-04-10,06:00-07:00,0.0
第一图书馆,2019-04-10,07:00-08:00,0.0
第一图书馆,2019-04-10,08:00-09:00,0.5
第一图书馆,2019-04-10,09:00-10:00,8.9
第一图书馆,2019-04-10,10:00-11:00,0.0
第一图书馆,2019-04-10,11:00-12:00,0.0
第一图书馆,2019-04-10,12:00-13:00,0.0
第一图书馆,2019-04-10,13:00-14:00,0.0
第一图书馆,2019-04-10,14:00-15:00,13.2
第一图书馆,2019-04-10,15:00-16:00,0.0
第一图书馆,2019-04-10,16:00-17:00,0.0
第一图书馆,2019-04-10,17:00-18:00,0.0
第一图书馆,2019-04-10,18:00-19:00,0.0
第一图书馆,2019-04-10,19:00-20:00,0.0
第一图书馆,2019-04-10,20:00-21:00,0.0
第一图书馆,2019-04-10,21:00-22:00,0.0
第一图书馆,2019-04-10,22:00-23:00,0.0
第一图书馆,2019-04-10,23:00-24:00,0.0
第一图书馆,2019-04-11,00:00-01:00,0.0
第一图书馆,2019-04-11,01:00-02:00,0.0
第一图书馆,2019-04-11,02:00-03:00,0.0
第一图书馆,2019-04-11,03:00-04:00,0.0
第一图书馆,2019-04-11,04:00-05:00,0.0
第一图书馆,2019-04-11,05:00-06:00,0.0
第一图书馆,2019-04-11,06:00-07:00,0.0
第一图书馆,2019-04-11,07:00-08:00,0.0
第一图书馆,2019-04-11,08:00-09:00,0.0
第一图书馆,2019-04-11,09:00-10:00,1.4
第一图书馆,2019-04-11,10:00-11:00,0.0
第一图书馆,2019-04-11,11:00-12:00,0.0
第一图书馆,2019-04-11,12:00-13:00,0.0
第一图书馆,2019-04-11,13:00-14:00,0.0
第一图书馆,2019-04-11,14:00-15:00,0.9
第一图书馆,2019-04-11,15:00-16:00,3.7
第一图书馆,2019-04-11,16:00-17:00,0.0
第一图书馆,2019-04-11,17:00-18:00,0.0
第一图书馆,2019-04-11,18:00-19:00,0.0
第一图书馆,2019-04-11,19:00-20:00,0.0
第一图书馆,2019-04-11,20:00-21:00,0.0
第一图书馆,2019-04-11,21:00-22:00,0.0
第一图书馆,2019-04-11,22:00-23:00,0.0
第一图书馆,2019-04-11,23:00-24:00,0.0
第一图书馆,2019-04-12,00:00-01:00,0.0
第一图书馆,2019-04-12,01:00-02:00,0.0
第一图书馆,2019-04-12,02:00-03:00,0.0
第一图书馆,2019-04-12,03:00-04:00,0.0
第一图书馆,2019-04-12,04:00-05:00,0.0
第一图书馆,2019-04-12,05:00-06:00,0.0
第一图书馆,2019-04-12,06:00-07:00,0.0
第一图书馆,2019-04-12,07:00-08:00,0.0
第一图书馆,2019-04-12,08:00-09:00,0.4
第一图书馆,2019-04-12,09:00-10:00,5.2
第一图书馆,2019-04-12,10:00-11:00,7.3
第一图书馆,2019-04-12,11:00-12:00,12.0
第一图书馆,2019-04-12,12:00-13:00,0.0
第一图书馆,2019-04-12,13:00-14:00,0.0
第一图书馆,2019-04-12,14:00-15:00,1.0
第一图书馆,2019-04-12,15:00-16:00,0.5
第一图书馆,2019-04-12,16:00-17:00,4.7
第一图书馆,2019-04-12,17:00-18:00,0.0
第一图书馆,2019-04-12,18:00-19:00,0.0
第一图书馆,2019-04-12,19:00-20:00,0.0
第一图书馆,2019-04-12,20:00-21:00,0.0
第一图书馆,2019-04-12,21:00-22:00,0.0
第一图书馆,2019-04-12,22:00-23:00,0.0
第一图书馆,2019-04-12,23:00-24:00,0.0
第一图书馆,2019-04-13,00:00-01:00,0.0
第一图书馆,2019-04-13,01:00-02:00,0.0
第一图书馆,2019-04-13,02:00-03:00,0.0
第一图书馆,2019-04-13,03:00-04:00,0.0
第一图书馆,2019-04-13,04:00-05:00,0.0
第一图书馆,2019-04-13,05:00-06:00,0.0
第一图书馆,2019-04-13,06:00-07:00,0.0
第一图书馆,2019-04-13,07:00-08:00,0.0
第一图书馆,2019-04-13,08:00-09:00,0.0
第一图书馆,2019-04-13,09:00-10:00,0.0
第一图书馆,2019-04-13,10:00-11:00,0.0
第一图书馆,2019-04-13,11:00-12:00,0.0
第一图书馆,2019-04-13,12:00-13:00,0.0
第一图书馆,2019-04-13,13:00-14:00,0.0
第一图书馆,2019-04-13,14:00-15:00,0.0
第一图书馆,2019-04-13,15:00-16:00,0.0
第一图书馆,2019-04-13,16:00-17:00,0.0
第一图书馆,2019-04-13,17:00-18:00,0.0
第一图书馆,2019-04-13,18:00-19:00,0.0
第一图书馆,2019-04-13,19:00-20:00,0.0
第一图书馆,2019-04-13,20:00-21:00,0.0
第一图书馆,2019-04-13,21:00-22:00,0.0
第一图书馆,2019-04-13,22:00-23:00,0.0
第一图书馆,2019-04-13,23:00-24:00,0.0
第一图书馆,2019-04-14,00:00-01:00,0.0
第一图书馆,2019-04-14,01:00-02:00,0.0
第一图书馆,2019-04-14,02:00-03:00,0.0
第一图书馆,2019-04-14,03:00-04:00,0.0
第一图书馆,2019-04-14,04:00-05:00,0.0
第一图书馆,2019-04-14,05:00-06:00,0.0
第一图书馆,2019-04-14,06:00-07:00,0.0
第一图书馆,2019-04-14,07:00-08:00,0.0
第一图书馆,2019-04-14,08:00-09:00,0.0
第一图书馆,2019-04-14,09:00-10:00,0.0
第一图书馆,2019-04-14,10:00-11:00,0.0
第一图书馆,2019-04-14,11:00-12:00,0.0
第一图书馆,2019-04-14,12:00-13:00,0.0
第一图书馆,2019-04-14,13:00-14:00,0.0
第一图书馆,2019-04-14,14:00-15:00,0.0
第一图书馆,2019-04-14,15:00-16:00,0.0
第一图书馆,2019-04-14,16:00-17:00,0.0
第一图书馆,2019-04-14,17:00-18:00,0.0
第一图书馆,2019-04-14,18:00-19:00,0.0
第一图书馆,2019-04-14,19:00-20:00,0.0
第一图书馆,2019-04-14,20:00-21:00,0.0
第一图书馆,2019-04-14,21:00-22:00,0.0
第一图书馆,2019-04-14,22:00-23:00,0.0
第一图书馆,2019-04-14,23:00-24:00,0.0
第一图书馆,2019-04-15,00:00-01:00,0.0
第一图书馆,2019-04-15,01:00-02:00,0.0
第一图书馆,2019-04-15,02:00-03:00,0.0
第一图书馆,2019-04-15,03:00-04:00,0.0
第一图书馆,2019-04-15,04:00-05:00,0.0
第一图书馆,2019-04-15,05:00-06:00,0.0
第一图书馆,2019-04-15,06:00-07:00,0.0
第一图书馆,2019-04-15,07:00-08:00,0.0
第一图书馆,2019-04-15,08:00-09:00,0.7
第一图书馆,2019-04-15,09:00-10:00,5.7
第一图书馆,2019-04-15,10:00-11:00,3.8
第一图书馆,2019-04-15,11:00-12:00,3.0
第一图书馆,2019-04-15,12:00-13:00,0.0
第一图书馆,2019-04-15,13:00-14:00,0.0
第一图书馆,2019-04-15,14:00-15:00,0.0
第一图书馆,2019-04-15,15:00-16:00,0.0
第一图书馆,2019-04-15,16:00-17:00,2.1
第一图书馆,2019-04-15,17:00-18:00,0.0
第一图书馆,2019-04-15,18:00-19:00,0.0
第一图书馆,2019-04-15,19:00-20:00,0.0
第一图书馆,2019-04-15,20:00-21:00,0.0
第一图书馆,2019-04-15,21:00-22:00,0.0
第一图书馆,2019-04-15,22:00-23:00,0.0
第一图书馆,2019-04-15,23:00-24:00,0.0
第一图书馆,2019-04-16,00:00-01:00,0.0
第一图书馆,2019-04-16,01:00-02:00,0.0
第一图书馆,2019-04-16,02:00-03:00,0.0
第一图书馆,2019-04-16,03:00-04:00,0.0
第一图书馆,2019-04-16,04:00-05:00,0.0
第一图书馆,2019-04-16,05:00-06:00,0.0
第一图书馆,2019-04-16,06:00-07:00,0.0
第一图书馆,2019-04-16,07:00-08:00,0.0
第一图书馆,2019-04-16,08:00-09:00,0.0
第一图书馆,2019-04-16,09:00-10:00,0.0
第一图书馆,2019-04-16,10:00-11:00,0.0
第一图书馆,2019-04-16,11:00-12:00,19.7
第一图书馆,2019-04-16,12:00-13:00,0.0
第一图书馆,2019-04-16,13:00-14:00,0.0
第一图书馆,2019-04-16,14:00-15:00,11.9
第一图书馆,2019-04-16,15:00-16:00,3.7
第一图书馆,2019-04-16,16:00-17:00,10.5
第一图书馆,2019-04-16,17:00-18:00,5.7
第一图书馆,2019-04-16,18:00-19:00,0.0
第一图书馆,2019-04-16,19:00-20:00,0.0
第一图书馆,2019-04-16,20:00-21:00,0.0
第一图书馆,2019-04-16,21:00-22:00,0.0
第一图书馆,2019-04-16,22:00-23:00,0.0
第一图书馆,2019-04-16,23:00-24:00,0.0
第一图书馆,2019-04-17,00:00-01:00,0.0
第一图书馆,2019-04-17,01:00-02:00,0.0
第一图书馆,2019-04-17,02:00-03:00,0.0
第一图书馆,2019-04-17,03:00-04:00,0.0
第一图书馆,2019-04-17,04:00-05:00,0.0
第一图书馆,2019-04-17,05:00-06:00,0.0
第一图书馆,2019-04-17,06:00-07:00,0.0
第一图书馆,2019-04-17,07:00-08:00,0.0
第一图书馆,2019-04-17,08:00-09:00,0.0
第一图书馆,2019-04-17,09:00-10:00,0.0
第一图书馆,2019-04-17,10:00-11:00,0.0
第一图书馆,2019-04-17,11:00-12:00,0.0
第一图书馆,2019-04-17,12:00-13:00,0.0
第一图书馆,2019-04-17,13:00-14:00,0.0
第一图书馆,2019-04-17,14:00-15:00,0.6
第一图书馆,2019-04-17,15:00-16:00,0.0
第一图书馆,2019-04-17,16:00-17:00,17.0
第一图书馆,2019-04-17,17:00-18:00,5.3
第一图书馆,2019-04-17,18:00-19:00,0.0
第一图书馆,2019-04-17,19:00-20:00,0.0
第一图书馆,2019-04-17,20:00-21:00,0.0
第一图书馆,2019-04-17,21:00-22:00,0.0
第一图书馆,2019-04-17,22:00-23:00,0.0
第一图书馆,2019-04-17,23:00-24:00,0.0
第一图书馆,2019-04-18,00:00-01:00,0.0
第一图书馆,2019-04-18,01:00-02:00,0.0
第一图书馆,2019-04-18,02:00-03:00,0.0
第一图书馆,2019-04-18,03:00-04:00,0.0
第一图书馆,2019-04-18,04:00-05:00,0.0
第一图书馆,2019-04-18,05:00-06:00,0.0
第一图书馆,2019-04-18,06:00-07:00,0.0
第一图书馆,2019-04-18,07:00-08:00,0.0
第一图书馆,2019-04-18,08:00-09:00,0.0
第一图书馆,2019-04-18,09:00-10:00,5.1
第一图书馆,2019-04-18,10:00-11:00,0.0
第一图书馆,2019-04-18,11:00-12:00,0.0
第一图书馆,2019-04-18,12:00-13:00,0.0
第一图书馆,2019-04-18,13:00-14:00,0.0
第一图书馆,2019-04-18,14:00-15:00,0.0
第一图书馆,2019-04-18,15:00-16:00,0.2
第一图书馆,2019-04-18,16:00-17:00,9.5
第一图书馆,2019-04-18,17:00-18:00,0.0
第一图书馆,2019-04-18,18:00-19:00,0.0
第一图书馆,2019-04-18,19:00-20:00,0.0
第一图书馆,2019-04-18,20:00-21:00,0.0
第一图书馆,2019-04-18,21:00-22:00,0.0
第一图书馆,2019-04-18,22:00-23:00,0.0
第一图书馆,2019-04-18,23:00-24:00,0.0
第一图书馆,2019-04-19,00:00-01:00,0.0
第一图书馆,2019-04-19,01:00-02:00,0.0
第一图书馆,2019-04-19,02:00-03:00,0.0
第一图书馆,2019-04-19,03:00-04:00,0.0
第一图书馆,2019-04-19,04:00-05:00,0.0
第一图书馆,2019-04-19,05:00-06:00,0.0
第一图书馆,2019-04-19,06:00-07:00,0.0
第一图书馆,2019-04-19,07:00-08:00,0.0
第一图书馆,2019-04-19,08:00-09:00,0.0
第一图书馆,2019-04-19,09:00-10:00,1.7
第一图书馆,2019-04-19,10:00-11:00,4.7
第一图书馆,2019-04-19,11:00-12:00,0.0
第一图书馆,2019-04-19,12:00-13:00,0.0
第一图书馆,2019-04-19,13:00-14:00,0.0
第一图书馆,2019-04-19,14:00-15:00,0.0
第一图书馆,2019-04-19,15:00-16:00,0.2
第一图书馆,2019-04-19,16:00-17:00,14.9
第一图书馆,2019-04-19,17:00-18:00,0.0
第一图书馆,2019-04-19,18:00-19:00,0.0
第一图书馆,2019-04-19,19:00-20:00,0.0
第一图书馆,2019-04-19,20:00-21:00,0.0
第一图书馆,2019-04-19,21:00-22:00,0.0
第一图书馆,2019-04-19,22:00-23:00,0.0
第一图书馆,2019-04-19,23:00-24:00,0.0
第一图书馆,2019-04-20,00:00-01:00,0.0
第一图书馆,2019-04-20,01:00-02:00,0.0
第一图书馆,2019-04-20,02:00-03:00,0.0
第一图书馆,2019-04-20,03:00-04:00,0.0
第一图书馆,2019-04-20,04:00-05:00,0.0
第一图书馆,2019-04-20,05:00-06:00,0.0
第一图书馆,2019-04-20,06:00-07:00,0.0
第一图书馆,2019-04-20,07:00-08:00,0.0
第一图书馆,2019-04-20,08:00-09:00,0.0
第一图书馆,2019-04-20,09:00-10:00,0.0
第一图书馆,2019-04-20,10:00-11:00,0.0
第一图书馆,2019-04-20,11:00-12:00,0.0
第一图书馆,2019-04-20,12:00-13:00,0.0
第一图书馆,2019-04-20,13:00-14:00,0.0
第一图书馆,2019-04-20,14:00-15:00,0.0
第一图书馆,2019-04-20,15:00-16:00,0.0
第一图书馆,2019-04-20,16:00-17:00,0.0
第一图书馆,2019-04-20,17:00-18:00,0.0
第一图书馆,2019-04-20,18:00-19:00,0.0
第一图书馆,2019-04-20,19:00-20:00,0.0
第一图书馆,2019-04-20,20:00-21:00,0.0
第一图书馆,2019-04-20,21:00-22:00,0.0
第一图书馆,2019-04-20,22:00-23:00,0.0
第一图书馆,2019-04-20,23:00-24:00,0.0
第一图书馆,2019-04-21,00:00-01:00,0.0
第一图书馆,2019-04-21,01:00-02:00,0.0
第一图书馆,2019-04-21,02:00-03:00,0.0
第一图书馆,2019-04-21,03:00-04:00,0.0
第一图书馆,2019-04-21,04:00-05:00,0.0
第一图书馆,2019-04-21,05:00-06:00,0.0
第一图书馆,2019-04-21,06:00-07:00,0.0
第一图书馆,2019-04-21,07:00-08:00,0.0
第一图书馆,2019-04-21,08:00-09:00,0.0
第一图书馆,2019-04-21,09:00-10:00,0.0
第一图书馆,2019-04-21,10:00-11:00,0.0
第一图书馆,2019-04-21,11:00-12:00,0.0
第一图书馆,2019-04-21,12:00-13:00,0.0
第一图书馆,2019-04-21,13:00-14:00,0.0
第一图书馆,2019-04-21,14:00-15:00,0.0
第一图书馆,2019-04-21,15:00-16:00,0.0
第一图书馆,2019-04-21,16:00-17:00,0.0
第一图书馆,2019-04-21,17:00-18:00,0.0
第一图书馆,2019-04-21,18:00-19:00,0.0
第一图书馆,2019-04-21,19:00-20:00,0.0
第一图书馆,2019-04-21,20:00-21:00,0.0
第一图书馆,2019-04-21,21:00-22:00,0.0
第一图书馆,2019-04-21,22:00-23:00,0.0
第一图书馆,2019-04-21,23:00-24:00,0.0
第一图书馆,2019-04-22,00:00-01:00,0.0
第一图书馆,2019-04-22,01:00-02:00,0.0
第一图书馆,2019-04-22,02:00-03:00,0.0
第一图书馆,2019-04-22,03:00-04:00,0.0
第一图书馆,2019-04-22,04:00-05:00,0.0
第一图书馆,2019-04-22,05:00-06:00,0.0
第一图书馆,2019-04-22,06:00-07:00,0.0
第一图书馆,2019-04-22,07:00-08:00,0.0
第一图书馆,2019-04-22,08:00-09:00,0.0
第一图书馆,2019-04-22,09:00-10:00,2.8
第一图书馆,2019-04-22,10:00-11:00,5.7
第一图书馆,2019-04-22,11:00-12:00,0.5
第一图书馆,2019-04-22,12:00-13:00,0.0
第一图书馆,2019-04-22,13:00-14:00,0.0
第一图书馆,2019-04-22,14:00-15:00,0.0
第一图书馆,2019-04-22,15:00-16:00,3.1
第一图书馆,2019-04-22,16:00-17:00,25.6
第一图书馆,2019-04-22,17:00-18:00,0.0
第一图书馆,2019-04-22,18:00-19:00,0.0
第一图书馆,2019-04-22,19:00-20:00,0.0
第一图书馆,2019-04-22,20:00-21:00,0.0
第一图书馆,2019-04-22,21:00-22:00,0.0
第一图书馆,2019-04-22,22:00-23:00,0.0
第一图书馆,2019-04-22,23:00-24:00,0.0
第一图书馆,2019-04-23,00:00-01:00,0.0
第一图书馆,2019-04-23,01:00-02:00,0.0
第一图书馆,2019-04-23,02:00-03:00,0.0
第一图书馆,2019-04-23,03:00-04:00,0.0
第一图书馆,2019-04-23,04:00-05:00,0.0
第一图书馆,2019-04-23,05:00-06:00,0.0
第一图书馆,2019-04-23,06:00-07:00,0.0
第一图书馆,2019-04-23,07:00-08:00,0.0
第一图书馆,2019-04-23,08:00-09:00,0.0
第一图书馆,2019-04-23,09:00-10:00,3.2
第一图书馆,2019-04-23,10:00-11:00,0.5
第一图书馆,2019-04-23,11:00-12:00,2.6
第一图书馆,2019-04-23,12:00-13:00,0.0
第一图书馆,2019-04-23,13:00-14:00,0.0
第一图书馆,2019-04-23,14:00-15:00,0.0
第一图书馆,2019-04-23,15:00-16:00,6.3
第一图书馆,2019-04-23,16:00-17:00,3.2
第一图书馆,2019-04-23,17:00-18:00,0.0
第一图书馆,2019-04-23,18:00-19:00,0.0
第一图书馆,2019-04-23,19:00-20:00,0.0
第一图书馆,2019-04-23,20:00-21:00,0.0
第一图书馆,2019-04-23,21:00-22:00,0.0
第一图书馆,2019-04-23,22:00-23:00,0.0
第一图书馆,2019-04-23,23:00-24:00,0.0
第一图书馆,2019-04-24,00:00-01:00,0.0
第一图书馆,2019-04-24,01:00-02:00,0.0
第一图书馆,2019-04-24,02:00-03:00,0.0
第一图书馆,2019-04-24,03:00-04:00,0.0
第一图书馆,2019-04-24,04:00-05:00,0.0
第一图书馆,2019-04-24,05:00-06:00,0.0
第一图书馆,2019-04-24,06:00-07:00,0.0
第一图书馆,2019-04-24,07:00-08:00,0.0
第一图书馆,2019-04-24,08:00-09:00,0.0
第一图书馆,2019-04-24,09:00-10:00,0.0
第一图书馆,2019-04-24,10:00-11:00,2.8
第一图书馆,2019-04-24,11:00-12:00,0.0
第一图书馆,2019-04-24,12:00-13:00,0.0
第一图书馆,2019-04-24,13:00-14:00,0.0
第一图书馆,2019-04-24,14:00-15:00,0.0
第一图书馆,2019-04-24,15:00-16:00,0.0
第一图书馆,2019-04-24,16:00-17:00,16.3
第一图书馆,2019-04-24,17:00-18:00,0.0
第一图书馆,2019-04-24,18:00-19:00,0.0
第一图书馆,2019-04-24,19:00-20:00,0.0
第一图书馆,2019-04-24,20:00-21:00,0.0
第一图书馆,2019-04-24,21:00-22:00,0.0
第一图书馆,2019-04-24,22:00-23:00,0.0
第一图书馆,2019-04-24,23:00-24:00,0.0
第一图书馆,2019-04-25,00:00-01:00,0.0
第一图书馆,2019-04-25,01:00-02:00,0.0
第一图书馆,2019-04-25,02:00-03:00,0.0
第一图书馆,2019-04-25,03:00-04:00,0.0
第一图书馆,2019-04-25,04:00-05:00,0.0
第一图书馆,2019-04-25,05:00-06:00,0.0
第一图书馆,2019-04-25,06:00-07:00,0.0
第一图书馆,2019-04-25,07:00-08:00,0.0
第一图书馆,2019-04-25,08:00-09:00,0.0
第一图书馆,2019-04-25,09:00-10:00,0.0
第一图书馆,2019-04-25,10:00-11:00,0.0
第一图书馆,2019-04-25,11:00-12:00,3.3
第一图书馆,2019-04-25,12:00-13:00,0.0
第一图书馆,2019-04-25,13:00-14:00,0.0
第一图书馆,2019-04-25,14:00-15:00,0.9
第一图书馆,2019-04-25,15:00-16:00,0.3
第一图书馆,2019-04-25,16:00-17:00,0.0
第一图书馆,2019-04-25,17:00-18:00,0.7
第一图书馆,2019-04-25,18:00-19:00,0.0
第一图书馆,2019-04-25,19:00-20:00,0.0
第一图书馆,2019-04-25,20:00-21:00,0.0
第一图书馆,2019-04-25,21:00-22:00,0.0
第一图书馆,2019-04-25,22:00-23:00,0.0
第一图书馆,2019-04-25,23:00-24:00,0.0
第一图书馆,2019-04-26,00:00-01:00,0.0
第一图书馆,2019-04-26,01:00-02:00,0.0
第一图书馆,2019-04-26,02:00-03:00,0.0
第一图书馆,2019-04-26,03:00-04:00,0.0
第一图书馆,2019-04-26,04:00-05:00,0.0
第一图书馆,2019-04-26,05:00-06:00,0.0
第一图书馆,2019-04-26,06:00-07:00,0.0
第一图书馆,2019-04-26,07:00-08:00,0.0
第一图书馆,2019-04-26,08:00-09:00,0.0
第一图书馆,2019-04-26,09:00-10:00,0.8
第一图书馆,2019-04-26,10:00-11:00,4.0
第一图书馆,2019-04-26,11:00-12:00,3.2
第一图书馆,2019-04-26,12:00-13:00,0.0
第一图书馆,2019-04-26,13:00-14:00,0.0
第一图书馆,2019-04-26,14:00-15:00,0.0
第一图书馆,2019-04-26,15:00-16:00,0.1
第一图书馆,2019-04-26,16:00-17:00,7.6
第一图书馆,2019-04-26,17:00-18:00,0.0
第一图书馆,2019-04-26,18:00-19:00,0.0
第一图书馆,2019-04-26,19:00-20:00,0.0
第一图书馆,2019-04-26,20:00-21:00,0.0
第一图书馆,2019-04-26,21:00-22:00,0.0
第一图书馆,2019-04-26,22:00-23:00,0.0
第一图书馆,2019-04-26,23:00-24:00,0.0
第一图书馆,2019-04-27,00:00-01:00,0.0
第一图书馆,2019-04-27,01:00-02:00,0.0
第一图书馆,2019-04-27,02:00-03:00,0.0
第一图书馆,2019-04-27,03:00-04:00,0.0
第一图书馆,2019-04-27,04:00-05:00,0.0
第一图书馆,2019-04-27,05:00-06:00,0.0
第一图书馆,2019-04-27,06:00-07:00,0.0
第一图书馆,2019-04-27,07:00-08:00,0.0
第一图书馆,2019-04-27,08:00-09:00,0.0
第一图书馆,2019-04-27,09:00-10:00,0.0
第一图书馆,2019-04-27,10:00-11:00,0.0
第一图书馆,2019-04-27,11:00-12:00,0.0
第一图书馆,2019-04-27,12:00-13:00,0.0
第一图书馆,2019-04-27,13:00-14:00,0.0
第一图书馆,2019-04-27,14:00-15:00,0.0
第一图书馆,2019-04-27,15:00-16:00,0.0
第一图书馆,2019-04-27,16:00-17:00,0.0
第一图书馆,2019-04-27,17:00-18:00,0.0
第一图书馆,2019-04-27,18:00-19:00,0.0
第一图书馆,2019-04-27,19:00-20:00,0.0
第一图书馆,2019-04-27,20:00-21:00,0.0
第一图书馆,2019-04-27,21:00-22:00,0.0
第一图书馆,2019-04-27,22:00-23:00,0.0
第一图书馆,2019-04-27,23:00-24:00,0.0
第一图书馆,2019-04-28,00:00-01:00,0.0
第一图书馆,2019-04-28,01:00-02:00,0.0
第一图书馆,2019-04-28,02:00-03:00,0.0
第一图书馆,2019-04-28,03:00-04:00,0.0
第一图书馆,2019-04-28,04:00-05:00,0.0
第一图书馆,2019-04-28,05:00-06:00,0.0
第一图书馆,2019-04-28,06:00-07:00,0.0
第一图书馆,2019-04-28,07:00-08:00,0.0
第一图书馆,2019-04-28,08:00-09:00,0.0
第一图书馆,2019-04-28,09:00-10:00,0.0
第一图书馆,2019-04-28,10:00-11:00,0.0
第一图书馆,2019-04-28,11:00-12:00,0.0
第一图书馆,2019-04-28,12:00-13:00,0.0
第一图书馆,2019-04-28,13:00-14:00,0.0
第一图书馆,2019-04-28,14:00-15:00,0.0
第一图书馆,2019-04-28,15:00-16:00,0.0
第一图书馆,2019-04-28,16:00-17:00,0.0
第一图书馆,2019-04-28,17:00-18:00,0.0
第一图书馆,2019-04-28,18:00-19:00,0.0
第一图书馆,2019-04-28,19:00-20:00,0.0
第一图书馆,2019-04-28,20:00-21:00,0.0
第一图书馆,2019-04-28,21:00-22:00,0.0
第一图书馆,2019-04-28,22:00-23:00,0.0
第一图书馆,2019-04-28,23:00-24:00,0.0
第一图书馆,2019-04-29,00:00-01:00,0.0
第一图书馆,2019-04-29,01:00-02:00,0.0
第一图书馆,2019-04-29,02:00-03:00,0.0
第一图书馆,2019-04-29,03:00-04:00,0.0
第一图书馆,2019-04-29,04:00-05:00,0.0
第一图书馆,2019-04-29,05:00-06:00,0.0
第一图书馆,2019-04-29,06:00-07:00,0.0
第一图书馆,2019-04-29,07:00-08:00,0.0
第一图书馆,2019-04-29,08:00-09:00,0.0
第一图书馆,2019-04-29,09:00-10:00,0.0
第一图书馆,2019-04-29,10:00-11:00,0.0
第一图书馆,2019-04-29,11:00-12:00,0.0
第一图书馆,2019-04-29,12:00-13:00,0.0
第一图书馆,2019-04-29,13:00-14:00,0.0
第一图书馆,2019-04-29,14:00-15:00,0.0
第一图书馆,2019-04-29,15:00-16:00,0.0
第一图书馆,2019-04-29,16:00-17:00,0.0
第一图书馆,2019-04-29,17:00-18:00,0.0
第一图书馆,2019-04-29,18:00-19:00,0.0
第一图书馆,2019-04-29,19:00-20:00,0.0
第一图书馆,2019-04-29,20:00-21:00,0.0
第一图书馆,2019-04-29,21:00-22:00,0.0
第一图书馆,2019-04-29,22:00-23:00,0.0
第一图书馆,2019-04-29,23:00-24:00,0.0
第一图书馆,2019-04-30,00:00-01:00,0.0
第一图书馆,2019-04-30,01:00-02:00,0.0
第一图书馆,2019-04-30,02:00-03:00,0.0
第一图书馆,2019-04-30,03:00-04:00,0.0
第一图书馆,2019-04-30,04:00-05:00,0.0
第一图书馆,2019-04-30,05:00-06:00,0.0
第一图书馆,2019-04-30,06:00-07:00,0.0
第一图书馆,2019-04-30,07:00-08:00,0.0
第一图书馆,2019-04-30,08:00-09:00,0.0
第一图书馆,2019-04-30,09:00-10:00,0.0
第一图书馆,2019-04-30,10:00-11:00,0.0
第一图书馆,2019-04-30,11:00-12:00,0.0
第一图书馆,2019-04-30,12:00-13:00,0.0
第一图书馆,2019-04-30,13:00-14:00,0.0
第一图书馆,2019-04-30,14:00-15:00,0.0
第一图书馆,2019-04-30,15:00-16:00,0.0
第一图书馆,2019-04-30,16:00-17:00,0.0
第一图书馆,2019-04-30,17:00-18:00,0.0
第一图书馆,2019-04-30,18:00-19:00,0.0
第一图书馆,2019-04-30,19:00-20:00,0.0
第一图书馆,2019-04-30,20:00-21:00,0.0
第一图书馆,2019-04-30,21:00-22:00,0.0
第一图书馆,2019-04-30,22:00-23:00,0.0
第一图书馆,2019-04-30,23:00-24:00,0.0
第一食堂,2019-04-01,00:00-01:00,0.0
第一食堂,2019-04-01,01:00-02:00,0.0
第一食堂,2019-04-01,02:00-03:00,0.0
第一食堂,2019-04-01,03:00-04:00,0.0
第一食堂,2019-04-01,04:00-05:00,0.0
第一食堂,2019-04-01,05:00-06:00,0.0
第一食堂,2019-04-01,06:00-07:00,4.5
第一食堂,2019-04-01,07:00-08:00,1164.3
第一食堂,2019-04-01,08:00-09:00,252.7
第一食堂,2019-04-01,09:00-10:00,498.5
第一食堂,2019-04-01,10:00-11:00,148.8
第一食堂,2019-04-01,11:00-12:00,1340.55
第一食堂,2019-04-01,12:00-13:00,637.36
第一食堂,2019-04-01,13:00-14:00,45.5
第一食堂,2019-04-01,14:00-15:00,77.5
第一食堂,2019-04-01,15:00-16:00,24.5
第一食堂,2019-04-01,16:00-17:00,214.9
第一食堂,2019-04-01,17:00-18:00,404.9
第一食堂,2019-04-01,18:00-19:00,805.2
第一食堂,2019-04-01,19:00-20:00,254.5
第一食堂,2019-04-01,20:00-21:00,81.3
第一食堂,2019-04-01,21:00-22:00,361.9
第一食堂,2019-04-01,22:00-23:00,221.5
第一食堂,2019-04-01,23:00-24:00,9.0
第一食堂,2019-04-02,00:00-01:00,0.0
第一食堂,2019-04-02,01:00-02:00,0.0
第一食堂,2019-04-02,02:00-03:00,0.0
第一食堂,2019-04-02,03:00-04:00,0.0
第一食堂,2019-04-02,04:00-05:00,0.0
第一食堂,2019-04-02,05:00-06:00,0.0
第一食堂,2019-04-02,06:00-07:00,8.0
第一食堂,2019-04-02,07:00-08:00,1102.8
第一食堂,2019-04-02,08:00-09:00,234.7
第一食堂,2019-04-02,09:00-10:00,398.5
第一食堂,2019-04-02,10:00-11:00,97.8
第一食堂,2019-04-02,11:00-12:00,1474.65
第一食堂,2019-04-02,12:00-13:00,529.3
第一食堂,2019-04-02,13:00-14:00,50.5
第一食堂,2019-04-02,14:00-15:00,39.0
第一食堂,2019-04-02,15:00-16:00,45.0
第一食堂,2019-04-02,16:00-17:00,227.7
第一食堂,2019-04-02,17:00-18:00,455.3
第一食堂,2019-04-02,18:00-19:00,593.9
第一食堂,2019-04-02,19:00-20:00,190.0
第一食堂,2019-04-02,20:00-21:00,98.0
第一食堂,2019-04-02,21:00-22:00,275.0
第一食堂,2019-04-02,22:00-23:00,188.0
第一食堂,2019-04-02,23:00-24:00,20.0
第一食堂,2019-04-03,00:00-01:00,0.0
第一食堂,2019-04-03,01:00-02:00,0.0
第一食堂,2019-04-03,02:00-03:00,0.0
第一食堂,2019-04-03,03:00-04:00,0.0
第一食堂,2019-04-03,04:00-05:00,0.0
第一食堂,2019-04-03,05:00-06:00,0.0
第一食堂,2019-04-03,06:00-07:00,0.0
第一食堂,2019-04-03,07:00-08:00,14.1
第一食堂,2019-04-03,08:00-09:00,1228.1
第一食堂,2019-04-03,09:00-10:00,209.3
第一食堂,2019-04-03,10:00-11:00,330.1
第一食堂,2019-04-03,11:00-12:00,61.7
第一食堂,2019-04-03,12:00-13:00,1391.63
第一食堂,2019-04-03,13:00-14:00,500.0
第一食堂,2019-04-03,14:00-15:00,83.5
第一食堂,2019-04-03,15:00-16:00,55.0
第一食堂,2019-04-03,16:00-17:00,229.1
第一食堂,2019-04-03,17:00-18:00,836.4
第一食堂,2019-04-03,18:00-19:00,876.6
第一食堂,2019-04-03,19:00-20:00,185.5
第一食堂,2019-04-03,20:00-21:00,112.2
第一食堂,2019-04-03,21:00-22:00,465.5
第一食堂,2019-04-03,22:00-23:00,310.7
第一食堂,2019-04-03,23:00-24:00,15.0
第一食堂,2019-04-04,00:00-01:00,0.0
第一食堂,2019-04-04,01:00-02:00,0.0
第一食堂,2019-04-04,02:00-03:00,0.0
第一食堂,2019-04-04,03:00-04:00,0.0
第一食堂,2019-04-04,04:00-05:00,0.0
第一食堂,2019-04-04,05:00-06:00,0.0
第一食堂,2019-04-04,06:00-07:00,4.6
第一食堂,2019-04-04,07:00-08:00,1617.15
第一食堂,2019-04-04,08:00-09:00,183.3
第一食堂,2019-04-04,09:00-10:00,371.3
第一食堂,2019-04-04,10:00-11:00,124.0
第一食堂,2019-04-04,11:00-12:00,1504.78
第一食堂,2019-04-04,12:00-13:00,805.28
第一食堂,2019-04-04,13:00-14:00,62.5
第一食堂,2019-04-04,14:00-15:00,23.5
第一食堂,2019-04-04,15:00-16:00,33.5
第一食堂,2019-04-04,16:00-17:00,92.1
第一食堂,2019-04-04,17:00-18:00,910.8
第一食堂,2019-04-04,18:00-19:00,580.7
第一食堂,2019-04-04,19:00-20:00,181.6
第一食堂,2019-04-04,20:00-21:00,110.5
第一食堂,2019-04-04,21:00-22:00,483.7
第一食堂,2019-04-04,22:00-23:00,282.5
第一食堂,2019-04-04,23:00-24:00,0.0
第一食堂,2019-04-05,00:00-01:00,0.0
第一食堂,2019-04-05,01:00-02:00,0.0
第一食堂,2019-04-05,02:00-03:00,0.0
第一食堂,2019-04-05,03:00-04:00,0.0
第一食堂,2019-04-05,04:00-05:00,0.0
第一食堂,2019-04-05,05:00-06:00,0.0
第一食堂,2019-04-05,06:00-07:00,0.0
第一食堂,2019-04-05,07:00-08:00,533.1
第一食堂,2019-04-05,08:00-09:00,717.7
第一食堂,2019-04-05,09:00-10:00,827.3
第一食堂,2019-04-05,10:00-11:00,585.2
第一食堂,2019-04-05,11:00-12:00,3186.27
第一食堂,2019-04-05,12:00-13:00,2248.32
第一食堂,2019-04-05,13:00-14:00,187.5
第一食堂,2019-04-05,14:00-15:00,30.5
第一食堂,2019-04-05,15:00-16:00,11.0
第一食堂,2019-04-05,16:00-17:00,258.5
第一食堂,2019-04-05,17:00-18:00,1560.5
第一食堂,2019-04-05,18:00-19:00,2000.6
第一食堂,2019-04-05,19:00-20:00,575.7
第一食堂,2019-04-05,20:00-21:00,188.5
第一食堂,2019-04-05,21:00-22:00,180.5
第一食堂,2019-04-05,22:00-23:00,130.5
第一食堂,2019-04-05,23:00-24:00,0.0
第一食堂,2019-04-06,00:00-01:00,0.0
第一食堂,2019-04-06,01:00-02:00,0.0
第一食堂,2019-04-06,02:00-03:00,0.0
第一食堂,2019-04-06,03:00-04:00,0.0
第一食堂,2019-04-06,04:00-05:00,0.0
第一食堂,2019-04-06,05:00-06:00,0.0
第一食堂,2019-04-06,06:00-07:00,0.0
第一食堂,2019-04-06,07:00-08:00,0.5
第一食堂,2019-04-06,08:00-09:00,348.5
第一食堂,2019-04-06,09:00-10:00,525.2
第一食堂,2019-04-06,10:00-11:00,478.4
第一食堂,2019-04-06,11:00-12:00,351.9
第一食堂,2019-04-06,12:00-13:00,2665.31
第一食堂,2019-04-06,13:00-14:00,1674.44
第一食堂,2019-04-06,14:00-15:00,133.6
第一食堂,2019-04-06,15:00-16:00,45.0
第一食堂,2019-04-06,16:00-17:00,22.5
第一食堂,2019-04-06,17:00-18:00,96.8
第一食堂,2019-04-06,18:00-19:00,1517.0
第一食堂,2019-04-06,19:00-20:00,1828.94
第一食堂,2019-04-06,20:00-21:00,594.0
第一食堂,2019-04-06,21:00-22:00,180.4
第一食堂,2019-04-06,22:00-23:00,140.0
第一食堂,2019-04-06,23:00-24:00,45.1
第一食堂,2019-04-07,00:00-01:00,0.0
第一食堂,2019-04-07,01:00-02:00,0.0
第一食堂,2019-04-07,02:00-03:00,0.0
第一食堂,2019-04-07,03:00-04:00,0.0
第一食堂,2019-04-07,04:00-05:00,0.0
第一食堂,2019-04-07,05:00-06:00,0.0
第一食堂,2019-04-07,06:00-07:00,0.0
第一食堂,2019-04-07,07:00-08:00,5.1
第一食堂,2019-04-07,08:00-09:00,196.4
第一食堂,2019-04-07,09:00-10:00,426.4
第一食堂,2019-04-07,10:00-11:00,480.6
第一食堂,2019-04-07,11:00-12:00,291.5
第一食堂,2019-04-07,12:00-13:00,2609.86
第一食堂,2019-04-07,13:00-14:00,1847.0
第一食堂,2019-04-07,14:00-15:00,75.0
第一食堂,2019-04-07,15:00-16:00,14.5
第一食堂,2019-04-07,16:00-17:00,23.0
第一食堂,2019-04-07,17:00-18:00,47.8
第一食堂,2019-04-07,18:00-19:00,388.8
第一食堂,2019-04-07,19:00-20:00,474.1
第一食堂,2019-04-07,20:00-21:00,211.5
第一食堂,2019-04-07,21:00-22:00,128.1
第一食堂,2019-04-07,22:00-23:00,215.8
第一食堂,2019-04-07,23:00-24:00,167.2
第一食堂,2019-04-08,00:00-01:00,0.0
第一食堂,2019-04-08,01:00-02:00,0.0
第一食堂,2019-04-08,02:00-03:00,0.0
第一食堂,2019-04-08,03:00-04:00,0.0
第一食堂,2019-04-08,04:00-05:00,0.0
第一食堂,2019-04-08,05:00-06:00,0.0
第一食堂,2019-04-08,06:00-07:00,5.0
第一食堂,2019-04-08,07:00-08:00,1051.6
第一食堂,2019-04-08,08:00-09:00,203.6
第一食堂,2019-04-08,09:00-10:00,457.4
第一食堂,2019-04-08,10:00-11:00,107.2
第一食堂,2019-04-08,11:00-12:00,1532.09
第一食堂,2019-04-08,12:00-13:00,665.2
第一食堂,2019-04-08,13:00-14:00,26.5
第一食堂,2019-04-08,14:00-15:00,0.0
第一食堂,2019-04-08,15:00-16:00,77.0
第一食堂,2019-04-08,16:00-17:00,353.3
第一食堂,2019-04-08,17:00-18:00,516.6
第一食堂,2019-04-08,18:00-19:00,858.6
第一食堂,2019-04-08,19:00-20:00,330.0
第一食堂,2019-04-08,20:00-21:00,104.0
第一食堂,2019-04-08,21:00-22:00,381.6
第一食堂,2019-04-08,22:00-23:00,186.2
第一食堂,2019-04-08,23:00-24:00,29.0
第一食堂,2019-04-09,00:00-01:00,0.0
第一食堂,2019-04-09,01:00-02:00,0.0
第一食堂,2019-04-09,02:00-03:00,0.0
第一食堂,2019-04-09,03:00-04:00,0.0
第一食堂,2019-04-09,04:00-05:00,0.0
第一食堂,2019-04-09,05:00-06:00,0.0
第一食堂,2019-04-09,06:00-07:00,4.1
第一食堂,2019-04-09,07:00-08:00,1677.8
第一食堂,2019-04-09,08:00-09:00,181.7
第一食堂,2019-04-09,09:00-10:00,394.2
第一食堂,2019-04-09,10:00-11:00,106.1
第一食堂,2019-04-09,11:00-12:00,1598.1
第一食堂,2019-04-09,12:00-13:00,580.8
第一食堂,2019-04-09,13:00-14:00,18.5
第一食堂,2019-04-09,14:00-15:00,66.5
第一食堂,2019-04-09,15:00-16:00,15.5
第一食堂,2019-04-09,16:00-17:00,299.0
第一食堂,2019-04-09,17:00-18:00,594.9
第一食堂,2019-04-09,18:00-19:00,881.2
第一食堂,2019-04-09,19:00-20:00,132.0
第一食堂,2019-04-09,20:00-21:00,159.7
第一食堂,2019-04-09,21:00-22:00,359.4
第一食堂,2019-04-09,22:00-23:00,275.0
第一食堂,2019-04-09,23:00-24:00,9.8
第一食堂,2019-04-10,00:00-01:00,0.0
第一食堂,2019-04-10,01:00-02:00,0.0
第一食堂,2019-04-10,02:00-03:00,0.0
第一食堂,2019-04-10,03:00-04:00,0.0
第一食堂,2019-04-10,04:00-05:00,0.0
第一食堂,2019-04-10,05:00-06:00,0.0
第一食堂,2019-04-10,06:00-07:00,5.9
第一食堂,2019-04-10,07:00-08:00,1533.7
第一食堂,2019-04-10,08:00-09:00,316.8
第一食堂,2019-04-10,09:00-10:00,451.4
第一食堂,2019-04-10,10:00-11:00,149.6
第一食堂,2019-04-10,11:00-12:00,1533.1
第一食堂,2019-04-10,12:00-13:00,821.5
第一食堂,2019-04-10,13:00-14:00,58.0
第一食堂,2019-04-10,14:00-15:00,0.0
第一食堂,2019-04-10,15:00-16:00,89.0
第一食堂,2019-04-10,16:00-17:00,350.5
第一食堂,2019-04-10,17:00-18:00,596.9
第一食堂,2019-04-10,18:00-19:00,855.4
第一食堂,2019-04-10,19:00-20:00,183.5
第一食堂,2019-04-10,20:00-21:00,133.5
第一食堂,2019-04-10,21:00-22:00,545.0
第一食堂,2019-04-10,22:00-23:00,318.8
第一食堂,2019-04-10,23:00-24:00,17.5
第一食堂,2019-04-11,00:00-01:00,0.0
第一食堂,2019-04-11,01:00-02:00,0.0
第一食堂,2019-04-11,02:00-03:00,0.0
第一食堂,2019-04-11,03:00-04:00,0.0
第一食堂,2019-04-11,04:00-05:00,0.0
第一食堂,2019-04-11,05:00-06:00,0.0
第一食堂,2019-04-11,06:00-07:00,1.5
第一食堂,2019-04-11,07:00-08:00,1530.9
第一食堂,2019-04-11,08:00-09:00,231.1
第一食堂,2019-04-11,09:00-10:00,454.2
第一食堂,2019-04-11,10:00-11:00,99.6
第一食堂,2019-04-11,11:00-12:00,1748.5
第一食堂,2019-04-11,12:00-13:00,696.7
第一食堂,2019-04-11,13:00-14:00,27.5
第一食堂,2019-04-11,14:00-15:00,31.5
第一食堂,2019-04-11,15:00-16:00,26.0
第一食堂,2019-04-11,16:00-17:00,132.0
第一食堂,2019-04-11,17:00-18:00,625.36
第一食堂,2019-04-11,18:00-19:00,438.59
第一食堂,2019-04-11,19:00-20:00,110.5
第一食堂,2019-04-11,20:00-21:00,9.5
第一食堂,2019-04-11,21:00-22:00,43.0
第一食堂,2019-04-11,22:00-23:00,11.5
第一食堂,2019-04-11,23:00-24:00,0.0
第一食堂,2019-04-12,00:00-01:00,0.0
第一食堂,2019-04-12,01:00-02:00,0.0
第一食堂,2019-04-12,02:00-03:00,0.0
第一食堂,2019-04-12,03:00-04:00,0.0
第一食堂,2019-04-12,04:00-05:00,0.0
第一食堂,2019-04-12,05:00-06:00,0.0
第一食堂,2019-04-12,06:00-07:00,8.0
第一食堂,2019-04-12,07:00-08:00,198.5
第一食堂,2019-04-12,08:00-09:00,67.5
第一食堂,2019-04-12,09:00-10:00,94.0
第一食堂,2019-04-12,10:00-11:00,78.1
第一食堂,2019-04-12,11:00-12:00,1229.9
第一食堂,2019-04-12,12:00-13:00,781.69
第一食堂,2019-04-12,13:00-14:00,97.5
第一食堂,2019-04-12,14:00-15:00,0.0
第一食堂,2019-04-12,15:00-16:00,47.5
第一食堂,2019-04-12,16:00-17:00,260.6
第一食堂,2019-04-12,17:00-18:00,579.8
第一食堂,2019-04-12,18:00-19:00,450.9
第一食堂,2019-04-12,19:00-20:00,106.8
第一食堂,2019-04-12,20:00-21:00,222.0
第一食堂,2019-04-12,21:00-22:00,239.5
第一食堂,2019-04-12,22:00-23:00,241.0
第一食堂,2019-04-12,23:00-24:00,0.0
第一食堂,2019-04-13,00:00-01:00,0.0
第一食堂,2019-04-13,01:00-02:00,0.0
第一食堂,2019-04-13,02:00-03:00,0.0
第一食堂,2019-04-13,03:00-04:00,0.0
第一食堂,2019-04-13,04:00-05:00,0.0
第一食堂,2019-04-13,05:00-06:00,0.0
第一食堂,2019-04-13,06:00-07:00,0.0
第一食堂,2019-04-13,07:00-08:00,61.0
第一食堂,2019-04-13,08:00-09:00,206.6
第一食堂,2019-04-13,09:00-10:00,99.5
第一食堂,2019-04-13,10:00-11:00,124.6
第一食堂,2019-04-13,11:00-12:00,589.0
第一食堂,2019-04-13,12:00-13:00,408.3
第一食堂,2019-04-13,13:00-14:00,43.0
第一食堂,2019-04-13,14:00-15:00,26.0
第一食堂,2019-04-13,15:00-16:00,11.0
第一食堂,2019-04-13,16:00-17:00,64.0
第一食堂,2019-04-13,17:00-18:00,309.9
第一食堂,2019-04-13,18:00-19:00,447.4
第一食堂,2019-04-13,19:00-20:00,164.0
第一食堂,2019-04-13,20:00-21:00,143.5
第一食堂,2019-04-13,21:00-22:00,108.5
第一食堂,2019-04-13,22:00-23:00,70.5
第一食堂,2019-04-13,23:00-24:00,0.0
第一食堂,2019-04-14,00:00-01:00,0.0
第一食堂,2019-04-14,01:00-02:00,0.0
第一食堂,2019-04-14,02:00-03:00,0.0
第一食堂,2019-04-14,03:00-04:00,0.0
第一食堂,2019-04-14,04:00-05:00,0.0
第一食堂,2019-04-14,05:00-06:00,0.0
第一食堂,2019-04-14,06:00-07:00,0.0
第一食堂,2019-04-14,07:00-08:00,26.5
第一食堂,2019-04-14,08:00-09:00,57.0
第一食堂,2019-04-14,09:00-10:00,104.0
第一食堂,2019-04-14,10:00-11:00,111.0
第一食堂,2019-04-14,11:00-12:00,470.0
第一食堂,2019-04-14,12:00-13:00,433.4
第一食堂,2019-04-14,13:00-14:00,95.5
第一食堂,2019-04-14,14:00-15:00,7.5
第一食堂,2019-04-14,15:00-16:00,27.5
第一食堂,2019-04-14,16:00-17:00,17.9
第一食堂,2019-04-14,17:00-18:00,380.7
第一食堂,2019-04-14,18:00-19:00,444.6
第一食堂,2019-04-14,19:00-20:00,196.8
第一食堂,2019-04-14,20:00-21:00,92.0
第一食堂,2019-04-14,21:00-22:00,159.6
第一食堂,2019-04-14,22:00-23:00,118.7
第一食堂,2019-04-14,23:00-24:00,7.0
第一食堂,2019-04-15,00:00-01:00,0.0
第一食堂,2019-04-15,01:00-02:00,0.0
第一食堂,2019-04-15,02:00-03:00,0.0
第一食堂,2019-04-15,03:00-04:00,0.0
第一食堂,2019-04-15,04:00-05:00,0.0
第一食堂,2019-04-15,05:00-06:00,0.0
第一食堂,2019-04-15,06:00-07:00,0.0
第一食堂,2019-04-15,07:00-08:00,913.21
第一食堂,2019-04-15,08:00-09:00,142.5
第一食堂,2019-04-15,09:00-10:00,271.1
第一食堂,2019-04-15,10:00-11:00,101.5
第一食堂,2019-04-15,11:00-12:00,1502.3
第一食堂,2019-04-15,12:00-13:00,657.6
第一食堂,2019-04-15,13:00-14:00,35.5
第一食堂,2019-04-15,14:00-15:00,0.0
第一食堂,2019-04-15,15:00-16:00,120.5
第一食堂,2019-04-15,16:00-17:00,341.5
第一食堂,2019-04-15,17:00-18:00,556.5
第一食堂,2019-04-15,18:00-19:00,681.8
第一食堂,2019-04-15,19:00-20:00,226.4
第一食堂,2019-04-15,20:00-21:00,138.8
第一食堂,2019-04-15,21:00-22:00,283.6
第一食堂,2019-04-15,22:00-23:00,116.6
第一食堂,2019-04-15,23:00-24:00,3.0
第一食堂,2019-04-16,00:00-01:00,0.0
第一食堂,2019-04-16,01:00-02:00,0.0
第一食堂,2019-04-16,02:00-03:00,0.0
第一食堂,2019-04-16,03:00-04:00,0.0
第一食堂,2019-04-16,04:00-05:00,0.0
第一食堂,2019-04-16,05:00-06:00,0.0
第一食堂,2019-04-16,06:00-07:00,7.6
第一食堂,2019-04-16,07:00-08:00,1477.8
第一食堂,2019-04-16,08:00-09:00,148.6
第一食堂,2019-04-16,09:00-10:00,104.0
第一食堂,2019-04-16,10:00-11:00,69.4
第一食堂,2019-04-16,11:00-12:00,1720.8
第一食堂,2019-04-16,12:00-13:00,628.2
第一食堂,2019-04-16,13:00-14:00,12.0
第一食堂,2019-04-16,14:00-15:00,64.5
第一食堂,2019-04-16,15:00-16:00,17.0
第一食堂,2019-04-16,16:00-17:00,370.5
第一食堂,2019-04-16,17:00-18:00,534.4
第一食堂,2019-04-16,18:00-19:00,894.85
第一食堂,2019-04-16,19:00-20:00,277.8
第一食堂,2019-04-16,20:00-21:00,91.5
第一食堂,2019-04-16,21:00-22:00,270.6
第一食堂,2019-04-16,22:00-23:00,201.5
第一食堂,2019-04-16,23:00-24:00,11.0
第一食堂,2019-04-17,00:00-01:00,0.0
第一食堂,2019-04-17,01:00-02:00,0.0
第一食堂,2019-04-17,02:00-03:00,0.0
第一食堂,2019-04-17,03:00-04:00,0.0
第一食堂,2019-04-17,04:00-05:00,0.0
第一食堂,2019-04-17,05:00-06:00,0.0
第一食堂,2019-04-17,06:00-07:00,0.6
第一食堂,2019-04-17,07:00-08:00,1118.4
第一食堂,2019-04-17,08:00-09:00,117.7
第一食堂,2019-04-17,09:00-10:00,160.0
第一食堂,2019-04-17,10:00-11:00,17.5
第一食堂,2019-04-17,11:00-12:00,2017.6
第一食堂,2019-04-17,12:00-13:00,550.4
第一食堂,2019-04-17,13:00-14:00,0.0
第一食堂,2019-04-17,14:00-15:00,5.0
第一食堂,2019-04-17,15:00-16:00,64.5
第一食堂,2019-04-17,16:00-17:00,396.6
第一食堂,2019-04-17,17:00-18:00,507.4
第一食堂,2019-04-17,18:00-19:00,571.5
第一食堂,2019-04-17,19:00-20:00,90.5
第一食堂,2019-04-17,20:00-21:00,53.4
第一食堂,2019-04-17,21:00-22:00,256.8
第一食堂,2019-04-17,22:00-23:00,152.2
第一食堂,2019-04-17,23:00-24:00,14.0
第一食堂,2019-04-18,00:00-01:00,0.0
第一食堂,2019-04-18,01:00-02:00,0.0
第一食堂,2019-04-18,02:00-03:00,0.0
第一食堂,2019-04-18,03:00-04:00,0.0
第一食堂,2019-04-18,04:00-05:00,0.0
第一食堂,2019-04-18,05:00-06:00,0.0
第一食堂,2019-04-18,06:00-07:00,0.0
第一食堂,2019-04-18,07:00-08:00,1083.2
第一食堂,2019-04-18,08:00-09:00,107.6
第一食堂,2019-04-18,09:00-10:00,163.4
第一食堂,2019-04-18,10:00-11:00,73.1
第一食堂,2019-04-18,11:00-12:00,1628.5
第一食堂,2019-04-18,12:00-13:00,504.6
第一食堂,2019-04-18,13:00-14:00,28.5
第一食堂,2019-04-18,14:00-15:00,22.0
第一食堂,2019-04-18,15:00-16:00,16.0
第一食堂,2019-04-18,16:00-17:00,89.7
第一食堂,2019-04-18,17:00-18:00,566.5
第一食堂,2019-04-18,18:00-19:00,571.1
第一食堂,2019-04-18,19:00-20:00,123.4
第一食堂,2019-04-18,20:00-21:00,119.5
第一食堂,2019-04-18,21:00-22:00,251.5
第一食堂,2019-04-18,22:00-23:00,140.5
第一食堂,2019-04-18,23:00-24:00,0.0
第一食堂,2019-04-19,00:00-01:00,0.0
第一食堂,2019-04-19,01:00-02:00,0.0
第一食堂,2019-04-19,02:00-03:00,0.0
第一食堂,2019-04-19,03:00-04:00,0.0
第一食堂,2019-04-19,04:00-05:00,0.0
第一食堂,2019-04-19,05:00-06:00,0.0
第一食堂,2019-04-19,06:00-07:00,0.6
第一食堂,2019-04-19,07:00-08:00,825.36
第一食堂,2019-04-19,08:00-09:00,188.3
第一食堂,2019-04-19,09:00-10:00,111.2
第一食堂,2019-04-19,10:00-11:00,78.7
第一食堂,2019-04-19,11:00-12:00,944.9
第一食堂,2019-04-19,12:00-13:00,695.5
第一食堂,2019-04-19,13:00-14:00,42.5
第一食堂,2019-04-19,14:00-15:00,0.0
第一食堂,2019-04-19,15:00-16:00,1.0
第一食堂,2019-04-19,16:00-17:00,194.9
第一食堂,2019-04-19,17:00-18:00,391.3
第一食堂,2019-04-19,18:00-19:00,500.9
第一食堂,2019-04-19,19:00-20:00,270.1
第一食堂,2019-04-19,20:00-21:00,49.5
第一食堂,2019-04-19,21:00-22:00,192.0
第一食堂,2019-04-19,22:00-23:00,155.7
第一食堂,2019-04-19,23:00-24:00,0.0
第一食堂,2019-04-20,00:00-01:00,0.0
第一食堂,2019-04-20,01:00-02:00,0.0
第一食堂,2019-04-20,02:00-03:00,0.0
第一食堂,2019-04-20,03:00-04:00,0.0
第一食堂,2019-04-20,04:00-05:00,0.0
第一食堂,2019-04-20,05:00-06:00,0.0
第一食堂,2019-04-20,06:00-07:00,0.0
第一食堂,2019-04-20,07:00-08:00,88.6
第一食堂,2019-04-20,08:00-09:00,91.2
第一食堂,2019-04-20,09:00-10:00,74.7
第一食堂,2019-04-20,10:00-11:00,137.9
第一食堂,2019-04-20,11:00-12:00,412.6
第一食堂,2019-04-20,12:00-13:00,346.7
第一食堂,2019-04-20,13:00-14:00,17.0
第一食堂,2019-04-20,14:00-15:00,18.0
第一食堂,2019-04-20,15:00-16:00,0.0
第一食堂,2019-04-20,16:00-17:00,74.3
第一食堂,2019-04-20,17:00-18:00,303.59
第一食堂,2019-04-20,18:00-19:00,346.5
第一食堂,2019-04-20,19:00-20:00,125.2
第一食堂,2019-04-20,20:00-21:00,97.4
第一食堂,2019-04-20,21:00-22:00,103.7
第一食堂,2019-04-20,22:00-23:00,82.5
第一食堂,2019-04-20,23:00-24:00,0.0
第一食堂,2019-04-21,00:00-01:00,0.0
第一食堂,2019-04-21,01:00-02:00,0.0
第一食堂,2019-04-21,02:00-03:00,0.0
第一食堂,2019-04-21,03:00-04:00,0.0
第一食堂,2019-04-21,04:00-05:00,0.0
第一食堂,2019-04-21,05:00-06:00,0.0
第一食堂,2019-04-21,06:00-07:00,0.0
第一食堂,2019-04-21,07:00-08:00,44.0
第一食堂,2019-04-21,08:00-09:00,61.8
第一食堂,2019-04-21,09:00-10:00,80.6
第一食堂,2019-04-21,10:00-11:00,43.8
第一食堂,2019-04-21,11:00-12:00,578.36
第一食堂,2019-04-21,12:00-13:00,396.2
第一食堂,2019-04-21,13:00-14:00,33.0
第一食堂,2019-04-21,14:00-15:00,10.5
第一食堂,2019-04-21,15:00-16:00,20.0
第一食堂,2019-04-21,16:00-17:00,22.1
第一食堂,2019-04-21,17:00-18:00,338.8
第一食堂,2019-04-21,18:00-19:00,417.3
第一食堂,2019-04-21,19:00-20:00,149.0
第一食堂,2019-04-21,20:00-21:00,61.0
第一食堂,2019-04-21,21:00-22:00,115.8
第一食堂,2019-04-21,22:00-23:00,81.5
第一食堂,2019-04-21,23:00-24:00,0.0
第一食堂,2019-04-22,00:00-01:00,0.0
第一食堂,2019-04-22,01:00-02:00,0.0
第一食堂,2019-04-22,02:00-03:00,0.0
第一食堂,2019-04-22,03:00-04:00,0.0
第一食堂,2019-04-22,04:00-05:00,0.0
第一食堂,2019-04-22,05:00-06:00,0.0
第一食堂,2019-04-22,06:00-07:00,0.0
第一食堂,2019-04-22,07:00-08:00,699.61
第一食堂,2019-04-22,08:00-09:00,80.3
第一食堂,2019-04-22,09:00-10:00,226.4
第一食堂,2019-04-22,10:00-11:00,68.7
第一食堂,2019-04-22,11:00-12:00,1378.34
第一食堂,2019-04-22,12:00-13:00,590.6
第一食堂,2019-04-22,13:00-14:00,35.5
第一食堂,2019-04-22,14:00-15:00,0.0
第一食堂,2019-04-22,15:00-16:00,48.0
第一食堂,2019-04-22,16:00-17:00,347.1
第一食堂,2019-04-22,17:00-18:00,614.7
第一食堂,2019-04-22,18:00-19:00,704.1
第一食堂,2019-04-22,19:00-20:00,150.05
第一食堂,2019-04-22,20:00-21:00,96.0
第一食堂,2019-04-22,21:00-22:00,266.0
第一食堂,2019-04-22,22:00-23:00,62.0
第一食堂,2019-04-22,23:00-24:00,0.0
第一食堂,2019-04-23,00:00-01:00,141.0
第一食堂,2019-04-23,01:00-02:00,165.0
第一食堂,2019-04-23,02:00-03:00,0.0
第一食堂,2019-04-23,03:00-04:00,0.0
第一食堂,2019-04-23,04:00-05:00,0.0
第一食堂,2019-04-23,05:00-06:00,0.0
第一食堂,2019-04-23,06:00-07:00,12.5
第一食堂,2019-04-23,07:00-08:00,1186.6
第一食堂,2019-04-23,08:00-09:00,119.2
第一食堂,2019-04-23,09:00-10:00,330.2
第一食堂,2019-04-23,10:00-11:00,92.9
第一食堂,2019-04-23,11:00-12:00,1909.3
第一食堂,2019-04-23,12:00-13:00,526.2
第一食堂,2019-04-23,13:00-14:00,5.0
第一食堂,2019-04-23,14:00-15:00,20.0
第一食堂,2019-04-23,15:00-16:00,13.0
第一食堂,2019-04-23,16:00-17:00,382.7
第一食堂,2019-04-23,17:00-18:00,565.1
第一食堂,2019-04-23,18:00-19:00,730.4
第一食堂,2019-04-23,19:00-20:00,174.0
第一食堂,2019-04-23,20:00-21:00,79.5
第一食堂,2019-04-23,21:00-22:00,242.0
第一食堂,2019-04-23,22:00-23:00,223.0
第一食堂,2019-04-23,23:00-24:00,0.0
第一食堂,2019-04-24,00:00-01:00,0.0
第一食堂,2019-04-24,01:00-02:00,0.0
第一食堂,2019-04-24,02:00-03:00,0.0
第一食堂,2019-04-24,03:00-04:00,0.0
第一食堂,2019-04-24,04:00-05:00,0.0
第一食堂,2019-04-24,05:00-06:00,0.0
第一食堂,2019-04-24,06:00-07:00,9.0
第一食堂,2019-04-24,07:00-08:00,1085.2
第一食堂,2019-04-24,08:00-09:00,203.6
第一食堂,2019-04-24,09:00-10:00,394.1
第一食堂,2019-04-24,10:00-11:00,52.6
第一食堂,2019-04-24,11:00-12:00,1409.4
第一食堂,2019-04-24,12:00-13:00,674.9
第一食堂,2019-04-24,13:00-14:00,23.5
第一食堂,2019-04-24,14:00-15:00,0.0
第一食堂,2019-04-24,15:00-16:00,29.0
第一食堂,2019-04-24,16:00-17:00,298.6
第一食堂,2019-04-24,17:00-18:00,455.7
第一食堂,2019-04-24,18:00-19:00,401.0
第一食堂,2019-04-24,19:00-20:00,155.0
第一食堂,2019-04-24,20:00-21:00,71.5
第一食堂,2019-04-24,21:00-22:00,286.5
第一食堂,2019-04-24,22:00-23:00,144.7
第一食堂,2019-04-24,23:00-24:00,3.0
第一食堂,2019-04-25,00:00-01:00,0.0
第一食堂,2019-04-25,01:00-02:00,0.0
第一食堂,2019-04-25,02:00-03:00,0.0
第一食堂,2019-04-25,03:00-04:00,0.0
第一食堂,2019-04-25,04:00-05:00,0.0
第一食堂,2019-04-25,05:00-06:00,0.0
第一食堂,2019-04-25,06:00-07:00,15.0
第一食堂,2019-04-25,07:00-08:00,1260.0
第一食堂,2019-04-25,08:00-09:00,228.1
第一食堂,2019-04-25,09:00-10:00,338.4
第一食堂,2019-04-25,10:00-11:00,119.3
第一食堂,2019-04-25,11:00-12:00,1218.7
第一食堂,2019-04-25,12:00-13:00,505.5
第一食堂,2019-04-25,13:00-14:00,5.0
第一食堂,2019-04-25,14:00-15:00,12.0
第一食堂,2019-04-25,15:00-16:00,9.5
第一食堂,2019-04-25,16:00-17:00,132.6
第一食堂,2019-04-25,17:00-18:00,538.7
第一食堂,2019-04-25,18:00-19:00,490.1
第一食堂,2019-04-25,19:00-20:00,126.2
第一食堂,2019-04-25,20:00-21:00,150.7
第一食堂,2019-04-25,21:00-22:00,309.6
第一食堂,2019-04-25,22:00-23:00,153.0
第一食堂,2019-04-25,23:00-24:00,20.0
第一食堂,2019-04-26,00:00-01:00,0.0
第一食堂,2019-04-26,01:00-02:00,0.0
第一食堂,2019-04-26,02:00-03:00,0.0
第一食堂,2019-04-26,03:00-04:00,0.0
第一食堂,2019-04-26,04:00-05:00,0.0
第一食堂,2019-04-26,05:00-06:00,0.0
第一食堂,2019-04-26,06:00-07:00,13.5
第一食堂,2019-04-26,07:00-08:00,1018.4
第一食堂,2019-04-26,08:00-09:00,223.5
第一食堂,2019-04-26,09:00-10:00,195.2
第一食堂,2019-04-26,10:00-11:00,39.9
第一食堂,2019-04-26,11:00-12:00,846.7
第一食堂,2019-04-26,12:00-13:00,503.3
第一食堂,2019-04-26,13:00-14:00,16.0
第一食堂,2019-04-26,14:00-15:00,0.0
第一食堂,2019-04-26,15:00-16:00,72.5
第一食堂,2019-04-26,16:00-17:00,91.5
第一食堂,2019-04-26,17:00-18:00,119.7
第一食堂,2019-04-26,18:00-19:00,176.0
第一食堂,2019-04-26,19:00-20:00,45.5
第一食堂,2019-04-26,20:00-21:00,10.0
第一食堂,2019-04-26,21:00-22:00,7.0
第一食堂,2019-04-26,22:00-23:00,0.0
第一食堂,2019-04-26,23:00-24:00,0.0
第一食堂,2019-04-27,00:00-01:00,0.0
第一食堂,2019-04-27,01:00-02:00,0.0
第一食堂,2019-04-27,02:00-03:00,0.0
第一食堂,2019-04-27,03:00-04:00,0.0
第一食堂,2019-04-27,04:00-05:00,0.0
第一食堂,2019-04-27,05:00-06:00,0.0
第一食堂,2019-04-27,06:00-07:00,0.0
第一食堂,2019-04-27,07:00-08:00,0.0
第一食堂,2019-04-27,08:00-09:00,0.0
第一食堂,2019-04-27,09:00-10:00,0.0
第一食堂,2019-04-27,10:00-11:00,0.0
第一食堂,2019-04-27,11:00-12:00,0.0
第一食堂,2019-04-27,12:00-13:00,0.0
第一食堂,2019-04-27,13:00-14:00,0.0
第一食堂,2019-04-27,14:00-15:00,0.0
第一食堂,2019-04-27,15:00-16:00,0.0
第一食堂,2019-04-27,16:00-17:00,0.0
第一食堂,2019-04-27,17:00-18:00,0.0
第一食堂,2019-04-27,18:00-19:00,0.0
第一食堂,2019-04-27,19:00-20:00,0.0
第一食堂,2019-04-27,20:00-21:00,0.0
第一食堂,2019-04-27,21:00-22:00,0.0
第一食堂,2019-04-27,22:00-23:00,0.0
第一食堂,2019-04-27,23:00-24:00,0.0
第一食堂,2019-04-28,00:00-01:00,0.0
第一食堂,2019-04-28,01:00-02:00,0.0
第一食堂,2019-04-28,02:00-03:00,0.0
第一食堂,2019-04-28,03:00-04:00,0.0
第一食堂,2019-04-28,04:00-05:00,0.0
第一食堂,2019-04-28,05:00-06:00,0.0
第一食堂,2019-04-28,06:00-07:00,0.0
第一食堂,2019-04-28,07:00-08:00,0.0
第一食堂,2019-04-28,08:00-09:00,0.0
第一食堂,2019-04-28,09:00-10:00,0.0
第一食堂,2019-04-28,10:00-11:00,0.0
第一食堂,2019-04-28,11:00-12:00,0.0
第一食堂,2019-04-28,12:00-13:00,0.0
第一食堂,2019-04-28,13:00-14:00,0.0
第一食堂,2019-04-28,14:00-15:00,0.0
第一食堂,2019-04-28,15:00-16:00,0.0
第一食堂,2019-04-28,16:00-17:00,0.0
第一食堂,2019-04-28,17:00-18:00,0.0
第一食堂,2019-04-28,18:00-19:00,0.0
第一食堂,2019-04-28,19:00-20:00,0.0
第一食堂,2019-04-28,20:00-21:00,0.0
第一食堂,2019-04-28,21:00-22:00,0.0
第一食堂,2019-04-28,22:00-23:00,0.0
第一食堂,2019-04-28,23:00-24:00,0.0
第一食堂,2019-04-29,00:00-01:00,0.0
第一食堂,2019-04-29,01:00-02:00,0.0
第一食堂,2019-04-29,02:00-03:00,0.0
第一食堂,2019-04-29,03:00-04:00,0.0
第一食堂,2019-04-29,04:00-05:00,0.0
第一食堂,2019-04-29,05:00-06:00,0.0
第一食堂,2019-04-29,06:00-07:00,0.0
第一食堂,2019-04-29,07:00-08:00,144.0
第一食堂,2019-04-29,08:00-09:00,316.1
第一食堂,2019-04-29,09:00-10:00,284.7
第一食堂,2019-04-29,10:00-11:00,151.8
第一食堂,2019-04-29,11:00-12:00,496.9
第一食堂,2019-04-29,12:00-13:00,417.2
第一食堂,2019-04-29,13:00-14:00,31.5
第一食堂,2019-04-29,14:00-15:00,22.0
第一食堂,2019-04-29,15:00-16:00,25.5
第一食堂,2019-04-29,16:00-17:00,45.5
第一食堂,2019-04-29,17:00-18:00,408.3
第一食堂,2019-04-29,18:00-19:00,582.8
第一食堂,2019-04-29,19:00-20:00,297.9
第一食堂,2019-04-29,20:00-21:00,139.5
第一食堂,2019-04-29,21:00-22:00,215.5
第一食堂,2019-04-29,22:00-23:00,221.5
第一食堂,2019-04-29,23:00-24:00,15.0
第一食堂,2019-04-30,00:00-01:00,0.0
第一食堂,2019-04-30,01:00-02:00,0.0
第一食堂,2019-04-30,02:00-03:00,0.0
第一食堂,2019-04-30,03:00-04:00,0.0
第一食堂,2019-04-30,04:00-05:00,0.0
第一食堂,2019-04-30,05:00-06:00,0.0
第一食堂,2019-04-30,06:00-07:00,0.0
第一食堂,2019-04-30,07:00-08:00,139.5
第一食堂,2019-04-30,08:00-09:00,328.2
第一食堂,2019-04-30,09:00-10:00,181.1
第一食堂,2019-04-30,10:00-11:00,195.8
第一食堂,2019-04-30,11:00-12:00,603.0
第一食堂,2019-04-30,12:00-13:00,610.0
第一食堂,2019-04-30,13:00-14:00,82.0
第一食堂,2019-04-30,14:00-15:00,41.5
第一食堂,2019-04-30,15:00-16:00,24.5
第一食堂,2019-04-30,16:00-17:00,77.9
第一食堂,2019-04-30,17:00-18:00,423.3
第一食堂,2019-04-30,18:00-19:00,696.1
第一食堂,2019-04-30,19:00-20:00,244.1
第一食堂,2019-04-30,20:00-21:00,145.0
第一食堂,2019-04-30,21:00-22:00,298.0
第一食堂,2019-04-30,22:00-23:00,160.6
第一食堂,2019-04-30,23:00-24:00,4.0
第七教学楼,2019-04-01,00:00-01:00,0.0
第七教学楼,2019-04-01,01:00-02:00,0.0
第七教学楼,2019-04-01,02:00-03:00,0.0
第七教学楼,2019-04-01,03:00-04:00,0.0
第七教学楼,2019-04-01,04:00-05:00,0.0
第七教学楼,2019-04-01,05:00-06:00,0.0
第七教学楼,2019-04-01,06:00-07:00,0.0
第七教学楼,2019-04-01,07:00-08:00,0.0
第七教学楼,2019-04-01,08:00-09:00,0.0
第七教学楼,2019-04-01,09:00-10:00,0.0
第七教学楼,2019-04-01,10:00-11:00,0.0
第七教学楼,2019-04-01,11:00-12:00,0.0
第七教学楼,2019-04-01,12:00-13:00,0.0
第七教学楼,2019-04-01,13:00-14:00,0.0
第七教学楼,2019-04-01,14:00-15:00,0.0
第七教学楼,2019-04-01,15:00-16:00,0.0
第七教学楼,2019-04-01,16:00-17:00,0.0
第七教学楼,2019-04-01,17:00-18:00,0.0
第七教学楼,2019-04-01,18:00-19:00,0.0
第七教学楼,2019-04-01,19:00-20:00,0.0
第七教学楼,2019-04-01,20:00-21:00,0.0
第七教学楼,2019-04-01,21:00-22:00,0.0
第七教学楼,2019-04-01,22:00-23:00,0.0
第七教学楼,2019-04-01,23:00-24:00,0.0
第七教学楼,2019-04-02,00:00-01:00,0.0
第七教学楼,2019-04-02,01:00-02:00,0.0
第七教学楼,2019-04-02,02:00-03:00,0.0
第七教学楼,2019-04-02,03:00-04:00,0.0
第七教学楼,2019-04-02,04:00-05:00,0.0
第七教学楼,2019-04-02,05:00-06:00,0.0
第七教学楼,2019-04-02,06:00-07:00,0.0
第七教学楼,2019-04-02,07:00-08:00,0.0
第七教学楼,2019-04-02,08:00-09:00,0.0
第七教学楼,2019-04-02,09:00-10:00,0.0
第七教学楼,2019-04-02,10:00-11:00,0.0
第七教学楼,2019-04-02,11:00-12:00,0.0
第七教学楼,2019-04-02,12:00-13:00,0.0
第七教学楼,2019-04-02,13:00-14:00,0.0
第七教学楼,2019-04-02,14:00-15:00,0.0
第七教学楼,2019-04-02,15:00-16:00,0.0
第七教学楼,2019-04-02,16:00-17:00,0.0
第七教学楼,2019-04-02,17:00-18:00,0.0
第七教学楼,2019-04-02,18:00-19:00,0.0
第七教学楼,2019-04-02,19:00-20:00,0.0
第七教学楼,2019-04-02,20:00-21:00,0.0
第七教学楼,2019-04-02,21:00-22:00,0.0
第七教学楼,2019-04-02,22:00-23:00,0.0
第七教学楼,2019-04-02,23:00-24:00,0.0
第七教学楼,2019-04-03,00:00-01:00,0.0
第七教学楼,2019-04-03,01:00-02:00,0.0
第七教学楼,2019-04-03,02:00-03:00,0.0
第七教学楼,2019-04-03,03:00-04:00,0.0
第七教学楼,2019-04-03,04:00-05:00,0.0
第七教学楼,2019-04-03,05:00-06:00,0.0
第七教学楼,2019-04-03,06:00-07:00,0.0
第七教学楼,2019-04-03,07:00-08:00,0.0
第七教学楼,2019-04-03,08:00-09:00,0.0
第七教学楼,2019-04-03,09:00-10:00,0.0
第七教学楼,2019-04-03,10:00-11:00,0.0
第七教学楼,2019-04-03,11:00-12:00,0.0
第七教学楼,2019-04-03,12:00-13:00,0.0
第七教学楼,2019-04-03,13:00-14:00,0.0
第七教学楼,2019-04-03,14:00-15:00,0.0
第七教学楼,2019-04-03,15:00-16:00,0.0
第七教学楼,2019-04-03,16:00-17:00,0.0
第七教学楼,2019-04-03,17:00-18:00,0.0
第七教学楼,2019-04-03,18:00-19:00,0.0
第七教学楼,2019-04-03,19:00-20:00,0.0
第七教学楼,2019-04-03,20:00-21:00,0.0
第七教学楼,2019-04-03,21:00-22:00,0.0
第七教学楼,2019-04-03,22:00-23:00,0.0
第七教学楼,2019-04-03,23:00-24:00,0.0
第七教学楼,2019-04-04,00:00-01:00,0.0
第七教学楼,2019-04-04,01:00-02:00,0.0
第七教学楼,2019-04-04,02:00-03:00,0.0
第七教学楼,2019-04-04,03:00-04:00,0.0
第七教学楼,2019-04-04,04:00-05:00,0.0
第七教学楼,2019-04-04,05:00-06:00,0.0
第七教学楼,2019-04-04,06:00-07:00,0.0
第七教学楼,2019-04-04,07:00-08:00,0.0
第七教学楼,2019-04-04,08:00-09:00,0.0
第七教学楼,2019-04-04,09:00-10:00,0.0
第七教学楼,2019-04-04,10:00-11:00,0.0
第七教学楼,2019-04-04,11:00-12:00,0.0
第七教学楼,2019-04-04,12:00-13:00,0.0
第七教学楼,2019-04-04,13:00-14:00,0.0
第七教学楼,2019-04-04,14:00-15:00,0.0
第七教学楼,2019-04-04,15:00-16:00,0.0
第七教学楼,2019-04-04,16:00-17:00,0.0
第七教学楼,2019-04-04,17:00-18:00,0.0
第七教学楼,2019-04-04,18:00-19:00,0.0
第七教学楼,2019-04-04,19:00-20:00,0.0
第七教学楼,2019-04-04,20:00-21:00,0.0
第七教学楼,2019-04-04,21:00-22:00,0.0
第七教学楼,2019-04-04,22:00-23:00,0.0
第七教学楼,2019-04-04,23:00-24:00,0.0
第七教学楼,2019-04-05,00:00-01:00,0.0
第七教学楼,2019-04-05,01:00-02:00,0.0
第七教学楼,2019-04-05,02:00-03:00,0.0
第七教学楼,2019-04-05,03:00-04:00,0.0
第七教学楼,2019-04-05,04:00-05:00,0.0
第七教学楼,2019-04-05,05:00-06:00,0.0
第七教学楼,2019-04-05,06:00-07:00,0.0
第七教学楼,2019-04-05,07:00-08:00,0.0
第七教学楼,2019-04-05,08:00-09:00,0.0
第七教学楼,2019-04-05,09:00-10:00,0.0
第七教学楼,2019-04-05,10:00-11:00,0.0
第七教学楼,2019-04-05,11:00-12:00,0.0
第七教学楼,2019-04-05,12:00-13:00,0.0
第七教学楼,2019-04-05,13:00-14:00,0.0
第七教学楼,2019-04-05,14:00-15:00,0.0
第七教学楼,2019-04-05,15:00-16:00,0.0
第七教学楼,2019-04-05,16:00-17:00,0.0
第七教学楼,2019-04-05,17:00-18:00,0.0
第七教学楼,2019-04-05,18:00-19:00,0.0
第七教学楼,2019-04-05,19:00-20:00,0.0
第七教学楼,2019-04-05,20:00-21:00,0.0
第七教学楼,2019-04-05,21:00-22:00,0.0
第七教学楼,2019-04-05,22:00-23:00,0.0
第七教学楼,2019-04-05,23:00-24:00,0.0
第七教学楼,2019-04-06,00:00-01:00,0.0
第七教学楼,2019-04-06,01:00-02:00,0.0
第七教学楼,2019-04-06,02:00-03:00,0.0
第七教学楼,2019-04-06,03:00-04:00,0.0
第七教学楼,2019-04-06,04:00-05:00,0.0
第七教学楼,2019-04-06,05:00-06:00,0.0
第七教学楼,2019-04-06,06:00-07:00,0.0
第七教学楼,2019-04-06,07:00-08:00,0.0
第七教学楼,2019-04-06,08:00-09:00,0.0
第七教学楼,2019-04-06,09:00-10:00,0.0
第七教学楼,2019-04-06,10:00-11:00,0.0
第七教学楼,2019-04-06,11:00-12:00,0.0
第七教学楼,2019-04-06,12:00-13:00,0.0
第七教学楼,2019-04-06,13:00-14:00,0.0
第七教学楼,2019-04-06,14:00-15:00,0.0
第七教学楼,2019-04-06,15:00-16:00,0.0
第七教学楼,2019-04-06,16:00-17:00,0.0
第七教学楼,2019-04-06,17:00-18:00,0.0
第七教学楼,2019-04-06,18:00-19:00,0.0
第七教学楼,2019-04-06,19:00-20:00,0.0
第七教学楼,2019-04-06,20:00-21:00,0.0
第七教学楼,2019-04-06,21:00-22:00,0.0
第七教学楼,2019-04-06,22:00-23:00,0.0
第七教学楼,2019-04-06,23:00-24:00,0.0
第七教学楼,2019-04-07,00:00-01:00,0.0
第七教学楼,2019-04-07,01:00-02:00,0.0
第七教学楼,2019-04-07,02:00-03:00,0.0
第七教学楼,2019-04-07,03:00-04:00,0.0
第七教学楼,2019-04-07,04:00-05:00,0.0
第七教学楼,2019-04-07,05:00-06:00,0.0
第七教学楼,2019-04-07,06:00-07:00,0.0
第七教学楼,2019-04-07,07:00-08:00,0.0
第七教学楼,2019-04-07,08:00-09:00,0.0
第七教学楼,2019-04-07,09:00-10:00,0.0
第七教学楼,2019-04-07,10:00-11:00,0.0
第七教学楼,2019-04-07,11:00-12:00,0.0
第七教学楼,2019-04-07,12:00-13:00,0.0
第七教学楼,2019-04-07,13:00-14:00,0.0
第七教学楼,2019-04-07,14:00-15:00,0.0
第七教学楼,2019-04-07,15:00-16:00,0.0
第七教学楼,2019-04-07,16:00-17:00,0.0
第七教学楼,2019-04-07,17:00-18:00,0.0
第七教学楼,2019-04-07,18:00-19:00,0.0
第七教学楼,2019-04-07,19:00-20:00,0.0
第七教学楼,2019-04-07,20:00-21:00,0.0
第七教学楼,2019-04-07,21:00-22:00,0.0
第七教学楼,2019-04-07,22:00-23:00,0.0
第七教学楼,2019-04-07,23:00-24:00,0.0
第七教学楼,2019-04-08,00:00-01:00,0.0
第七教学楼,2019-04-08,01:00-02:00,0.0
第七教学楼,2019-04-08,02:00-03:00,0.0
第七教学楼,2019-04-08,03:00-04:00,0.0
第七教学楼,2019-04-08,04:00-05:00,0.0
第七教学楼,2019-04-08,05:00-06:00,0.0
第七教学楼,2019-04-08,06:00-07:00,0.0
第七教学楼,2019-04-08,07:00-08:00,0.0
第七教学楼,2019-04-08,08:00-09:00,0.0
第七教学楼,2019-04-08,09:00-10:00,0.0
第七教学楼,2019-04-08,10:00-11:00,0.0
第七教学楼,2019-04-08,11:00-12:00,0.0
第七教学楼,2019-04-08,12:00-13:00,0.0
第七教学楼,2019-04-08,13:00-14:00,0.0
第七教学楼,2019-04-08,14:00-15:00,0.0
第七教学楼,2019-04-08,15:00-16:00,0.0
第七教学楼,2019-04-08,16:00-17:00,0.0
第七教学楼,2019-04-08,17:00-18:00,0.0
第七教学楼,2019-04-08,18:00-19:00,0.0
第七教学楼,2019-04-08,19:00-20:00,0.0
第七教学楼,2019-04-08,20:00-21:00,0.0
第七教学楼,2019-04-08,21:00-22:00,0.0
第七教学楼,2019-04-08,22:00-23:00,0.0
第七教学楼,2019-04-08,23:00-24:00,0.0
第七教学楼,2019-04-09,00:00-01:00,0.0
第七教学楼,2019-04-09,01:00-02:00,0.0
第七教学楼,2019-04-09,02:00-03:00,0.0
第七教学楼,2019-04-09,03:00-04:00,0.0
第七教学楼,2019-04-09,04:00-05:00,0.0
第七教学楼,2019-04-09,05:00-06:00,0.0
第七教学楼,2019-04-09,06:00-07:00,0.0
第七教学楼,2019-04-09,07:00-08:00,0.0
第七教学楼,2019-04-09,08:00-09:00,0.0
第七教学楼,2019-04-09,09:00-10:00,0.0
第七教学楼,2019-04-09,10:00-11:00,0.0
第七教学楼,2019-04-09,11:00-12:00,0.0
第七教学楼,2019-04-09,12:00-13:00,0.0
第七教学楼,2019-04-09,13:00-14:00,0.0
第七教学楼,2019-04-09,14:00-15:00,0.0
第七教学楼,2019-04-09,15:00-16:00,0.0
第七教学楼,2019-04-09,16:00-17:00,0.0
第七教学楼,2019-04-09,17:00-18:00,0.0
第七教学楼,2019-04-09,18:00-19:00,0.0
第七教学楼,2019-04-09,19:00-20:00,0.0
第七教学楼,2019-04-09,20:00-21:00,0.0
第七教学楼,2019-04-09,21:00-22:00,0.0
第七教学楼,2019-04-09,22:00-23:00,0.0
第七教学楼,2019-04-09,23:00-24:00,0.0
第七教学楼,2019-04-10,00:00-01:00,0.0
第七教学楼,2019-04-10,01:00-02:00,0.0
第七教学楼,2019-04-10,02:00-03:00,0.0
第七教学楼,2019-04-10,03:00-04:00,0.0
第七教学楼,2019-04-10,04:00-05:00,0.0
第七教学楼,2019-04-10,05:00-06:00,0.0
第七教学楼,2019-04-10,06:00-07:00,0.0
第七教学楼,2019-04-10,07:00-08:00,0.0
第七教学楼,2019-04-10,08:00-09:00,0.0
第七教学楼,2019-04-10,09:00-10:00,0.0
第七教学楼,2019-04-10,10:00-11:00,0.0
第七教学楼,2019-04-10,11:00-12:00,0.0
第七教学楼,2019-04-10,12:00-13:00,0.0
第七教学楼,2019-04-10,13:00-14:00,0.0
第七教学楼,2019-04-10,14:00-15:00,0.0
第七教学楼,2019-04-10,15:00-16:00,0.0
第七教学楼,2019-04-10,16:00-17:00,0.0
第七教学楼,2019-04-10,17:00-18:00,0.0
第七教学楼,2019-04-10,18:00-19:00,0.0
第七教学楼,2019-04-10,19:00-20:00,0.0
第七教学楼,2019-04-10,20:00-21:00,0.0
第七教学楼,2019-04-10,21:00-22:00,0.0
第七教学楼,2019-04-10,22:00-23:00,0.0
第七教学楼,2019-04-10,23:00-24:00,0.0
第七教学楼,2019-04-11,00:00-01:00,0.0
第七教学楼,2019-04-11,01:00-02:00,0.0
第七教学楼,2019-04-11,02:00-03:00,0.0
第七教学楼,2019-04-11,03:00-04:00,0.0
第七教学楼,2019-04-11,04:00-05:00,0.0
第七教学楼,2019-04-11,05:00-06:00,0.0
第七教学楼,2019-04-11,06:00-07:00,0.0
第七教学楼,2019-04-11,07:00-08:00,0.0
第七教学楼,2019-04-11,08:00-09:00,0.0
第七教学楼,2019-04-11,09:00-10:00,0.0
第七教学楼,2019-04-11,10:00-11:00,0.0
第七教学楼,2019-04-11,11:00-12:00,0.0
第七教学楼,2019-04-11,12:00-13:00,0.0
第七教学楼,2019-04-11,13:00-14:00,0.0
第七教学楼,2019-04-11,14:00-15:00,0.0
第七教学楼,2019-04-11,15:00-16:00,0.0
第七教学楼,2019-04-11,16:00-17:00,0.0
第七教学楼,2019-04-11,17:00-18:00,0.0
第七教学楼,2019-04-11,18:00-19:00,0.0
第七教学楼,2019-04-11,19:00-20:00,0.0
第七教学楼,2019-04-11,20:00-21:00,0.0
第七教学楼,2019-04-11,21:00-22:00,0.0
第七教学楼,2019-04-11,22:00-23:00,0.0
第七教学楼,2019-04-11,23:00-24:00,0.0
第七教学楼,2019-04-12,00:00-01:00,0.0
第七教学楼,2019-04-12,01:00-02:00,0.0
第七教学楼,2019-04-12,02:00-03:00,0.0
第七教学楼,2019-04-12,03:00-04:00,0.0
第七教学楼,2019-04-12,04:00-05:00,0.0
第七教学楼,2019-04-12,05:00-06:00,0.0
第七教学楼,2019-04-12,06:00-07:00,0.0
第七教学楼,2019-04-12,07:00-08:00,0.0
第七教学楼,2019-04-12,08:00-09:00,0.0
第七教学楼,2019-04-12,09:00-10:00,0.0
第七教学楼,2019-04-12,10:00-11:00,0.0
第七教学楼,2019-04-12,11:00-12:00,0.0
第七教学楼,2019-04-12,12:00-13:00,0.0
第七教学楼,2019-04-12,13:00-14:00,0.0
第七教学楼,2019-04-12,14:00-15:00,0.0
第七教学楼,2019-04-12,15:00-16:00,0.0
第七教学楼,2019-04-12,16:00-17:00,0.0
第七教学楼,2019-04-12,17:00-18:00,0.0
第七教学楼,2019-04-12,18:00-19:00,0.0
第七教学楼,2019-04-12,19:00-20:00,0.0
第七教学楼,2019-04-12,20:00-21:00,0.0
第七教学楼,2019-04-12,21:00-22:00,0.0
第七教学楼,2019-04-12,22:00-23:00,0.0
第七教学楼,2019-04-12,23:00-24:00,0.0
第七教学楼,2019-04-13,00:00-01:00,0.0
第七教学楼,2019-04-13,01:00-02:00,0.0
第七教学楼,2019-04-13,02:00-03:00,0.0
第七教学楼,2019-04-13,03:00-04:00,0.0
第七教学楼,2019-04-13,04:00-05:00,0.0
第七教学楼,2019-04-13,05:00-06:00,0.0
第七教学楼,2019-04-13,06:00-07:00,0.0
第七教学楼,2019-04-13,07:00-08:00,0.0
第七教学楼,2019-04-13,08:00-09:00,0.0
第七教学楼,2019-04-13,09:00-10:00,0.0
第七教学楼,2019-04-13,10:00-11:00,0.0
第七教学楼,2019-04-13,11:00-12:00,0.0
第七教学楼,2019-04-13,12:00-13:00,0.0
第七教学楼,2019-04-13,13:00-14:00,0.0
第七教学楼,2019-04-13,14:00-15:00,0.0
第七教学楼,2019-04-13,15:00-16:00,0.0
第七教学楼,2019-04-13,16:00-17:00,0.0
第七教学楼,2019-04-13,17:00-18:00,0.0
第七教学楼,2019-04-13,18:00-19:00,0.0
第七教学楼,2019-04-13,19:00-20:00,0.0
第七教学楼,2019-04-13,20:00-21:00,0.0
第七教学楼,2019-04-13,21:00-22:00,0.0
第七教学楼,2019-04-13,22:00-23:00,0.0
第七教学楼,2019-04-13,23:00-24:00,0.0
第七教学楼,2019-04-14,00:00-01:00,0.0
第七教学楼,2019-04-14,01:00-02:00,0.0
第七教学楼,2019-04-14,02:00-03:00,0.0
第七教学楼,2019-04-14,03:00-04:00,0.0
第七教学楼,2019-04-14,04:00-05:00,0.0
第七教学楼,2019-04-14,05:00-06:00,0.0
第七教学楼,2019-04-14,06:00-07:00,0.0
第七教学楼,2019-04-14,07:00-08:00,0.0
第七教学楼,2019-04-14,08:00-09:00,0.0
第七教学楼,2019-04-14,09:00-10:00,0.0
第七教学楼,2019-04-14,10:00-11:00,0.0
第七教学楼,2019-04-14,11:00-12:00,0.0
第七教学楼,2019-04-14,12:00-13:00,0.0
第七教学楼,2019-04-14,13:00-14:00,0.0
第七教学楼,2019-04-14,14:00-15:00,0.0
第七教学楼,2019-04-14,15:00-16:00,0.0
第七教学楼,2019-04-14,16:00-17:00,0.0
第七教学楼,2019-04-14,17:00-18:00,0.0
第七教学楼,2019-04-14,18:00-19:00,0.0
第七教学楼,2019-04-14,19:00-20:00,0.0
第七教学楼,2019-04-14,20:00-21:00,0.0
第七教学楼,2019-04-14,21:00-22:00,0.0
第七教学楼,2019-04-14,22:00-23:00,15.0
第七教学楼,2019-04-14,23:00-24:00,0.0
第七教学楼,2019-04-15,00:00-01:00,0.0
第七教学楼,2019-04-15,01:00-02:00,0.0
第七教学楼,2019-04-15,02:00-03:00,0.0
第七教学楼,2019-04-15,03:00-04:00,0.0
第七教学楼,2019-04-15,04:00-05:00,0.0
第七教学楼,2019-04-15,05:00-06:00,0.0
第七教学楼,2019-04-15,06:00-07:00,0.0
第七教学楼,2019-04-15,07:00-08:00,0.0
第七教学楼,2019-04-15,08:00-09:00,0.0
第七教学楼,2019-04-15,09:00-10:00,0.0
第七教学楼,2019-04-15,10:00-11:00,0.0
第七教学楼,2019-04-15,11:00-12:00,0.0
第七教学楼,2019-04-15,12:00-13:00,0.0
第七教学楼,2019-04-15,13:00-14:00,0.0
第七教学楼,2019-04-15,14:00-15:00,0.0
第七教学楼,2019-04-15,15:00-16:00,0.0
第七教学楼,2019-04-15,16:00-17:00,0.0
第七教学楼,2019-04-15,17:00-18:00,0.0
第七教学楼,2019-04-15,18:00-19:00,0.0
第七教学楼,2019-04-15,19:00-20:00,0.0
第七教学楼,2019-04-15,20:00-21:00,0.0
第七教学楼,2019-04-15,21:00-22:00,0.0
第七教学楼,2019-04-15,22:00-23:00,0.0
第七教学楼,2019-04-15,23:00-24:00,0.0
第七教学楼,2019-04-16,00:00-01:00,0.0
第七教学楼,2019-04-16,01:00-02:00,0.0
第七教学楼,2019-04-16,02:00-03:00,0.0
第七教学楼,2019-04-16,03:00-04:00,0.0
第七教学楼,2019-04-16,04:00-05:00,0.0
第七教学楼,2019-04-16,05:00-06:00,0.0
第七教学楼,2019-04-16,06:00-07:00,0.0
第七教学楼,2019-04-16,07:00-08:00,0.0
第七教学楼,2019-04-16,08:00-09:00,0.0
第七教学楼,2019-04-16,09:00-10:00,0.0
第七教学楼,2019-04-16,10:00-11:00,0.0
第七教学楼,2019-04-16,11:00-12:00,0.0
第七教学楼,2019-04-16,12:00-13:00,0.0
第七教学楼,2019-04-16,13:00-14:00,0.0
第七教学楼,2019-04-16,14:00-15:00,0.0
第七教学楼,2019-04-16,15:00-16:00,0.0
第七教学楼,2019-04-16,16:00-17:00,0.0
第七教学楼,2019-04-16,17:00-18:00,0.0
第七教学楼,2019-04-16,18:00-19:00,0.0
第七教学楼,2019-04-16,19:00-20:00,0.0
第七教学楼,2019-04-16,20:00-21:00,0.0
第七教学楼,2019-04-16,21:00-22:00,0.0
第七教学楼,2019-04-16,22:00-23:00,0.0
第七教学楼,2019-04-16,23:00-24:00,0.0
第七教学楼,2019-04-17,00:00-01:00,0.0
第七教学楼,2019-04-17,01:00-02:00,0.0
第七教学楼,2019-04-17,02:00-03:00,0.0
第七教学楼,2019-04-17,03:00-04:00,0.0
第七教学楼,2019-04-17,04:00-05:00,0.0
第七教学楼,2019-04-17,05:00-06:00,0.0
第七教学楼,2019-04-17,06:00-07:00,0.0
第七教学楼,2019-04-17,07:00-08:00,0.0
第七教学楼,2019-04-17,08:00-09:00,0.0
第七教学楼,2019-04-17,09:00-10:00,0.0
第七教学楼,2019-04-17,10:00-11:00,0.0
第七教学楼,2019-04-17,11:00-12:00,0.0
第七教学楼,2019-04-17,12:00-13:00,0.0
第七教学楼,2019-04-17,13:00-14:00,0.0
第七教学楼,2019-04-17,14:00-15:00,0.0
第七教学楼,2019-04-17,15:00-16:00,0.0
第七教学楼,2019-04-17,16:00-17:00,0.0
第七教学楼,2019-04-17,17:00-18:00,0.0
第七教学楼,2019-04-17,18:00-19:00,0.0
第七教学楼,2019-04-17,19:00-20:00,0.0
第七教学楼,2019-04-17,20:00-21:00,0.0
第七教学楼,2019-04-17,21:00-22:00,0.0
第七教学楼,2019-04-17,22:00-23:00,0.0
第七教学楼,2019-04-17,23:00-24:00,0.0
第七教学楼,2019-04-18,00:00-01:00,0.0
第七教学楼,2019-04-18,01:00-02:00,0.0
第七教学楼,2019-04-18,02:00-03:00,0.0
第七教学楼,2019-04-18,03:00-04:00,0.0
第七教学楼,2019-04-18,04:00-05:00,0.0
第七教学楼,2019-04-18,05:00-06:00,0.0
第七教学楼,2019-04-18,06:00-07:00,0.0
第七教学楼,2019-04-18,07:00-08:00,0.0
第七教学楼,2019-04-18,08:00-09:00,0.0
第七教学楼,2019-04-18,09:00-10:00,0.0
第七教学楼,2019-04-18,10:00-11:00,0.0
第七教学楼,2019-04-18,11:00-12:00,0.0
第七教学楼,2019-04-18,12:00-13:00,0.0
第七教学楼,2019-04-18,13:00-14:00,0.0
第七教学楼,2019-04-18,14:00-15:00,0.0
第七教学楼,2019-04-18,15:00-16:00,0.0
第七教学楼,2019-04-18,16:00-17:00,0.0
第七教学楼,2019-04-18,17:00-18:00,0.0
第七教学楼,2019-04-18,18:00-19:00,0.0
第七教学楼,2019-04-18,19:00-20:00,0.0
第七教学楼,2019-04-18,20:00-21:00,0.0
第七教学楼,2019-04-18,21:00-22:00,0.0
第七教学楼,2019-04-18,22:00-23:00,0.0
第七教学楼,2019-04-18,23:00-24:00,0.0
第七教学楼,2019-04-19,00:00-01:00,0.0
第七教学楼,2019-04-19,01:00-02:00,0.0
第七教学楼,2019-04-19,02:00-03:00,0.0
第七教学楼,2019-04-19,03:00-04:00,0.0
第七教学楼,2019-04-19,04:00-05:00,0.0
第七教学楼,2019-04-19,05:00-06:00,0.0
第七教学楼,2019-04-19,06:00-07:00,0.0
第七教学楼,2019-04-19,07:00-08:00,0.0
第七教学楼,2019-04-19,08:00-09:00,0.0
第七教学楼,2019-04-19,09:00-10:00,0.0
第七教学楼,2019-04-19,10:00-11:00,0.0
第七教学楼,2019-04-19,11:00-12:00,0.0
第七教学楼,2019-04-19,12:00-13:00,0.0
第七教学楼,2019-04-19,13:00-14:00,0.0
第七教学楼,2019-04-19,14:00-15:00,0.0
第七教学楼,2019-04-19,15:00-16:00,0.0
第七教学楼,2019-04-19,16:00-17:00,0.0
第七教学楼,2019-04-19,17:00-18:00,0.0
第七教学楼,2019-04-19,18:00-19:00,0.0
第七教学楼,2019-04-19,19:00-20:00,0.0
第七教学楼,2019-04-19,20:00-21:00,0.0
第七教学楼,2019-04-19,21:00-22:00,0.0
第七教学楼,2019-04-19,22:00-23:00,0.0
第七教学楼,2019-04-19,23:00-24:00,0.0
第七教学楼,2019-04-20,00:00-01:00,0.0
第七教学楼,2019-04-20,01:00-02:00,0.0
第七教学楼,2019-04-20,02:00-03:00,0.0
第七教学楼,2019-04-20,03:00-04:00,0.0
第七教学楼,2019-04-20,04:00-05:00,0.0
第七教学楼,2019-04-20,05:00-06:00,0.0
第七教学楼,2019-04-20,06:00-07:00,0.0
第七教学楼,2019-04-20,07:00-08:00,0.0
第七教学楼,2019-04-20,08:00-09:00,0.0
第七教学楼,2019-04-20,09:00-10:00,0.0
第七教学楼,2019-04-20,10:00-11:00,0.0
第七教学楼,2019-04-20,11:00-12:00,0.0
第七教学楼,2019-04-20,12:00-13:00,0.0
第七教学楼,2019-04-20,13:00-14:00,0.0
第七教学楼,2019-04-20,14:00-15:00,0.0
第七教学楼,2019-04-20,15:00-16:00,0.0
第七教学楼,2019-04-20,16:00-17:00,0.0
第七教学楼,2019-04-20,17:00-18:00,0.0
第七教学楼,2019-04-20,18:00-19:00,0.0
第七教学楼,2019-04-20,19:00-20:00,10.0
第七教学楼,2019-04-20,20:00-21:00,0.0
第七教学楼,2019-04-20,21:00-22:00,0.0
第七教学楼,2019-04-20,22:00-23:00,0.0
第七教学楼,2019-04-20,23:00-24:00,0.0
第七教学楼,2019-04-21,00:00-01:00,0.0
第七教学楼,2019-04-21,01:00-02:00,0.0
第七教学楼,2019-04-21,02:00-03:00,0.0
第七教学楼,2019-04-21,03:00-04:00,0.0
第七教学楼,2019-04-21,04:00-05:00,0.0
第七教学楼,2019-04-21,05:00-06:00,0.0
第七教学楼,2019-04-21,06:00-07:00,0.0
第七教学楼,2019-04-21,07:00-08:00,0.0
第七教学楼,2019-04-21,08:00-09:00,0.0
第七教学楼,2019-04-21,09:00-10:00,0.0
第七教学楼,2019-04-21,10:00-11:00,0.0
第七教学楼,2019-04-21,11:00-12:00,0.0
第七教学楼,2019-04-21,12:00-13:00,0.0
第七教学楼,2019-04-21,13:00-14:00,0.0
第七教学楼,2019-04-21,14:00-15:00,0.0
第七教学楼,2019-04-21,15:00-16:00,0.0
第七教学楼,2019-04-21,16:00-17:00,0.0
第七教学楼,2019-04-21,17:00-18:00,0.0
第七教学楼,2019-04-21,18:00-19:00,0.0
第七教学楼,2019-04-21,19:00-20:00,0.0
第七教学楼,2019-04-21,20:00-21:00,0.0
第七教学楼,2019-04-21,21:00-22:00,0.0
第七教学楼,2019-04-21,22:00-23:00,0.0
第七教学楼,2019-04-21,23:00-24:00,0.0
第七教学楼,2019-04-22,00:00-01:00,0.0
第七教学楼,2019-04-22,01:00-02:00,0.0
第七教学楼,2019-04-22,02:00-03:00,0.0
第七教学楼,2019-04-22,03:00-04:00,0.0
第七教学楼,2019-04-22,04:00-05:00,0.0
第七教学楼,2019-04-22,05:00-06:00,0.0
第七教学楼,2019-04-22,06:00-07:00,0.0
第七教学楼,2019-04-22,07:00-08:00,0.0
第七教学楼,2019-04-22,08:00-09:00,0.0
第七教学楼,2019-04-22,09:00-10:00,0.0
第七教学楼,2019-04-22,10:00-11:00,0.0
第七教学楼,2019-04-22,11:00-12:00,0.0
第七教学楼,2019-04-22,12:00-13:00,20.0
第七教学楼,2019-04-22,13:00-14:00,0.0
第七教学楼,2019-04-22,14:00-15:00,0.0
第七教学楼,2019-04-22,15:00-16:00,0.0
第七教学楼,2019-04-22,16:00-17:00,0.0
第七教学楼,2019-04-22,17:00-18:00,0.0
第七教学楼,2019-04-22,18:00-19:00,0.0
第七教学楼,2019-04-22,19:00-20:00,0.0
第七教学楼,2019-04-22,20:00-21:00,0.0
第七教学楼,2019-04-22,21:00-22:00,0.0
第七教学楼,2019-04-22,22:00-23:00,0.0
第七教学楼,2019-04-22,23:00-24:00,0.0
第七教学楼,2019-04-23,00:00-01:00,0.0
第七教学楼,2019-04-23,01:00-02:00,0.0
第七教学楼,2019-04-23,02:00-03:00,0.0
第七教学楼,2019-04-23,03:00-04:00,0.0
第七教学楼,2019-04-23,04:00-05:00,0.0
第七教学楼,2019-04-23,05:00-06:00,0.0
第七教学楼,2019-04-23,06:00-07:00,0.0
第七教学楼,2019-04-23,07:00-08:00,0.0
第七教学楼,2019-04-23,08:00-09:00,0.0
第七教学楼,2019-04-23,09:00-10:00,0.0
第七教学楼,2019-04-23,10:00-11:00,0.0
第七教学楼,2019-04-23,11:00-12:00,0.0
第七教学楼,2019-04-23,12:00-13:00,0.0
第七教学楼,2019-04-23,13:00-14:00,0.0
第七教学楼,2019-04-23,14:00-15:00,0.0
第七教学楼,2019-04-23,15:00-16:00,0.0
第七教学楼,2019-04-23,16:00-17:00,0.0
第七教学楼,2019-04-23,17:00-18:00,0.0
第七教学楼,2019-04-23,18:00-19:00,0.0
第七教学楼,2019-04-23,19:00-20:00,0.0
第七教学楼,2019-04-23,20:00-21:00,0.0
第七教学楼,2019-04-23,21:00-22:00,0.0
第七教学楼,2019-04-23,22:00-23:00,0.0
第七教学楼,2019-04-23,23:00-24:00,0.0
第七教学楼,2019-04-24,00:00-01:00,0.0
第七教学楼,2019-04-24,01:00-02:00,0.0
第七教学楼,2019-04-24,02:00-03:00,0.0
第七教学楼,2019-04-24,03:00-04:00,0.0
第七教学楼,2019-04-24,04:00-05:00,0.0
第七教学楼,2019-04-24,05:00-06:00,0.0
第七教学楼,2019-04-24,06:00-07:00,0.0
第七教学楼,2019-04-24,07:00-08:00,0.0
第七教学楼,2019-04-24,08:00-09:00,0.0
第七教学楼,2019-04-24,09:00-10:00,20.0
第七教学楼,2019-04-24,10:00-11:00,0.0
第七教学楼,2019-04-24,11:00-12:00,0.0
第七教学楼,2019-04-24,12:00-13:00,0.0
第七教学楼,2019-04-24,13:00-14:00,0.0
第七教学楼,2019-04-24,14:00-15:00,0.0
第七教学楼,2019-04-24,15:00-16:00,0.0
第七教学楼,2019-04-24,16:00-17:00,0.0
第七教学楼,2019-04-24,17:00-18:00,0.0
第七教学楼,2019-04-24,18:00-19:00,0.0
第七教学楼,2019-04-24,19:00-20:00,0.0
第七教学楼,2019-04-24,20:00-21:00,0.0
第七教学楼,2019-04-24,21:00-22:00,0.0
第七教学楼,2019-04-24,22:00-23:00,0.0
第七教学楼,2019-04-24,23:00-24:00,0.0
第七教学楼,2019-04-25,00:00-01:00,0.0
第七教学楼,2019-04-25,01:00-02:00,0.0
第七教学楼,2019-04-25,02:00-03:00,0.0
第七教学楼,2019-04-25,03:00-04:00,0.0
第七教学楼,2019-04-25,04:00-05:00,0.0
第七教学楼,2019-04-25,05:00-06:00,0.0
第七教学楼,2019-04-25,06:00-07:00,0.0
第七教学楼,2019-04-25,07:00-08:00,0.0
第七教学楼,2019-04-25,08:00-09:00,0.0
第七教学楼,2019-04-25,09:00-10:00,0.0
第七教学楼,2019-04-25,10:00-11:00,0.0
第七教学楼,2019-04-25,11:00-12:00,0.0
第七教学楼,2019-04-25,12:00-13:00,40.0
第七教学楼,2019-04-25,13:00-14:00,0.0
第七教学楼,2019-04-25,14:00-15:00,0.0
第七教学楼,2019-04-25,15:00-16:00,0.0
第七教学楼,2019-04-25,16:00-17:00,0.0
第七教学楼,2019-04-25,17:00-18:00,0.0
第七教学楼,2019-04-25,18:00-19:00,0.0
第七教学楼,2019-04-25,19:00-20:00,0.0
第七教学楼,2019-04-25,20:00-21:00,0.0
第七教学楼,2019-04-25,21:00-22:00,0.0
第七教学楼,2019-04-25,22:00-23:00,0.0
第七教学楼,2019-04-25,23:00-24:00,0.0
第七教学楼,2019-04-26,00:00-01:00,0.0
第七教学楼,2019-04-26,01:00-02:00,0.0
第七教学楼,2019-04-26,02:00-03:00,0.0
第七教学楼,2019-04-26,03:00-04:00,0.0
第七教学楼,2019-04-26,04:00-05:00,0.0
第七教学楼,2019-04-26,05:00-06:00,0.0
第七教学楼,2019-04-26,06:00-07:00,0.0
第七教学楼,2019-04-26,07:00-08:00,0.0
第七教学楼,2019-04-26,08:00-09:00,0.0
第七教学楼,2019-04-26,09:00-10:00,0.0
第七教学楼,2019-04-26,10:00-11:00,0.0
第七教学楼,2019-04-26,11:00-12:00,0.0
第七教学楼,2019-04-26,12:00-13:00,0.0
第七教学楼,2019-04-26,13:00-14:00,0.0
第七教学楼,2019-04-26,14:00-15:00,0.0
第七教学楼,2019-04-26,15:00-16:00,0.0
第七教学楼,2019-04-26,16:00-17:00,0.0
第七教学楼,2019-04-26,17:00-18:00,0.0
第七教学楼,2019-04-26,18:00-19:00,0.0
第七教学楼,2019-04-26,19:00-20:00,0.0
第七教学楼,2019-04-26,20:00-21:00,0.0
第七教学楼,2019-04-26,21:00-22:00,0.0
第七教学楼,2019-04-26,22:00-23:00,0.0
第七教学楼,2019-04-26,23:00-24:00,0.0
第七教学楼,2019-04-27,00:00-01:00,0.0
第七教学楼,2019-04-27,01:00-02:00,0.0
第七教学楼,2019-04-27,02:00-03:00,0.0
第七教学楼,2019-04-27,03:00-04:00,0.0
第七教学楼,2019-04-27,04:00-05:00,0.0
第七教学楼,2019-04-27,05:00-06:00,0.0
第七教学楼,2019-04-27,06:00-07:00,0.0
第七教学楼,2019-04-27,07:00-08:00,0.0
第七教学楼,2019-04-27,08:00-09:00,0.0
第七教学楼,2019-04-27,09:00-10:00,0.0
第七教学楼,2019-04-27,10:00-11:00,0.0
第七教学楼,2019-04-27,11:00-12:00,0.0
第七教学楼,2019-04-27,12:00-13:00,0.0
第七教学楼,2019-04-27,13:00-14:00,0.0
第七教学楼,2019-04-27,14:00-15:00,0.0
第七教学楼,2019-04-27,15:00-16:00,0.0
第七教学楼,2019-04-27,16:00-17:00,0.0
第七教学楼,2019-04-27,17:00-18:00,0.0
第七教学楼,2019-04-27,18:00-19:00,0.0
第七教学楼,2019-04-27,19:00-20:00,0.0
第七教学楼,2019-04-27,20:00-21:00,0.0
第七教学楼,2019-04-27,21:00-22:00,0.0
第七教学楼,2019-04-27,22:00-23:00,0.0
第七教学楼,2019-04-27,23:00-24:00,0.0
第七教学楼,2019-04-28,00:00-01:00,0.0
第七教学楼,2019-04-28,01:00-02:00,0.0
第七教学楼,2019-04-28,02:00-03:00,0.0
第七教学楼,2019-04-28,03:00-04:00,0.0
第七教学楼,2019-04-28,04:00-05:00,0.0
第七教学楼,2019-04-28,05:00-06:00,0.0
第七教学楼,2019-04-28,06:00-07:00,0.0
第七教学楼,2019-04-28,07:00-08:00,0.0
第七教学楼,2019-04-28,08:00-09:00,0.0
第七教学楼,2019-04-28,09:00-10:00,0.0
第七教学楼,2019-04-28,10:00-11:00,0.0
第七教学楼,2019-04-28,11:00-12:00,0.0
第七教学楼,2019-04-28,12:00-13:00,0.0
第七教学楼,2019-04-28,13:00-14:00,0.0
第七教学楼,2019-04-28,14:00-15:00,0.0
第七教学楼,2019-04-28,15:00-16:00,0.0
第七教学楼,2019-04-28,16:00-17:00,0.0
第七教学楼,2019-04-28,17:00-18:00,0.0
第七教学楼,2019-04-28,18:00-19:00,0.0
第七教学楼,2019-04-28,19:00-20:00,0.0
第七教学楼,2019-04-28,20:00-21:00,0.0
第七教学楼,2019-04-28,21:00-22:00,0.0
第七教学楼,2019-04-28,22:00-23:00,0.0
第七教学楼,2019-04-28,23:00-24:00,0.0
第七教学楼,2019-04-29,00:00-01:00,0.0
第七教学楼,2019-04-29,01:00-02:00,0.0
第七教学楼,2019-04-29,02:00-03:00,0.0
第七教学楼,2019-04-29,03:00-04:00,0.0
第七教学楼,2019-04-29,04:00-05:00,0.0
第七教学楼,2019-04-29,05:00-06:00,0.0
第七教学楼,2019-04-29,06:00-07:00,0.0
第七教学楼,2019-04-29,07:00-08:00,0.0
第七教学楼,2019-04-29,08:00-09:00,0.0
第七教学楼,2019-04-29,09:00-10:00,0.0
第七教学楼,2019-04-29,10:00-11:00,0.0
第七教学楼,2019-04-29,11:00-12:00,0.0
第七教学楼,2019-04-29,12:00-13:00,0.0
第七教学楼,2019-04-29,13:00-14:00,0.0
第七教学楼,2019-04-29,14:00-15:00,0.0
第七教学楼,2019-04-29,15:00-16:00,0.0
第七教学楼,2019-04-29,16:00-17:00,0.0
第七教学楼,2019-04-29,17:00-18:00,0.0
第七教学楼,2019-04-29,18:00-19:00,0.0
第七教学楼,2019-04-29,19:00-20:00,0.0
第七教学楼,2019-04-29,20:00-21:00,0.0
第七教学楼,2019-04-29,21:00-22:00,0.0
第七教学楼,2019-04-29,22:00-23:00,0.0
第七教学楼,2019-04-29,23:00-24:00,0.0
第七教学楼,2019-04-30,00:00-01:00,0.0
第七教学楼,2019-04-30,01:00-02:00,0.0
第七教学楼,2019-04-30,02:00-03:00,0.0
第七教学楼,2019-04-30,03:00-04:00,0.0
第七教学楼,2019-04-30,04:00-05:00,0.0
第七教学楼,2019-04-30,05:00-06:00,0.0
第七教学楼,2019-04-30,06:00-07:00,0.0
第七教学楼,2019-04-30,07:00-08:00,0.0
第七教学楼,2019-04-30,08:00-09:00,0.0
第七教学楼,2019-04-30,09:00-10:00,0.0
第七教学楼,2019-04-30,10:00-11:00,0.0
第七教学楼,2019-04-30,11:00-12:00,0.0
第七教学楼,2019-04-30,12:00-13:00,0.0
第七教学楼,2019-04-30,13:00-14:00,0.0
第七教学楼,2019-04-30,14:00-15:00,0.0
第七教学楼,2019-04-30,15:00-16:00,0.0
第七教学楼,2019-04-30,16:00-17:00,0.0
第七教学楼,2019-04-30,17:00-18:00,20.0
第七教学楼,2019-04-30,18:00-19:00,0.0
第七教学楼,2019-04-30,19:00-20:00,0.0
第七教学楼,2019-04-30,20:00-21:00,20.0
第七教学楼,2019-04-30,21:00-22:00,0.0
第七教学楼,2019-04-30,22:00-23:00,0.0
第七教学楼,2019-04-30,23:00-24:00,0.0
第三食堂,2019-04-01,00:00-01:00,0.0
第三食堂,2019-04-01,01:00-02:00,0.0
第三食堂,2019-04-01,02:00-03:00,0.0
第三食堂,2019-04-01,03:00-04:00,0.0
第三食堂,2019-04-01,04:00-05:00,0.0
第三食堂,2019-04-01,05:00-06:00,0.0
第三食堂,2019-04-01,06:00-07:00,0.0
第三食堂,2019-04-01,07:00-08:00,0.0
第三食堂,2019-04-01,08:00-09:00,0.0
第三食堂,2019-04-01,09:00-10:00,8.5
第三食堂,2019-04-01,10:00-11:00,41.9
第三食堂,2019-04-01,11:00-12:00,3251.71
第三食堂,2019-04-01,12:00-13:00,3416.7
第三食堂,2019-04-01,13:00-14:00,63.5
第三食堂,2019-04-01,14:00-15:00,13.0
第三食堂,2019-04-01,15:00-16:00,0.0
第三食堂,2019-04-01,16:00-17:00,593.7
第三食堂,2019-04-01,17:00-18:00,1394.0
第三食堂,2019-04-01,18:00-19:00,1709.1
第三食堂,2019-04-01,19:00-20:00,512.8
第三食堂,2019-04-01,20:00-21:00,49.4
第三食堂,2019-04-01,21:00-22:00,27.3
第三食堂,2019-04-01,22:00-23:00,0.0
第三食堂,2019-04-01,23:00-24:00,0.0
第三食堂,2019-04-02,00:00-01:00,0.0
第三食堂,2019-04-02,01:00-02:00,0.0
第三食堂,2019-04-02,02:00-03:00,0.0
第三食堂,2019-04-02,03:00-04:00,0.0
第三食堂,2019-04-02,04:00-05:00,0.0
第三食堂,2019-04-02,05:00-06:00,0.0
第三食堂,2019-04-02,06:00-07:00,0.0
第三食堂,2019-04-02,07:00-08:00,76.5
第三食堂,2019-04-02,08:00-09:00,0.0
第三食堂,2019-04-02,09:00-10:00,30.8
第三食堂,2019-04-02,10:00-11:00,158.3
第三食堂,2019-04-02,11:00-12:00,3235.4
第三食堂,2019-04-02,12:00-13:00,2753.06
第三食堂,2019-04-02,13:00-14:00,0.0
第三食堂,2019-04-02,14:00-15:00,0.0
第三食堂,2019-04-02,15:00-16:00,179.6
第三食堂,2019-04-02,16:00-17:00,532.2
第三食堂,2019-04-02,17:00-18:00,1877.6
第三食堂,2019-04-02,18:00-19:00,1754.1
第三食堂,2019-04-02,19:00-20:00,393.6
第三食堂,2019-04-02,20:00-21:00,0.0
第三食堂,2019-04-02,21:00-22:00,166.8
第三食堂,2019-04-02,22:00-23:00,0.0
第三食堂,2019-04-02,23:00-24:00,0.0
第三食堂,2019-04-03,00:00-01:00,0.0
第三食堂,2019-04-03,01:00-02:00,0.0
第三食堂,2019-04-03,02:00-03:00,0.0
第三食堂,2019-04-03,03:00-04:00,0.0
第三食堂,2019-04-03,04:00-05:00,0.0
第三食堂,2019-04-03,05:00-06:00,0.0
第三食堂,2019-04-03,06:00-07:00,0.0
第三食堂,2019-04-03,07:00-08:00,0.0
第三食堂,2019-04-03,08:00-09:00,0.0
第三食堂,2019-04-03,09:00-10:00,54.5
第三食堂,2019-04-03,10:00-11:00,52.1
第三食堂,2019-04-03,11:00-12:00,2551.7
第三食堂,2019-04-03,12:00-13:00,2784.3
第三食堂,2019-04-03,13:00-14:00,50.0
第三食堂,2019-04-03,14:00-15:00,0.0
第三食堂,2019-04-03,15:00-16:00,58.6
第三食堂,2019-04-03,16:00-17:00,701.0
第三食堂,2019-04-03,17:00-18:00,2317.8
第三食堂,2019-04-03,18:00-19:00,2094.9
第三食堂,2019-04-03,19:00-20:00,263.0
第三食堂,2019-04-03,20:00-21:00,57.3
第三食堂,2019-04-03,21:00-22:00,15.0
第三食堂,2019-04-03,22:00-23:00,0.0
第三食堂,2019-04-03,23:00-24:00,0.0
第三食堂,2019-04-04,00:00-01:00,0.0
第三食堂,2019-04-04,01:00-02:00,0.0
第三食堂,2019-04-04,02:00-03:00,0.0
第三食堂,2019-04-04,03:00-04:00,0.0
第三食堂,2019-04-04,04:00-05:00,0.0
第三食堂,2019-04-04,05:00-06:00,0.0
第三食堂,2019-04-04,06:00-07:00,0.0
第三食堂,2019-04-04,07:00-08:00,76.0
第三食堂,2019-04-04,08:00-09:00,11.5
第三食堂,2019-04-04,09:00-10:00,11.5
第三食堂,2019-04-04,10:00-11:00,77.4
第三食堂,2019-04-04,11:00-12:00,2641.0
第三食堂,2019-04-04,12:00-13:00,3194.6
第三食堂,2019-04-04,13:00-14:00,117.1
第三食堂,2019-04-04,14:00-15:00,53.6
第三食堂,2019-04-04,15:00-16:00,0.0
第三食堂,2019-04-04,16:00-17:00,392.3
第三食堂,2019-04-04,17:00-18:00,2660.0
第三食堂,2019-04-04,18:00-19:00,1894.1
第三食堂,2019-04-04,19:00-20:00,389.9
第三食堂,2019-04-04,20:00-21:00,45.1
第三食堂,2019-04-04,21:00-22:00,11.9
第三食堂,2019-04-04,22:00-23:00,0.0
第三食堂,2019-04-04,23:00-24:00,0.0
第三食堂,2019-04-05,00:00-01:00,0.0
第三食堂,2019-04-05,01:00-02:00,0.0
第三食堂,2019-04-05,02:00-03:00,0.0
第三食堂,2019-04-05,03:00-04:00,0.0
第三食堂,2019-04-05,04:00-05:00,0.0
第三食堂,2019-04-05,05:00-06:00,0.0
第三食堂,2019-04-05,06:00-07:00,0.0
第三食堂,2019-04-05,07:00-08:00,0.0
第三食堂,2019-04-05,08:00-09:00,91.0
第三食堂,2019-04-05,09:00-10:00,107.0
第三食堂,2019-04-05,10:00-11:00,371.4
第三食堂,2019-04-05,11:00-12:00,2232.5
第三食堂,2019-04-05,12:00-13:00,1698.7
第三食堂,2019-04-05,13:00-14:00,191.4
第三食堂,2019-04-05,14:00-15:00,9.0
第三食堂,2019-04-05,15:00-16:00,0.0
第三食堂,2019-04-05,16:00-17:00,52.0
第三食堂,2019-04-05,17:00-18:00,1062.5
第三食堂,2019-04-05,18:00-19:00,1312.6
第三食堂,2019-04-05,19:00-20:00,553.4
第三食堂,2019-04-05,20:00-21:00,178.5
第三食堂,2019-04-05,21:00-22:00,241.8
第三食堂,2019-04-05,22:00-23:00,0.0
第三食堂,2019-04-05,23:00-24:00,0.0
第三食堂,2019-04-06,00:00-01:00,0.0
第三食堂,2019-04-06,01:00-02:00,0.0
第三食堂,2019-04-06,02:00-03:00,0.0
第三食堂,2019-04-06,03:00-04:00,0.0
第三食堂,2019-04-06,04:00-05:00,0.0
第三食堂,2019-04-06,05:00-06:00,0.0
第三食堂,2019-04-06,06:00-07:00,0.0
第三食堂,2019-04-06,07:00-08:00,0.0
第三食堂,2019-04-06,08:00-09:00,79.5
第三食堂,2019-04-06,09:00-10:00,128.4
第三食堂,2019-04-06,10:00-11:00,236.0
第三食堂,2019-04-06,11:00-12:00,2237.2
第三食堂,2019-04-06,12:00-13:00,1496.8
第三食堂,2019-04-06,13:00-14:00,133.0
第三食堂,2019-04-06,14:00-15:00,0.0
第三食堂,2019-04-06,15:00-16:00,30.8
第三食堂,2019-04-06,16:00-17:00,114.4
第三食堂,2019-04-06,17:00-18:00,1241.1
第三食堂,2019-04-06,18:00-19:00,1346.7
第三食堂,2019-04-06,19:00-20:00,373.9
第三食堂,2019-04-06,20:00-21:00,153.8
第三食堂,2019-04-06,21:00-22:00,201.6
第三食堂,2019-04-06,22:00-23:00,0.0
第三食堂,2019-04-06,23:00-24:00,0.0
第三食堂,2019-04-07,00:00-01:00,0.0
第三食堂,2019-04-07,01:00-02:00,0.0
第三食堂,2019-04-07,02:00-03:00,0.0
第三食堂,2019-04-07,03:00-04:00,0.0
第三食堂,2019-04-07,04:00-05:00,0.0
第三食堂,2019-04-07,05:00-06:00,0.0
第三食堂,2019-04-07,06:00-07:00,0.0
第三食堂,2019-04-07,07:00-08:00,0.0
第三食堂,2019-04-07,08:00-09:00,7.0
第三食堂,2019-04-07,09:00-10:00,53.5
第三食堂,2019-04-07,10:00-11:00,331.6
第三食堂,2019-04-07,11:00-12:00,2708.7
第三食堂,2019-04-07,12:00-13:00,1716.0
第三食堂,2019-04-07,13:00-14:00,263.2
第三食堂,2019-04-07,14:00-15:00,84.0
第三食堂,2019-04-07,15:00-16:00,0.0
第三食堂,2019-04-07,16:00-17:00,78.0
第三食堂,2019-04-07,17:00-18:00,1129.8
第三食堂,2019-04-07,18:00-19:00,1219.4
第三食堂,2019-04-07,19:00-20:00,306.2
第三食堂,2019-04-07,20:00-21:00,76.8
第三食堂,2019-04-07,21:00-22:00,6.0
第三食堂,2019-04-07,22:00-23:00,0.0
第三食堂,2019-04-07,23:00-24:00,0.0
第三食堂,2019-04-08,00:00-01:00,0.0
第三食堂,2019-04-08,01:00-02:00,0.0
第三食堂,2019-04-08,02:00-03:00,0.0
第三食堂,2019-04-08,03:00-04:00,0.0
第三食堂,2019-04-08,04:00-05:00,0.0
第三食堂,2019-04-08,05:00-06:00,0.0
第三食堂,2019-04-08,06:00-07:00,0.0
第三食堂,2019-04-08,07:00-08:00,37.5
第三食堂,2019-04-08,08:00-09:00,27.5
第三食堂,2019-04-08,09:00-10:00,7.0
第三食堂,2019-04-08,10:00-11:00,73.0
第三食堂,2019-04-08,11:00-12:00,3303.6
第三食堂,2019-04-08,12:00-13:00,2756.29
第三食堂,2019-04-08,13:00-14:00,31.8
第三食堂,2019-04-08,14:00-15:00,0.0
第三食堂,2019-04-08,15:00-16:00,20.4
第三食堂,2019-04-08,16:00-17:00,782.9
第三食堂,2019-04-08,17:00-18:00,2101.0
第三食堂,2019-04-08,18:00-19:00,2279.6
第三食堂,2019-04-08,19:00-20:00,477.0
第三食堂,2019-04-08,20:00-21:00,72.4
第三食堂,2019-04-08,21:00-22:00,11.8
第三食堂,2019-04-08,22:00-23:00,0.0
第三食堂,2019-04-08,23:00-24:00,0.0
第三食堂,2019-04-09,00:00-01:00,0.0
第三食堂,2019-04-09,01:00-02:00,0.0
第三食堂,2019-04-09,02:00-03:00,0.0
第三食堂,2019-04-09,03:00-04:00,0.0
第三食堂,2019-04-09,04:00-05:00,0.0
第三食堂,2019-04-09,05:00-06:00,0.0
第三食堂,2019-04-09,06:00-07:00,0.0
第三食堂,2019-04-09,07:00-08:00,51.0
第三食堂,2019-04-09,08:00-09:00,11.0
第三食堂,2019-04-09,09:00-10:00,17.0
第三食堂,2019-04-09,10:00-11:00,72.5
第三食堂,2019-04-09,11:00-12:00,3031.05
第三食堂,2019-04-09,12:00-13:00,3266.8
第三食堂,2019-04-09,13:00-14:00,183.9
第三食堂,2019-04-09,14:00-15:00,0.0
第三食堂,2019-04-09,15:00-16:00,0.0
第三食堂,2019-04-09,16:00-17:00,1164.4
第三食堂,2019-04-09,17:00-18:00,1795.6
第三食堂,2019-04-09,18:00-19:00,2424.7
第三食堂,2019-04-09,19:00-20:00,348.3
第三食堂,2019-04-09,20:00-21:00,55.8
第三食堂,2019-04-09,21:00-22:00,27.5
第三食堂,2019-04-09,22:00-23:00,0.0
第三食堂,2019-04-09,23:00-24:00,0.0
第三食堂,2019-04-10,00:00-01:00,0.0
第三食堂,2019-04-10,01:00-02:00,0.0
第三食堂,2019-04-10,02:00-03:00,0.0
第三食堂,2019-04-10,03:00-04:00,0.0
第三食堂,2019-04-10,04:00-05:00,0.0
第三食堂,2019-04-10,05:00-06:00,0.0
第三食堂,2019-04-10,06:00-07:00,0.0
第三食堂,2019-04-10,07:00-08:00,55.5
第三食堂,2019-04-10,08:00-09:00,27.5
第三食堂,2019-04-10,09:00-10:00,17.0
第三食堂,2019-04-10,10:00-11:00,14.1
第三食堂,2019-04-10,11:00-12:00,3052.65
第三食堂,2019-04-10,12:00-13:00,3713.8
第三食堂,2019-04-10,13:00-14:00,27.5
第三食堂,2019-04-10,14:00-15:00,0.0
第三食堂,2019-04-10,15:00-16:00,309.0
第三食堂,2019-04-10,16:00-17:00,701.2
第三食堂,2019-04-10,17:00-18:00,1513.4
第三食堂,2019-04-10,18:00-19:00,2256.9
第三食堂,2019-04-10,19:00-20:00,342.6
第三食堂,2019-04-10,20:00-21:00,0.0
第三食堂,2019-04-10,21:00-22:00,13.0
第三食堂,2019-04-10,22:00-23:00,0.0
第三食堂,2019-04-10,23:00-24:00,0.0
第三食堂,2019-04-11,00:00-01:00,0.0
第三食堂,2019-04-11,01:00-02:00,0.0
第三食堂,2019-04-11,02:00-03:00,0.0
第三食堂,2019-04-11,03:00-04:00,0.0
第三食堂,2019-04-11,04:00-05:00,0.0
第三食堂,2019-04-11,05:00-06:00,0.0
第三食堂,2019-04-11,06:00-07:00,0.0
第三食堂,2019-04-11,07:00-08:00,42.3
第三食堂,2019-04-11,08:00-09:00,4.3
第三食堂,2019-04-11,09:00-10:00,33.0
第三食堂,2019-04-11,10:00-11:00,140.3
第三食堂,2019-04-11,11:00-12:00,2937.6
第三食堂,2019-04-11,12:00-13:00,3029.6
第三食堂,2019-04-11,13:00-14:00,88.0
第三食堂,2019-04-11,14:00-15:00,0.0
第三食堂,2019-04-11,15:00-16:00,0.0
第三食堂,2019-04-11,16:00-17:00,367.0
第三食堂,2019-04-11,17:00-18:00,2494.2
第三食堂,2019-04-11,18:00-19:00,1811.1
第三食堂,2019-04-11,19:00-20:00,448.5
第三食堂,2019-04-11,20:00-21:00,26.0
第三食堂,2019-04-11,21:00-22:00,0.0
第三食堂,2019-04-11,22:00-23:00,0.0
第三食堂,2019-04-11,23:00-24:00,0.0
第三食堂,2019-04-12,00:00-01:00,81.8
第三食堂,2019-04-12,01:00-02:00,0.0
第三食堂,2019-04-12,02:00-03:00,0.0
第三食堂,2019-04-12,03:00-04:00,0.0
第三食堂,2019-04-12,04:00-05:00,0.0
第三食堂,2019-04-12,05:00-06:00,0.0
第三食堂,2019-04-12,06:00-07:00,0.0
第三食堂,2019-04-12,07:00-08:00,19.3
第三食堂,2019-04-12,08:00-09:00,23.5
第三食堂,2019-04-12,09:00-10:00,10.5
第三食堂,2019-04-12,10:00-11:00,148.5
第三食堂,2019-04-12,11:00-12:00,3120.4
第三食堂,2019-04-12,12:00-13:00,2417.8
第三食堂,2019-04-12,13:00-14:00,52.0
第三食堂,2019-04-12,14:00-15:00,0.0
第三食堂,2019-04-12,15:00-16:00,2686.7
第三食堂,2019-04-12,16:00-17:00,478.1
第三食堂,2019-04-12,17:00-18:00,2001.2
第三食堂,2019-04-12,18:00-19:00,1484.5
第三食堂,2019-04-12,19:00-20:00,385.0
第三食堂,2019-04-12,20:00-21:00,34.7
第三食堂,2019-04-12,21:00-22:00,28.7
第三食堂,2019-04-12,22:00-23:00,0.0
第三食堂,2019-04-12,23:00-24:00,0.0
第三食堂,2019-04-13,00:00-01:00,0.0
第三食堂,2019-04-13,01:00-02:00,0.0
第三食堂,2019-04-13,02:00-03:00,0.0
第三食堂,2019-04-13,03:00-04:00,0.0
第三食堂,2019-04-13,04:00-05:00,0.0
第三食堂,2019-04-13,05:00-06:00,0.0
第三食堂,2019-04-13,06:00-07:00,0.0
第三食堂,2019-04-13,07:00-08:00,13.0
第三食堂,2019-04-13,08:00-09:00,28.5
第三食堂,2019-04-13,09:00-10:00,49.9
第三食堂,2019-04-13,10:00-11:00,216.5
第三食堂,2019-04-13,11:00-12:00,1870.3
第三食堂,2019-04-13,12:00-13:00,949.9
第三食堂,2019-04-13,13:00-14:00,70.5
第三食堂,2019-04-13,14:00-15:00,0.0
第三食堂,2019-04-13,15:00-16:00,10.0
第三食堂,2019-04-13,16:00-17:00,141.1
第三食堂,2019-04-13,17:00-18:00,1129.4
第三食堂,2019-04-13,18:00-19:00,997.1
第三食堂,2019-04-13,19:00-20:00,471.1
第三食堂,2019-04-13,20:00-21:00,30.6
第三食堂,2019-04-13,21:00-22:00,10.0
第三食堂,2019-04-13,22:00-23:00,14.0
第三食堂,2019-04-13,23:00-24:00,0.0
第三食堂,2019-04-14,00:00-01:00,0.0
第三食堂,2019-04-14,01:00-02:00,0.0
第三食堂,2019-04-14,02:00-03:00,0.0
第三食堂,2019-04-14,03:00-04:00,0.0
第三食堂,2019-04-14,04:00-05:00,0.0
第三食堂,2019-04-14,05:00-06:00,0.0
第三食堂,2019-04-14,06:00-07:00,0.0
第三食堂,2019-04-14,07:00-08:00,3.5
第三食堂,2019-04-14,08:00-09:00,18.5
第三食堂,2019-04-14,09:00-10:00,46.5
第三食堂,2019-04-14,10:00-11:00,197.4
第三食堂,2019-04-14,11:00-12:00,1527.7
第三食堂,2019-04-14,12:00-13:00,1258.7
第三食堂,2019-04-14,13:00-14:00,85.3
第三食堂,2019-04-14,14:00-15:00,26.0
第三食堂,2019-04-14,15:00-16:00,0.0
第三食堂,2019-04-14,16:00-17:00,39.3
第三食堂,2019-04-14,17:00-18:00,1054.9
第三食堂,2019-04-14,18:00-19:00,1233.8
第三食堂,2019-04-14,19:00-20:00,405.4
第三食堂,2019-04-14,20:00-21:00,65.0
第三食堂,2019-04-14,21:00-22:00,26.2
第三食堂,2019-04-14,22:00-23:00,0.0
第三食堂,2019-04-14,23:00-24:00,0.0
第三食堂,2019-04-15,00:00-01:00,0.0
第三食堂,2019-04-15,01:00-02:00,0.0
第三食堂,2019-04-15,02:00-03:00,0.0
第三食堂,2019-04-15,03:00-04:00,0.0
第三食堂,2019-04-15,04:00-05:00,0.0
第三食堂,2019-04-15,05:00-06:00,0.0
第三食堂,2019-04-15,06:00-07:00,0.0
第三食堂,2019-04-15,07:00-08:00,23.8
第三食堂,2019-04-15,08:00-09:00,32.0
第三食堂,2019-04-15,09:00-10:00,12.8
第三食堂,2019-04-15,10:00-11:00,125.3
第三食堂,2019-04-15,11:00-12:00,3244.2
第三食堂,2019-04-15,12:00-13:00,2283.3
第三食堂,2019-04-15,13:00-14:00,82.0
第三食堂,2019-04-15,14:00-15:00,0.0
第三食堂,2019-04-15,15:00-16:00,31.2
第三食堂,2019-04-15,16:00-17:00,903.1
第三食堂,2019-04-15,17:00-18:00,2255.6
第三食堂,2019-04-15,18:00-19:00,1881.3
第三食堂,2019-04-15,19:00-20:00,527.2
第三食堂,2019-04-15,20:00-21:00,44.7
第三食堂,2019-04-15,21:00-22:00,25.6
第三食堂,2019-04-15,22:00-23:00,0.0
第三食堂,2019-04-15,23:00-24:00,0.0
第三食堂,2019-04-16,00:00-01:00,0.0
第三食堂,2019-04-16,01:00-02:00,0.0
第三食堂,2019-04-16,02:00-03:00,0.0
第三食堂,2019-04-16,03:00-04:00,0.0
第三食堂,2019-04-16,04:00-05:00,0.0
第三食堂,2019-04-16,05:00-06:00,0.0
第三食堂,2019-04-16,06:00-07:00,0.0
第三食堂,2019-04-16,07:00-08:00,82.7
第三食堂,2019-04-16,08:00-09:00,12.0
第三食堂,2019-04-16,09:00-10:00,38.0
第三食堂,2019-04-16,10:00-11:00,38.9
第三食堂,2019-04-16,11:00-12:00,3310.5
第三食堂,2019-04-16,12:00-13:00,3179.5
第三食堂,2019-04-16,13:00-14:00,71.5
第三食堂,2019-04-16,14:00-15:00,8.0
第三食堂,2019-04-16,15:00-16:00,0.0
第三食堂,2019-04-16,16:00-17:00,611.3
第三食堂,2019-04-16,17:00-18:00,1577.7
第三食堂,2019-04-16,18:00-19:00,2487.8
第三食堂,2019-04-16,19:00-20:00,405.1
第三食堂,2019-04-16,20:00-21:00,44.1
第三食堂,2019-04-16,21:00-22:00,0.0
第三食堂,2019-04-16,22:00-23:00,0.0
第三食堂,2019-04-16,23:00-24:00,0.0
第三食堂,2019-04-17,00:00-01:00,0.0
第三食堂,2019-04-17,01:00-02:00,0.0
第三食堂,2019-04-17,02:00-03:00,0.0
第三食堂,2019-04-17,03:00-04:00,0.0
第三食堂,2019-04-17,04:00-05:00,0.0
第三食堂,2019-04-17,05:00-06:00,0.0
第三食堂,2019-04-17,06:00-07:00,0.0
第三食堂,2019-04-17,07:00-08:00,66.6
第三食堂,2019-04-17,08:00-09:00,11.2
第三食堂,2019-04-17,09:00-10:00,38.0
第三食堂,2019-04-17,10:00-11:00,142.6
第三食堂,2019-04-17,11:00-12:00,3155.4
第三食堂,2019-04-17,12:00-13:00,3268.1
第三食堂,2019-04-17,13:00-14:00,51.5
第三食堂,2019-04-17,14:00-15:00,0.0
第三食堂,2019-04-17,15:00-16:00,7.0
第三食堂,2019-04-17,16:00-17:00,883.0
第三食堂,2019-04-17,17:00-18:00,2400.7
第三食堂,2019-04-17,18:00-19:00,2274.5
第三食堂,2019-04-17,19:00-20:00,191.9
第三食堂,2019-04-17,20:00-21:00,91.2
第三食堂,2019-04-17,21:00-22:00,0.0
第三食堂,2019-04-17,22:00-23:00,0.0
第三食堂,2019-04-17,23:00-24:00,0.0
第三食堂,2019-04-18,00:00-01:00,0.0
第三食堂,2019-04-18,01:00-02:00,0.0
第三食堂,2019-04-18,02:00-03:00,0.0
第三食堂,2019-04-18,03:00-04:00,0.0
第三食堂,2019-04-18,04:00-05:00,0.0
第三食堂,2019-04-18,05:00-06:00,0.0
第三食堂,2019-04-18,06:00-07:00,0.0
第三食堂,2019-04-18,07:00-08:00,72.0
第三食堂,2019-04-18,08:00-09:00,21.0
第三食堂,2019-04-18,09:00-10:00,28.0
第三食堂,2019-04-18,10:00-11:00,172.3
第三食堂,2019-04-18,11:00-12:00,2760.3
第三食堂,2019-04-18,12:00-13:00,2907.5
第三食堂,2019-04-18,13:00-14:00,108.8
第三食堂,2019-04-18,14:00-15:00,0.0
第三食堂,2019-04-18,15:00-16:00,0.0
第三食堂,2019-04-18,16:00-17:00,313.3
第三食堂,2019-04-18,17:00-18:00,2252.36
第三食堂,2019-04-18,18:00-19:00,2339.4
第三食堂,2019-04-18,19:00-20:00,665.0
第三食堂,2019-04-18,20:00-21:00,77.4
第三食堂,2019-04-18,21:00-22:00,23.9
第三食堂,2019-04-18,22:00-23:00,0.0
第三食堂,2019-04-18,23:00-24:00,0.0
第三食堂,2019-04-19,00:00-01:00,0.0
第三食堂,2019-04-19,01:00-02:00,0.0
第三食堂,2019-04-19,02:00-03:00,0.0
第三食堂,2019-04-19,03:00-04:00,0.0
第三食堂,2019-04-19,04:00-05:00,0.0
第三食堂,2019-04-19,05:00-06:00,0.0
第三食堂,2019-04-19,06:00-07:00,0.0
第三食堂,2019-04-19,07:00-08:00,23.8
第三食堂,2019-04-19,08:00-09:00,0.0
第三食堂,2019-04-19,09:00-10:00,57.5
第三食堂,2019-04-19,10:00-11:00,78.0
第三食堂,2019-04-19,11:00-12:00,2652.0
第三食堂,2019-04-19,12:00-13:00,2938.1
第三食堂,2019-04-19,13:00-14:00,43.0
第三食堂,2019-04-19,14:00-15:00,0.0
第三食堂,2019-04-19,15:00-16:00,9.3
第三食堂,2019-04-19,16:00-17:00,398.2
第三食堂,2019-04-19,17:00-18:00,1871.8
第三食堂,2019-04-19,18:00-19:00,1898.9
第三食堂,2019-04-19,19:00-20:00,401.1
第三食堂,2019-04-19,20:00-21:00,59.4
第三食堂,2019-04-19,21:00-22:00,60.3
第三食堂,2019-04-19,22:00-23:00,18.3
第三食堂,2019-04-19,23:00-24:00,0.0
第三食堂,2019-04-20,00:00-01:00,0.0
第三食堂,2019-04-20,01:00-02:00,0.0
第三食堂,2019-04-20,02:00-03:00,0.0
第三食堂,2019-04-20,03:00-04:00,0.0
第三食堂,2019-04-20,04:00-05:00,0.0
第三食堂,2019-04-20,05:00-06:00,0.0
第三食堂,2019-04-20,06:00-07:00,0.0
第三食堂,2019-04-20,07:00-08:00,0.0
第三食堂,2019-04-20,08:00-09:00,14.0
第三食堂,2019-04-20,09:00-10:00,47.5
第三食堂,2019-04-20,10:00-11:00,281.8
第三食堂,2019-04-20,11:00-12:00,2627.5
第三食堂,2019-04-20,12:00-13:00,1669.6
第三食堂,2019-04-20,13:00-14:00,145.6
第三食堂,2019-04-20,14:00-15:00,0.0
第三食堂,2019-04-20,15:00-16:00,23.0
第三食堂,2019-04-20,16:00-17:00,119.8
第三食堂,2019-04-20,17:00-18:00,1453.6
第三食堂,2019-04-20,18:00-19:00,1274.5
第三食堂,2019-04-20,19:00-20:00,355.9
第三食堂,2019-04-20,20:00-21:00,58.9
第三食堂,2019-04-20,21:00-22:00,0.0
第三食堂,2019-04-20,22:00-23:00,0.0
第三食堂,2019-04-20,23:00-24:00,0.0
第三食堂,2019-04-21,00:00-01:00,0.0
第三食堂,2019-04-21,01:00-02:00,0.0
第三食堂,2019-04-21,02:00-03:00,0.0
第三食堂,2019-04-21,03:00-04:00,0.0
第三食堂,2019-04-21,04:00-05:00,0.0
第三食堂,2019-04-21,05:00-06:00,0.0
第三食堂,2019-04-21,06:00-07:00,0.0
第三食堂,2019-04-21,07:00-08:00,0.0
第三食堂,2019-04-21,08:00-09:00,11.0
第三食堂,2019-04-21,09:00-10:00,11.5
第三食堂,2019-04-21,10:00-11:00,208.8
第三食堂,2019-04-21,11:00-12:00,2241.4
第三食堂,2019-04-21,12:00-13:00,1457.3
第三食堂,2019-04-21,13:00-14:00,204.4
第三食堂,2019-04-21,14:00-15:00,24.5
第三食堂,2019-04-21,15:00-16:00,10.2
第三食堂,2019-04-21,16:00-17:00,175.7
第三食堂,2019-04-21,17:00-18:00,1257.3
第三食堂,2019-04-21,18:00-19:00,1203.7
第三食堂,2019-04-21,19:00-20:00,309.2
第三食堂,2019-04-21,20:00-21:00,57.0
第三食堂,2019-04-21,21:00-22:00,6.5
第三食堂,2019-04-21,22:00-23:00,28.0
第三食堂,2019-04-21,23:00-24:00,0.0
第三食堂,2019-04-22,00:00-01:00,0.0
第三食堂,2019-04-22,01:00-02:00,0.0
第三食堂,2019-04-22,02:00-03:00,0.0
第三食堂,2019-04-22,03:00-04:00,0.0
第三食堂,2019-04-22,04:00-05:00,0.0
第三食堂,2019-04-22,05:00-06:00,0.0
第三食堂,2019-04-22,06:00-07:00,0.0
第三食堂,2019-04-22,07:00-08:00,0.0
第三食堂,2019-04-22,08:00-09:00,0.0
第三食堂,2019-04-22,09:00-10:00,33.0
第三食堂,2019-04-22,10:00-11:00,67.7
第三食堂,2019-04-22,11:00-12:00,3217.1
第三食堂,2019-04-22,12:00-13:00,2940.8
第三食堂,2019-04-22,13:00-14:00,106.0
第三食堂,2019-04-22,14:00-15:00,0.0
第三食堂,2019-04-22,15:00-16:00,0.0
第三食堂,2019-04-22,16:00-17:00,1042.7
第三食堂,2019-04-22,17:00-18:00,2385.9
第三食堂,2019-04-22,18:00-19:00,2146.8
第三食堂,2019-04-22,19:00-20:00,307.2
第三食堂,2019-04-22,20:00-21:00,76.9
第三食堂,2019-04-22,21:00-22:00,33.0
第三食堂,2019-04-22,22:00-23:00,9.0
第三食堂,2019-04-22,23:00-24:00,0.0
第三食堂,2019-04-23,00:00-01:00,0.0
第三食堂,2019-04-23,01:00-02:00,0.0
第三食堂,2019-04-23,02:00-03:00,0.0
第三食堂,2019-04-23,03:00-04:00,0.0
第三食堂,2019-04-23,04:00-05:00,0.0
第三食堂,2019-04-23,05:00-06:00,0.0
第三食堂,2019-04-23,06:00-07:00,0.0
第三食堂,2019-04-23,07:00-08:00,3.0
第三食堂,2019-04-23,08:00-09:00,8.0
第三食堂,2019-04-23,09:00-10:00,30.2
第三食堂,2019-04-23,10:00-11:00,75.2
第三食堂,2019-04-23,11:00-12:00,3205.2
第三食堂,2019-04-23,12:00-13:00,3446.7
第三食堂,2019-04-23,13:00-14:00,24.0
第三食堂,2019-04-23,14:00-15:00,10.0
第三食堂,2019-04-23,15:00-16:00,0.0
第三食堂,2019-04-23,16:00-17:00,1014.15
第三食堂,2019-04-23,17:00-18:00,1983.0
第三食堂,2019-04-23,18:00-19:00,2036.2
第三食堂,2019-04-23,19:00-20:00,397.4
第三食堂,2019-04-23,20:00-21:00,24.9
第三食堂,2019-04-23,21:00-22:00,10.0
第三食堂,2019-04-23,22:00-23:00,0.0
第三食堂,2019-04-23,23:00-24:00,0.0
第三食堂,2019-04-24,00:00-01:00,0.0
第三食堂,2019-04-24,01:00-02:00,0.0
第三食堂,2019-04-24,02:00-03:00,0.0
第三食堂,2019-04-24,03:00-04:00,0.0
第三食堂,2019-04-24,04:00-05:00,0.0
第三食堂,2019-04-24,05:00-06:00,0.0
第三食堂,2019-04-24,06:00-07:00,0.0
第三食堂,2019-04-24,07:00-08:00,51.8
第三食堂,2019-04-24,08:00-09:00,15.0
第三食堂,2019-04-24,09:00-10:00,22.0
第三食堂,2019-04-24,10:00-11:00,94.9
第三食堂,2019-04-24,11:00-12:00,2815.9
第三食堂,2019-04-24,12:00-13:00,3455.3
第三食堂,2019-04-24,13:00-14:00,7.0
第三食堂,2019-04-24,14:00-15:00,0.0
第三食堂,2019-04-24,15:00-16:00,45.5
第三食堂,2019-04-24,16:00-17:00,1066.7
第三食堂,2019-04-24,17:00-18:00,1931.4
第三食堂,2019-04-24,18:00-19:00,1720.49
第三食堂,2019-04-24,19:00-20:00,310.7
第三食堂,2019-04-24,20:00-21:00,15.0
第三食堂,2019-04-24,21:00-22:00,18.4
第三食堂,2019-04-24,22:00-23:00,0.0
第三食堂,2019-04-24,23:00-24:00,0.0
第三食堂,2019-04-25,00:00-01:00,0.0
第三食堂,2019-04-25,01:00-02:00,0.0
第三食堂,2019-04-25,02:00-03:00,0.0
第三食堂,2019-04-25,03:00-04:00,0.0
第三食堂,2019-04-25,04:00-05:00,0.0
第三食堂,2019-04-25,05:00-06:00,0.0
第三食堂,2019-04-25,06:00-07:00,0.0
第三食堂,2019-04-25,07:00-08:00,60.58
第三食堂,2019-04-25,08:00-09:00,24.3
第三食堂,2019-04-25,09:00-10:00,41.0
第三食堂,2019-04-25,10:00-11:00,197.55
第三食堂,2019-04-25,11:00-12:00,3062.1
第三食堂,2019-04-25,12:00-13:00,3140.9
第三食堂,2019-04-25,13:00-14:00,111.6
第三食堂,2019-04-25,14:00-15:00,44.0
第三食堂,2019-04-25,15:00-16:00,36.0
第三食堂,2019-04-25,16:00-17:00,446.8
第三食堂,2019-04-25,17:00-18:00,2069.6
第三食堂,2019-04-25,18:00-19:00,2427.1
第三食堂,2019-04-25,19:00-20:00,469.1
第三食堂,2019-04-25,20:00-21:00,28.0
第三食堂,2019-04-25,21:00-22:00,7.7
第三食堂,2019-04-25,22:00-23:00,0.0
第三食堂,2019-04-25,23:00-24:00,0.0
第三食堂,2019-04-26,00:00-01:00,0.0
第三食堂,2019-04-26,01:00-02:00,0.0
第三食堂,2019-04-26,02:00-03:00,0.0
第三食堂,2019-04-26,03:00-04:00,0.0
第三食堂,2019-04-26,04:00-05:00,0.0
第三食堂,2019-04-26,05:00-06:00,0.0
第三食堂,2019-04-26,06:00-07:00,0.0
第三食堂,2019-04-26,07:00-08:00,5.5
第三食堂,2019-04-26,08:00-09:00,0.0
第三食堂,2019-04-26,09:00-10:00,75.0
第三食堂,2019-04-26,10:00-11:00,332.8
第三食堂,2019-04-26,11:00-12:00,2820.5
第三食堂,2019-04-26,12:00-13:00,2593.3
第三食堂,2019-04-26,13:00-14:00,47.0
第三食堂,2019-04-26,14:00-15:00,0.0
第三食堂,2019-04-26,15:00-16:00,8.3
第三食堂,2019-04-26,16:00-17:00,434.7
第三食堂,2019-04-26,17:00-18:00,1014.4
第三食堂,2019-04-26,18:00-19:00,1228.3
第三食堂,2019-04-26,19:00-20:00,352.5
第三食堂,2019-04-26,20:00-21:00,0.0
第三食堂,2019-04-26,21:00-22:00,27.6
第三食堂,2019-04-26,22:00-23:00,0.0
第三食堂,2019-04-26,23:00-24:00,0.0
第三食堂,2019-04-27,00:00-01:00,0.0
第三食堂,2019-04-27,01:00-02:00,0.0
第三食堂,2019-04-27,02:00-03:00,0.0
第三食堂,2019-04-27,03:00-04:00,0.0
第三食堂,2019-04-27,04:00-05:00,0.0
第三食堂,2019-04-27,05:00-06:00,0.0
第三食堂,2019-04-27,06:00-07:00,0.0
第三食堂,2019-04-27,07:00-08:00,0.0
第三食堂,2019-04-27,08:00-09:00,0.0
第三食堂,2019-04-27,09:00-10:00,0.0
第三食堂,2019-04-27,10:00-11:00,0.0
第三食堂,2019-04-27,11:00-12:00,0.0
第三食堂,2019-04-27,12:00-13:00,0.0
第三食堂,2019-04-27,13:00-14:00,0.0
第三食堂,2019-04-27,14:00-15:00,0.0
第三食堂,2019-04-27,15:00-16:00,0.0
第三食堂,2019-04-27,16:00-17:00,0.0
第三食堂,2019-04-27,17:00-18:00,0.0
第三食堂,2019-04-27,18:00-19:00,0.0
第三食堂,2019-04-27,19:00-20:00,0.0
第三食堂,2019-04-27,20:00-21:00,0.0
第三食堂,2019-04-27,21:00-22:00,0.0
第三食堂,2019-04-27,22:00-23:00,0.0
第三食堂,2019-04-27,23:00-24:00,0.0
第三食堂,2019-04-28,00:00-01:00,0.0
第三食堂,2019-04-28,01:00-02:00,0.0
第三食堂,2019-04-28,02:00-03:00,0.0
第三食堂,2019-04-28,03:00-04:00,0.0
第三食堂,2019-04-28,04:00-05:00,0.0
第三食堂,2019-04-28,05:00-06:00,0.0
第三食堂,2019-04-28,06:00-07:00,0.0
第三食堂,2019-04-28,07:00-08:00,0.0
第三食堂,2019-04-28,08:00-09:00,0.0
第三食堂,2019-04-28,09:00-10:00,0.0
第三食堂,2019-04-28,10:00-11:00,0.0
第三食堂,2019-04-28,11:00-12:00,0.0
第三食堂,2019-04-28,12:00-13:00,0.0
第三食堂,2019-04-28,13:00-14:00,0.0
第三食堂,2019-04-28,14:00-15:00,0.0
第三食堂,2019-04-28,15:00-16:00,0.0
第三食堂,2019-04-28,16:00-17:00,0.0
第三食堂,2019-04-28,17:00-18:00,0.0
第三食堂,2019-04-28,18:00-19:00,0.0
第三食堂,2019-04-28,19:00-20:00,0.0
第三食堂,2019-04-28,20:00-21:00,0.0
第三食堂,2019-04-28,21:00-22:00,0.0
第三食堂,2019-04-28,22:00-23:00,0.0
第三食堂,2019-04-28,23:00-24:00,0.0
第三食堂,2019-04-29,00:00-01:00,0.0
第三食堂,2019-04-29,01:00-02:00,0.0
第三食堂,2019-04-29,02:00-03:00,0.0
第三食堂,2019-04-29,03:00-04:00,0.0
第三食堂,2019-04-29,04:00-05:00,0.0
第三食堂,2019-04-29,05:00-06:00,0.0
第三食堂,2019-04-29,06:00-07:00,0.0
第三食堂,2019-04-29,07:00-08:00,28.0
第三食堂,2019-04-29,08:00-09:00,40.0
第三食堂,2019-04-29,09:00-10:00,35.0
第三食堂,2019-04-29,10:00-11:00,110.2
第三食堂,2019-04-29,11:00-12:00,2481.4
第三食堂,2019-04-29,12:00-13:00,1761.3
第三食堂,2019-04-29,13:00-14:00,120.5
第三食堂,2019-04-29,14:00-15:00,6.0
第三食堂,2019-04-29,15:00-16:00,11.5
第三食堂,2019-04-29,16:00-17:00,143.8
第三食堂,2019-04-29,17:00-18:00,1043.6
第三食堂,2019-04-29,18:00-19:00,1248.0
第三食堂,2019-04-29,19:00-20:00,523.7
第三食堂,2019-04-29,20:00-21:00,33.3
第三食堂,2019-04-29,21:00-22:00,23.3
第三食堂,2019-04-29,22:00-23:00,14.0
第三食堂,2019-04-29,23:00-24:00,0.0
第三食堂,2019-04-30,00:00-01:00,0.0
第三食堂,2019-04-30,01:00-02:00,0.0
第三食堂,2019-04-30,02:00-03:00,0.0
第三食堂,2019-04-30,03:00-04:00,0.0
第三食堂,2019-04-30,04:00-05:00,0.0
第三食堂,2019-04-30,05:00-06:00,0.0
第三食堂,2019-04-30,06:00-07:00,0.0
第三食堂,2019-04-30,07:00-08:00,50.0
第三食堂,2019-04-30,08:00-09:00,16.5
第三食堂,2019-04-30,09:00-10:00,5.5
第三食堂,2019-04-30,10:00-11:00,215.1
第三食堂,2019-04-30,11:00-12:00,2378.96
第三食堂,2019-04-30,12:00-13:00,1039.1
第三食堂,2019-04-30,13:00-14:00,99.3
第三食堂,2019-04-30,14:00-15:00,39.9
第三食堂,2019-04-30,15:00-16:00,18.0
第三食堂,2019-04-30,16:00-17:00,81.5
第三食堂,2019-04-30,17:00-18:00,1457.59
第三食堂,2019-04-30,18:00-19:00,1715.6
第三食堂,2019-04-30,19:00-20:00,324.9
第三食堂,2019-04-30,20:00-21:00,67.8
第三食堂,2019-04-30,21:00-22:00,12.6
第三食堂,2019-04-30,22:00-23:00,0.0
第三食堂,2019-04-30,23:00-24:00,0.0
第二图书馆,2019-04-01,00:00-01:00,0.0
第二图书馆,2019-04-01,01:00-02:00,0.0
第二图书馆,2019-04-01,02:00-03:00,0.0
第二图书馆,2019-04-01,03:00-04:00,0.0
第二图书馆,2019-04-01,04:00-05:00,0.0
第二图书馆,2019-04-01,05:00-06:00,0.0
第二图书馆,2019-04-01,06:00-07:00,0.0
第二图书馆,2019-04-01,07:00-08:00,0.0
第二图书馆,2019-04-01,08:00-09:00,0.0
第二图书馆,2019-04-01,09:00-10:00,0.0
第二图书馆,2019-04-01,10:00-11:00,0.0
第二图书馆,2019-04-01,11:00-12:00,0.0
第二图书馆,2019-04-01,12:00-13:00,0.0
第二图书馆,2019-04-01,13:00-14:00,0.0
第二图书馆,2019-04-01,14:00-15:00,0.0
第二图书馆,2019-04-01,15:00-16:00,0.5
第二图书馆,2019-04-01,16:00-17:00,13.5
第二图书馆,2019-04-01,17:00-18:00,1.6
第二图书馆,2019-04-01,18:00-19:00,0.0
第二图书馆,2019-04-01,19:00-20:00,0.0
第二图书馆,2019-04-01,20:00-21:00,0.0
第二图书馆,2019-04-01,21:00-22:00,0.0
第二图书馆,2019-04-01,22:00-23:00,0.0
第二图书馆,2019-04-01,23:00-24:00,0.0
第二图书馆,2019-04-02,00:00-01:00,0.0
第二图书馆,2019-04-02,01:00-02:00,0.0
第二图书馆,2019-04-02,02:00-03:00,0.0
第二图书馆,2019-04-02,03:00-04:00,0.0
第二图书馆,2019-04-02,04:00-05:00,0.0
第二图书馆,2019-04-02,05:00-06:00,0.0
第二图书馆,2019-04-02,06:00-07:00,0.0
第二图书馆,2019-04-02,07:00-08:00,0.0
第二图书馆,2019-04-02,08:00-09:00,0.0
第二图书馆,2019-04-02,09:00-10:00,0.0
第二图书馆,2019-04-02,10:00-11:00,4.9
第二图书馆,2019-04-02,11:00-12:00,1.8
第二图书馆,2019-04-02,12:00-13:00,1.4
第二图书馆,2019-04-02,13:00-14:00,0.0
第二图书馆,2019-04-02,14:00-15:00,0.0
第二图书馆,2019-04-02,15:00-16:00,1.8
第二图书馆,2019-04-02,16:00-17:00,11.6
第二图书馆,2019-04-02,17:00-18:00,5.4
第二图书馆,2019-04-02,18:00-19:00,18.9
第二图书馆,2019-04-02,19:00-20:00,0.0
第二图书馆,2019-04-02,20:00-21:00,0.0
第二图书馆,2019-04-02,21:00-22:00,0.0
第二图书馆,2019-04-02,22:00-23:00,0.0
第二图书馆,2019-04-02,23:00-24:00,0.0
第二图书馆,2019-04-03,00:00-01:00,0.0
第二图书馆,2019-04-03,01:00-02:00,0.0
第二图书馆,2019-04-03,02:00-03:00,0.0
第二图书馆,2019-04-03,03:00-04:00,0.0
第二图书馆,2019-04-03,04:00-05:00,0.0
第二图书馆,2019-04-03,05:00-06:00,0.0
第二图书馆,2019-04-03,06:00-07:00,0.0
第二图书馆,2019-04-03,07:00-08:00,0.0
第二图书馆,2019-04-03,08:00-09:00,0.0
第二图书馆,2019-04-03,09:00-10:00,0.0
第二图书馆,2019-04-03,10:00-11:00,0.0
第二图书馆,2019-04-03,11:00-12:00,1.0
第二图书馆,2019-04-03,12:00-13:00,0.7
第二图书馆,2019-04-03,13:00-14:00,0.0
第二图书馆,2019-04-03,14:00-15:00,0.0
第二图书馆,2019-04-03,15:00-16:00,2.5
第二图书馆,2019-04-03,16:00-17:00,3.1
第二图书馆,2019-04-03,17:00-18:00,2.1
第二图书馆,2019-04-03,18:00-19:00,0.0
第二图书馆,2019-04-03,19:00-20:00,0.0
第二图书馆,2019-04-03,20:00-21:00,0.0
第二图书馆,2019-04-03,21:00-22:00,0.0
第二图书馆,2019-04-03,22:00-23:00,0.0
第二图书馆,2019-04-03,23:00-24:00,0.0
第二图书馆,2019-04-04,00:00-01:00,0.0
第二图书馆,2019-04-04,01:00-02:00,0.0
第二图书馆,2019-04-04,02:00-03:00,0.0
第二图书馆,2019-04-04,03:00-04:00,0.0
第二图书馆,2019-04-04,04:00-05:00,0.0
第二图书馆,2019-04-04,05:00-06:00,0.0
第二图书馆,2019-04-04,06:00-07:00,0.0
第二图书馆,2019-04-04,07:00-08:00,0.0
第二图书馆,2019-04-04,08:00-09:00,0.0
第二图书馆,2019-04-04,09:00-10:00,0.0
第二图书馆,2019-04-04,10:00-11:00,10.6
第二图书馆,2019-04-04,11:00-12:00,0.0
第二图书馆,2019-04-04,12:00-13:00,5.3
第二图书馆,2019-04-04,13:00-14:00,0.0
第二图书馆,2019-04-04,14:00-15:00,0.0
第二图书馆,2019-04-04,15:00-16:00,10.4
第二图书馆,2019-04-04,16:00-17:00,3.2
第二图书馆,2019-04-04,17:00-18:00,32.2
第二图书馆,2019-04-04,18:00-19:00,5.5
第二图书馆,2019-04-04,19:00-20:00,0.0
第二图书馆,2019-04-04,20:00-21:00,0.0
第二图书馆,2019-04-04,21:00-22:00,0.0
第二图书馆,2019-04-04,22:00-23:00,0.0
第二图书馆,2019-04-04,23:00-24:00,0.0
第二图书馆,2019-04-05,00:00-01:00,0.0
第二图书馆,2019-04-05,01:00-02:00,0.0
第二图书馆,2019-04-05,02:00-03:00,0.0
第二图书馆,2019-04-05,03:00-04:00,0.0
第二图书馆,2019-04-05,04:00-05:00,0.0
第二图书馆,2019-04-05,05:00-06:00,0.0
第二图书馆,2019-04-05,06:00-07:00,0.0
第二图书馆,2019-04-05,07:00-08:00,0.0
第二图书馆,2019-04-05,08:00-09:00,0.0
第二图书馆,2019-04-05,09:00-10:00,0.0
第二图书馆,2019-04-05,10:00-11:00,0.0
第二图书馆,2019-04-05,11:00-12:00,0.0
第二图书馆,2019-04-05,12:00-13:00,0.0
第二图书馆,2019-04-05,13:00-14:00,0.0
第二图书馆,2019-04-05,14:00-15:00,0.0
第二图书馆,2019-04-05,15:00-16:00,0.0
第二图书馆,2019-04-05,16:00-17:00,0.0
第二图书馆,2019-04-05,17:00-18:00,0.0
第二图书馆,2019-04-05,18:00-19:00,0.0
第二图书馆,2019-04-05,19:00-20:00,0.0
第二图书馆,2019-04-05,20:00-21:00,0.0
第二图书馆,2019-04-05,21:00-22:00,0.0
第二图书馆,2019-04-05,22:00-23:00,0.0
第二图书馆,2019-04-05,23:00-24:00,0.0
第二图书馆,2019-04-06,00:00-01:00,0.0
第二图书馆,2019-04-06,01:00-02:00,0.0
第二图书馆,2019-04-06,02:00-03:00,0.0
第二图书馆,2019-04-06,03:00-04:00,0.0
第二图书馆,2019-04-06,04:00-05:00,0.0
第二图书馆,2019-04-06,05:00-06:00,0.0
第二图书馆,2019-04-06,06:00-07:00,0.0
第二图书馆,2019-04-06,07:00-08:00,0.0
第二图书馆,2019-04-06,08:00-09:00,0.0
第二图书馆,2019-04-06,09:00-10:00,0.0
第二图书馆,2019-04-06,10:00-11:00,0.0
第二图书馆,2019-04-06,11:00-12:00,0.0
第二图书馆,2019-04-06,12:00-13:00,0.0
第二图书馆,2019-04-06,13:00-14:00,0.0
第二图书馆,2019-04-06,14:00-15:00,0.0
第二图书馆,2019-04-06,15:00-16:00,0.0
第二图书馆,2019-04-06,16:00-17:00,0.0
第二图书馆,2019-04-06,17:00-18:00,0.0
第二图书馆,2019-04-06,18:00-19:00,0.0
第二图书馆,2019-04-06,19:00-20:00,0.0
第二图书馆,2019-04-06,20:00-21:00,0.0
第二图书馆,2019-04-06,21:00-22:00,0.0
第二图书馆,2019-04-06,22:00-23:00,0.0
第二图书馆,2019-04-06,23:00-24:00,0.0
第二图书馆,2019-04-07,00:00-01:00,0.0
第二图书馆,2019-04-07,01:00-02:00,0.0
第二图书馆,2019-04-07,02:00-03:00,0.0
第二图书馆,2019-04-07,03:00-04:00,0.0
第二图书馆,2019-04-07,04:00-05:00,0.0
第二图书馆,2019-04-07,05:00-06:00,0.0
第二图书馆,2019-04-07,06:00-07:00,0.0
第二图书馆,2019-04-07,07:00-08:00,0.0
第二图书馆,2019-04-07,08:00-09:00,0.0
第二图书馆,2019-04-07,09:00-10:00,0.0
第二图书馆,2019-04-07,10:00-11:00,0.0
第二图书馆,2019-04-07,11:00-12:00,0.0
第二图书馆,2019-04-07,12:00-13:00,0.0
第二图书馆,2019-04-07,13:00-14:00,0.0
第二图书馆,2019-04-07,14:00-15:00,0.0
第二图书馆,2019-04-07,15:00-16:00,0.0
第二图书馆,2019-04-07,16:00-17:00,0.0
第二图书馆,2019-04-07,17:00-18:00,0.0
第二图书馆,2019-04-07,18:00-19:00,0.0
第二图书馆,2019-04-07,19:00-20:00,0.0
第二图书馆,2019-04-07,20:00-21:00,0.0
第二图书馆,2019-04-07,21:00-22:00,0.0
第二图书馆,2019-04-07,22:00-23:00,0.0
第二图书馆,2019-04-07,23:00-24:00,0.0
第二图书馆,2019-04-08,00:00-01:00,0.0
第二图书馆,2019-04-08,01:00-02:00,0.0
第二图书馆,2019-04-08,02:00-03:00,0.0
第二图书馆,2019-04-08,03:00-04:00,0.0
第二图书馆,2019-04-08,04:00-05:00,0.0
第二图书馆,2019-04-08,05:00-06:00,0.0
第二图书馆,2019-04-08,06:00-07:00,0.0
第二图书馆,2019-04-08,07:00-08:00,0.0
第二图书馆,2019-04-08,08:00-09:00,0.0
第二图书馆,2019-04-08,09:00-10:00,0.0
第二图书馆,2019-04-08,10:00-11:00,20.1
第二图书馆,2019-04-08,11:00-12:00,0.3
第二图书馆,2019-04-08,12:00-13:00,7.8
第二图书馆,2019-04-08,13:00-14:00,0.0
第二图书馆,2019-04-08,14:00-15:00,0.0
第二图书馆,2019-04-08,15:00-16:00,0.7
第二图书馆,2019-04-08,16:00-17:00,7.0
第二图书馆,2019-04-08,17:00-18:00,4.9
第二图书馆,2019-04-08,18:00-19:00,0.0
第二图书馆,2019-04-08,19:00-20:00,0.0
第二图书馆,2019-04-08,20:00-21:00,0.0
第二图书馆,2019-04-08,21:00-22:00,0.0
第二图书馆,2019-04-08,22:00-23:00,0.0
第二图书馆,2019-04-08,23:00-24:00,0.0
第二图书馆,2019-04-09,00:00-01:00,0.0
第二图书馆,2019-04-09,01:00-02:00,0.0
第二图书馆,2019-04-09,02:00-03:00,0.0
第二图书馆,2019-04-09,03:00-04:00,0.0
第二图书馆,2019-04-09,04:00-05:00,0.0
第二图书馆,2019-04-09,05:00-06:00,0.0
第二图书馆,2019-04-09,06:00-07:00,0.0
第二图书馆,2019-04-09,07:00-08:00,0.0
第二图书馆,2019-04-09,08:00-09:00,0.0
第二图书馆,2019-04-09,09:00-10:00,2.7
第二图书馆,2019-04-09,10:00-11:00,7.8
第二图书馆,2019-04-09,11:00-12:00,2.6
第二图书馆,2019-04-09,12:00-13:00,3.2
第二图书馆,2019-04-09,13:00-14:00,0.0
第二图书馆,2019-04-09,14:00-15:00,0.0
第二图书馆,2019-04-09,15:00-16:00,14.6
第二图书馆,2019-04-09,16:00-17:00,2.4
第二图书馆,2019-04-09,17:00-18:00,0.0
第二图书馆,2019-04-09,18:00-19:00,0.0
第二图书馆,2019-04-09,19:00-20:00,0.0
第二图书馆,2019-04-09,20:00-21:00,0.0
第二图书馆,2019-04-09,21:00-22:00,0.0
第二图书馆,2019-04-09,22:00-23:00,0.0
第二图书馆,2019-04-09,23:00-24:00,0.0
第二图书馆,2019-04-10,00:00-01:00,0.0
第二图书馆,2019-04-10,01:00-02:00,0.0
第二图书馆,2019-04-10,02:00-03:00,0.0
第二图书馆,2019-04-10,03:00-04:00,0.0
第二图书馆,2019-04-10,04:00-05:00,0.0
第二图书馆,2019-04-10,05:00-06:00,0.0
第二图书馆,2019-04-10,06:00-07:00,0.0
第二图书馆,2019-04-10,07:00-08:00,0.0
第二图书馆,2019-04-10,08:00-09:00,0.0
第二图书馆,2019-04-10,09:00-10:00,0.0
第二图书馆,2019-04-10,10:00-11:00,7.5
第二图书馆,2019-04-10,11:00-12:00,3.8
第二图书馆,2019-04-10,12:00-13:00,15.1
第二图书馆,2019-04-10,13:00-14:00,0.0
第二图书馆,2019-04-10,14:00-15:00,0.0
第二图书馆,2019-04-10,15:00-16:00,0.7
第二图书馆,2019-04-10,16:00-17:00,10.0
第二图书馆,2019-04-10,17:00-18:00,3.7
第二图书馆,2019-04-10,18:00-19:00,0.0
第二图书馆,2019-04-10,19:00-20:00,0.0
第二图书馆,2019-04-10,20:00-21:00,0.0
第二图书馆,2019-04-10,21:00-22:00,0.0
第二图书馆,2019-04-10,22:00-23:00,0.0
第二图书馆,2019-04-10,23:00-24:00,0.0
第二图书馆,2019-04-11,00:00-01:00,0.0
第二图书馆,2019-04-11,01:00-02:00,0.0
第二图书馆,2019-04-11,02:00-03:00,0.0
第二图书馆,2019-04-11,03:00-04:00,0.0
第二图书馆,2019-04-11,04:00-05:00,0.0
第二图书馆,2019-04-11,05:00-06:00,0.0
第二图书馆,2019-04-11,06:00-07:00,0.0
第二图书馆,2019-04-11,07:00-08:00,0.0
第二图书馆,2019-04-11,08:00-09:00,0.0
第二图书馆,2019-04-11,09:00-10:00,2.8
第二图书馆,2019-04-11,10:00-11:00,1.3
第二图书馆,2019-04-11,11:00-12:00,0.0
第二图书馆,2019-04-11,12:00-13:00,0.2
第二图书馆,2019-04-11,13:00-14:00,0.0
第二图书馆,2019-04-11,14:00-15:00,0.0
第二图书馆,2019-04-11,15:00-16:00,8.0
第二图书馆,2019-04-11,16:00-17:00,0.4
第二图书馆,2019-04-11,17:00-18:00,0.0
第二图书馆,2019-04-11,18:00-19:00,0.0
第二图书馆,2019-04-11,19:00-20:00,0.0
第二图书馆,2019-04-11,20:00-21:00,0.0
第二图书馆,2019-04-11,21:00-22:00,0.0
第二图书馆,2019-04-11,22:00-23:00,0.0
第二图书馆,2019-04-11,23:00-24:00,0.0
第二图书馆,2019-04-12,00:00-01:00,0.0
第二图书馆,2019-04-12,01:00-02:00,0.0
第二图书馆,2019-04-12,02:00-03:00,0.0
第二图书馆,2019-04-12,03:00-04:00,0.0
第二图书馆,2019-04-12,04:00-05:00,0.0
第二图书馆,2019-04-12,05:00-06:00,0.0
第二图书馆,2019-04-12,06:00-07:00,0.0
第二图书馆,2019-04-12,07:00-08:00,0.0
第二图书馆,2019-04-12,08:00-09:00,0.0
第二图书馆,2019-04-12,09:00-10:00,0.0
第二图书馆,2019-04-12,10:00-11:00,9.6
第二图书馆,2019-04-12,11:00-12:00,0.4
第二图书馆,2019-04-12,12:00-13:00,4.2
第二图书馆,2019-04-12,13:00-14:00,0.0
第二图书馆,2019-04-12,14:00-15:00,0.0
第二图书馆,2019-04-12,15:00-16:00,7.5
第二图书馆,2019-04-12,16:00-17:00,11.8
第二图书馆,2019-04-12,17:00-18:00,3.8
第二图书馆,2019-04-12,18:00-19:00,0.3
第二图书馆,2019-04-12,19:00-20:00,0.0
第二图书馆,2019-04-12,20:00-21:00,0.0
第二图书馆,2019-04-12,21:00-22:00,0.0
第二图书馆,2019-04-12,22:00-23:00,0.0
第二图书馆,2019-04-12,23:00-24:00,0.0
第二图书馆,2019-04-13,00:00-01:00,0.0
第二图书馆,2019-04-13,01:00-02:00,0.0
第二图书馆,2019-04-13,02:00-03:00,0.0
第二图书馆,2019-04-13,03:00-04:00,0.0
第二图书馆,2019-04-13,04:00-05:00,0.0
第二图书馆,2019-04-13,05:00-06:00,0.0
第二图书馆,2019-04-13,06:00-07:00,0.0
第二图书馆,2019-04-13,07:00-08:00,0.0
第二图书馆,2019-04-13,08:00-09:00,0.0
第二图书馆,2019-04-13,09:00-10:00,0.0
第二图书馆,2019-04-13,10:00-11:00,0.0
第二图书馆,2019-04-13,11:00-12:00,0.0
第二图书馆,2019-04-13,12:00-13:00,0.0
第二图书馆,2019-04-13,13:00-14:00,0.0
第二图书馆,2019-04-13,14:00-15:00,0.0
第二图书馆,2019-04-13,15:00-16:00,0.0
第二图书馆,2019-04-13,16:00-17:00,0.0
第二图书馆,2019-04-13,17:00-18:00,0.0
第二图书馆,2019-04-13,18:00-19:00,0.0
第二图书馆,2019-04-13,19:00-20:00,0.0
第二图书馆,2019-04-13,20:00-21:00,0.0
第二图书馆,2019-04-13,21:00-22:00,0.0
第二图书馆,2019-04-13,22:00-23:00,0.0
第二图书馆,2019-04-13,23:00-24:00,0.0
第二图书馆,2019-04-14,00:00-01:00,0.0
第二图书馆,2019-04-14,01:00-02:00,0.0
第二图书馆,2019-04-14,02:00-03:00,0.0
第二图书馆,2019-04-14,03:00-04:00,0.0
第二图书馆,2019-04-14,04:00-05:00,0.0
第二图书馆,2019-04-14,05:00-06:00,0.0
第二图书馆,2019-04-14,06:00-07:00,0.0
第二图书馆,2019-04-14,07:00-08:00,0.0
第二图书馆,2019-04-14,08:00-09:00,0.0
第二图书馆,2019-04-14,09:00-10:00,0.0
第二图书馆,2019-04-14,10:00-11:00,0.0
第二图书馆,2019-04-14,11:00-12:00,0.0
第二图书馆,2019-04-14,12:00-13:00,0.0
第二图书馆,2019-04-14,13:00-14:00,0.0
第二图书馆,2019-04-14,14:00-15:00,0.0
第二图书馆,2019-04-14,15:00-16:00,0.0
第二图书馆,2019-04-14,16:00-17:00,0.0
第二图书馆,2019-04-14,17:00-18:00,0.0
第二图书馆,2019-04-14,18:00-19:00,0.0
第二图书馆,2019-04-14,19:00-20:00,0.0
第二图书馆,2019-04-14,20:00-21:00,0.0
第二图书馆,2019-04-14,21:00-22:00,0.0
第二图书馆,2019-04-14,22:00-23:00,0.0
第二图书馆,2019-04-14,23:00-24:00,0.0
第二图书馆,2019-04-15,00:00-01:00,0.0
第二图书馆,2019-04-15,01:00-02:00,0.0
第二图书馆,2019-04-15,02:00-03:00,0.0
第二图书馆,2019-04-15,03:00-04:00,0.0
第二图书馆,2019-04-15,04:00-05:00,0.0
第二图书馆,2019-04-15,05:00-06:00,0.0
第二图书馆,2019-04-15,06:00-07:00,0.0
第二图书馆,2019-04-15,07:00-08:00,0.0
第二图书馆,2019-04-15,08:00-09:00,0.0
第二图书馆,2019-04-15,09:00-10:00,0.0
第二图书馆,2019-04-15,10:00-11:00,14.2
第二图书馆,2019-04-15,11:00-12:00,0.0
第二图书馆,2019-04-15,12:00-13:00,4.0
第二图书馆,2019-04-15,13:00-14:00,0.0
第二图书馆,2019-04-15,14:00-15:00,0.0
第二图书馆,2019-04-15,15:00-16:00,5.6
第二图书馆,2019-04-15,16:00-17:00,4.9
第二图书馆,2019-04-15,17:00-18:00,14.7
第二图书馆,2019-04-15,18:00-19:00,4.6
第二图书馆,2019-04-15,19:00-20:00,0.0
第二图书馆,2019-04-15,20:00-21:00,0.0
第二图书馆,2019-04-15,21:00-22:00,0.0
第二图书馆,2019-04-15,22:00-23:00,0.0
第二图书馆,2019-04-15,23:00-24:00,0.0
第二图书馆,2019-04-16,00:00-01:00,0.0
第二图书馆,2019-04-16,01:00-02:00,0.0
第二图书馆,2019-04-16,02:00-03:00,0.0
第二图书馆,2019-04-16,03:00-04:00,0.0
第二图书馆,2019-04-16,04:00-05:00,0.0
第二图书馆,2019-04-16,05:00-06:00,0.0
第二图书馆,2019-04-16,06:00-07:00,0.0
第二图书馆,2019-04-16,07:00-08:00,0.0
第二图书馆,2019-04-16,08:00-09:00,0.0
第二图书馆,2019-04-16,09:00-10:00,0.1
第二图书馆,2019-04-16,10:00-11:00,0.0
第二图书馆,2019-04-16,11:00-12:00,0.0
第二图书馆,2019-04-16,12:00-13:00,0.0
第二图书馆,2019-04-16,13:00-14:00,0.0
第二图书馆,2019-04-16,14:00-15:00,0.0
第二图书馆,2019-04-16,15:00-16:00,0.0
第二图书馆,2019-04-16,16:00-17:00,28.9
第二图书馆,2019-04-16,17:00-18:00,1.2
第二图书馆,2019-04-16,18:00-19:00,0.0
第二图书馆,2019-04-16,19:00-20:00,0.0
第二图书馆,2019-04-16,20:00-21:00,0.0
第二图书馆,2019-04-16,21:00-22:00,0.0
第二图书馆,2019-04-16,22:00-23:00,0.0
第二图书馆,2019-04-16,23:00-24:00,0.0
第二图书馆,2019-04-17,00:00-01:00,0.0
第二图书馆,2019-04-17,01:00-02:00,0.0
第二图书馆,2019-04-17,02:00-03:00,0.0
第二图书馆,2019-04-17,03:00-04:00,0.0
第二图书馆,2019-04-17,04:00-05:00,0.0
第二图书馆,2019-04-17,05:00-06:00,0.0
第二图书馆,2019-04-17,06:00-07:00,0.0
第二图书馆,2019-04-17,07:00-08:00,0.0
第二图书馆,2019-04-17,08:00-09:00,0.0
第二图书馆,2019-04-17,09:00-10:00,0.0
第二图书馆,2019-04-17,10:00-11:00,14.6
第二图书馆,2019-04-17,11:00-12:00,0.1
第二图书馆,2019-04-17,12:00-13:00,1.8
第二图书馆,2019-04-17,13:00-14:00,0.0
第二图书馆,2019-04-17,14:00-15:00,0.0
第二图书馆,2019-04-17,15:00-16:00,1.1
第二图书馆,2019-04-17,16:00-17:00,1.3
第二图书馆,2019-04-17,17:00-18:00,0.0
第二图书馆,2019-04-17,18:00-19:00,0.0
第二图书馆,2019-04-17,19:00-20:00,0.0
第二图书馆,2019-04-17,20:00-21:00,0.0
第二图书馆,2019-04-17,21:00-22:00,0.0
第二图书馆,2019-04-17,22:00-23:00,0.0
第二图书馆,2019-04-17,23:00-24:00,0.0
第二图书馆,2019-04-18,00:00-01:00,0.0
第二图书馆,2019-04-18,01:00-02:00,0.0
第二图书馆,2019-04-18,02:00-03:00,0.0
第二图书馆,2019-04-18,03:00-04:00,0.0
第二图书馆,2019-04-18,04:00-05:00,0.0
第二图书馆,2019-04-18,05:00-06:00,0.0
第二图书馆,2019-04-18,06:00-07:00,0.0
第二图书馆,2019-04-18,07:00-08:00,0.0
第二图书馆,2019-04-18,08:00-09:00,0.0
第二图书馆,2019-04-18,09:00-10:00,0.0
第二图书馆,2019-04-18,10:00-11:00,3.7
第二图书馆,2019-04-18,11:00-12:00,0.0
第二图书馆,2019-04-18,12:00-13:00,3.2
第二图书馆,2019-04-18,13:00-14:00,0.0
第二图书馆,2019-04-18,14:00-15:00,0.0
第二图书馆,2019-04-18,15:00-16:00,2.0
第二图书馆,2019-04-18,16:00-17:00,1.4
第二图书馆,2019-04-18,17:00-18:00,0.0
第二图书馆,2019-04-18,18:00-19:00,0.0
第二图书馆,2019-04-18,19:00-20:00,0.0
第二图书馆,2019-04-18,20:00-21:00,0.0
第二图书馆,2019-04-18,21:00-22:00,0.0
第二图书馆,2019-04-18,22:00-23:00,0.0
第二图书馆,2019-04-18,23:00-24:00,0.0
第二图书馆,2019-04-19,00:00-01:00,0.0
第二图书馆,2019-04-19,01:00-02:00,0.0
第二图书馆,2019-04-19,02:00-03:00,0.0
第二图书馆,2019-04-19,03:00-04:00,0.0
第二图书馆,2019-04-19,04:00-05:00,0.0
第二图书馆,2019-04-19,05:00-06:00,0.0
第二图书馆,2019-04-19,06:00-07:00,0.0
第二图书馆,2019-04-19,07:00-08:00,0.0
第二图书馆,2019-04-19,08:00-09:00,0.0
第二图书馆,2019-04-19,09:00-10:00,0.0
第二图书馆,2019-04-19,10:00-11:00,0.9
第二图书馆,2019-04-19,11:00-12:00,0.0
第二图书馆,2019-04-19,12:00-13:00,0.6
第二图书馆,2019-04-19,13:00-14:00,0.0
第二图书馆,2019-04-19,14:00-15:00,0.0
第二图书馆,2019-04-19,15:00-16:00,4.7
第二图书馆,2019-04-19,16:00-17:00,13.5
第二图书馆,2019-04-19,17:00-18:00,3.0
第二图书馆,2019-04-19,18:00-19:00,0.0
第二图书馆,2019-04-19,19:00-20:00,0.0
第二图书馆,2019-04-19,20:00-21:00,0.0
第二图书馆,2019-04-19,21:00-22:00,0.0
第二图书馆,2019-04-19,22:00-23:00,0.0
第二图书馆,2019-04-19,23:00-24:00,0.0
第二图书馆,2019-04-20,00:00-01:00,0.0
第二图书馆,2019-04-20,01:00-02:00,0.0
第二图书馆,2019-04-20,02:00-03:00,0.0
第二图书馆,2019-04-20,03:00-04:00,0.0
第二图书馆,2019-04-20,04:00-05:00,0.0
第二图书馆,2019-04-20,05:00-06:00,0.0
第二图书馆,2019-04-20,06:00-07:00,0.0
第二图书馆,2019-04-20,07:00-08:00,0.0
第二图书馆,2019-04-20,08:00-09:00,0.0
第二图书馆,2019-04-20,09:00-10:00,0.0
第二图书馆,2019-04-20,10:00-11:00,0.0
第二图书馆,2019-04-20,11:00-12:00,0.0
第二图书馆,2019-04-20,12:00-13:00,0.0
第二图书馆,2019-04-20,13:00-14:00,0.0
第二图书馆,2019-04-20,14:00-15:00,0.0
第二图书馆,2019-04-20,15:00-16:00,0.0
第二图书馆,2019-04-20,16:00-17:00,0.0
第二图书馆,2019-04-20,17:00-18:00,0.0
第二图书馆,2019-04-20,18:00-19:00,0.0
第二图书馆,2019-04-20,19:00-20:00,0.0
第二图书馆,2019-04-20,20:00-21:00,0.0
第二图书馆,2019-04-20,21:00-22:00,0.0
第二图书馆,2019-04-20,22:00-23:00,0.0
第二图书馆,2019-04-20,23:00-24:00,0.0
第二图书馆,2019-04-21,00:00-01:00,0.0
第二图书馆,2019-04-21,01:00-02:00,0.0
第二图书馆,2019-04-21,02:00-03:00,0.0
第二图书馆,2019-04-21,03:00-04:00,0.0
第二图书馆,2019-04-21,04:00-05:00,0.0
第二图书馆,2019-04-21,05:00-06:00,0.0
第二图书馆,2019-04-21,06:00-07:00,0.0
第二图书馆,2019-04-21,07:00-08:00,0.0
第二图书馆,2019-04-21,08:00-09:00,0.0
第二图书馆,2019-04-21,09:00-10:00,0.0
第二图书馆,2019-04-21,10:00-11:00,0.0
第二图书馆,2019-04-21,11:00-12:00,0.0
第二图书馆,2019-04-21,12:00-13:00,0.0
第二图书馆,2019-04-21,13:00-14:00,0.0
第二图书馆,2019-04-21,14:00-15:00,0.0
第二图书馆,2019-04-21,15:00-16:00,0.0
第二图书馆,2019-04-21,16:00-17:00,0.0
第二图书馆,2019-04-21,17:00-18:00,0.0
第二图书馆,2019-04-21,18:00-19:00,0.0
第二图书馆,2019-04-21,19:00-20:00,0.0
第二图书馆,2019-04-21,20:00-21:00,0.0
第二图书馆,2019-04-21,21:00-22:00,0.0
第二图书馆,2019-04-21,22:00-23:00,0.0
第二图书馆,2019-04-21,23:00-24:00,0.0
第二图书馆,2019-04-22,00:00-01:00,0.0
第二图书馆,2019-04-22,01:00-02:00,0.0
第二图书馆,2019-04-22,02:00-03:00,0.0
第二图书馆,2019-04-22,03:00-04:00,0.0
第二图书馆,2019-04-22,04:00-05:00,0.0
第二图书馆,2019-04-22,05:00-06:00,0.0
第二图书馆,2019-04-22,06:00-07:00,0.0
第二图书馆,2019-04-22,07:00-08:00,0.0
第二图书馆,2019-04-22,08:00-09:00,0.0
第二图书馆,2019-04-22,09:00-10:00,0.0
第二图书馆,2019-04-22,10:00-11:00,8.6
第二图书馆,2019-04-22,11:00-12:00,4.2
第二图书馆,2019-04-22,12:00-13:00,17.4
第二图书馆,2019-04-22,13:00-14:00,0.0
第二图书馆,2019-04-22,14:00-15:00,0.0
第二图书馆,2019-04-22,15:00-16:00,4.0
第二图书馆,2019-04-22,16:00-17:00,5.0
第二图书馆,2019-04-22,17:00-18:00,22.9
第二图书馆,2019-04-22,18:00-19:00,4.3
第二图书馆,2019-04-22,19:00-20:00,0.0
第二图书馆,2019-04-22,20:00-21:00,0.0
第二图书馆,2019-04-22,21:00-22:00,0.0
第二图书馆,2019-04-22,22:00-23:00,0.0
第二图书馆,2019-04-22,23:00-24:00,0.0
第二图书馆,2019-04-23,00:00-01:00,0.0
第二图书馆,2019-04-23,01:00-02:00,0.0
第二图书馆,2019-04-23,02:00-03:00,0.0
第二图书馆,2019-04-23,03:00-04:00,0.0
第二图书馆,2019-04-23,04:00-05:00,0.0
第二图书馆,2019-04-23,05:00-06:00,0.0
第二图书馆,2019-04-23,06:00-07:00,0.0
第二图书馆,2019-04-23,07:00-08:00,0.0
第二图书馆,2019-04-23,08:00-09:00,0.0
第二图书馆,2019-04-23,09:00-10:00,0.0
第二图书馆,2019-04-23,10:00-11:00,4.5
第二图书馆,2019-04-23,11:00-12:00,10.2
第二图书馆,2019-04-23,12:00-13:00,1.8
第二图书馆,2019-04-23,13:00-14:00,0.0
第二图书馆,2019-04-23,14:00-15:00,0.0
第二图书馆,2019-04-23,15:00-16:00,0.0
第二图书馆,2019-04-23,16:00-17:00,3.1
第二图书馆,2019-04-23,17:00-18:00,14.8
第二图书馆,2019-04-23,18:00-19:00,6.8
第二图书馆,2019-04-23,19:00-20:00,0.0
第二图书馆,2019-04-23,20:00-21:00,0.0
第二图书馆,2019-04-23,21:00-22:00,0.0
第二图书馆,2019-04-23,22:00-23:00,0.0
第二图书馆,2019-04-23,23:00-24:00,0.0
第二图书馆,2019-04-24,00:00-01:00,0.0
第二图书馆,2019-04-24,01:00-02:00,0.0
第二图书馆,2019-04-24,02:00-03:00,0.0
第二图书馆,2019-04-24,03:00-04:00,0.0
第二图书馆,2019-04-24,04:00-05:00,0.0
第二图书馆,2019-04-24,05:00-06:00,0.0
第二图书馆,2019-04-24,06:00-07:00,0.0
第二图书馆,2019-04-24,07:00-08:00,0.0
第二图书馆,2019-04-24,08:00-09:00,0.0
第二图书馆,2019-04-24,09:00-10:00,2.3
第二图书馆,2019-04-24,10:00-11:00,2.7
第二图书馆,2019-04-24,11:00-12:00,16.3
第二图书馆,2019-04-24,12:00-13:00,0.0
第二图书馆,2019-04-24,13:00-14:00,0.0
第二图书馆,2019-04-24,14:00-15:00,0.0
第二图书馆,2019-04-24,15:00-16:00,2.3
第二图书馆,2019-04-24,16:00-17:00,9.5
第二图书馆,2019-04-24,17:00-18:00,0.0
第二图书馆,2019-04-24,18:00-19:00,0.0
第二图书馆,2019-04-24,19:00-20:00,0.0
第二图书馆,2019-04-24,20:00-21:00,0.0
第二图书馆,2019-04-24,21:00-22:00,0.0
第二图书馆,2019-04-24,22:00-23:00,0.0
第二图书馆,2019-04-24,23:00-24:00,0.0
第二图书馆,2019-04-25,00:00-01:00,0.0
第二图书馆,2019-04-25,01:00-02:00,0.0
第二图书馆,2019-04-25,02:00-03:00,0.0
第二图书馆,2019-04-25,03:00-04:00,0.0
第二图书馆,2019-04-25,04:00-05:00,0.0
第二图书馆,2019-04-25,05:00-06:00,0.0
第二图书馆,2019-04-25,06:00-07:00,0.0
第二图书馆,2019-04-25,07:00-08:00,0.0
第二图书馆,2019-04-25,08:00-09:00,9.6
第二图书馆,2019-04-25,09:00-10:00,8.6
第二图书馆,2019-04-25,10:00-11:00,0.3
第二图书馆,2019-04-25,11:00-12:00,1.7
第二图书馆,2019-04-25,12:00-13:00,0.0
第二图书馆,2019-04-25,13:00-14:00,0.0
第二图书馆,2019-04-25,14:00-15:00,0.0
第二图书馆,2019-04-25,15:00-16:00,4.3
第二图书馆,2019-04-25,16:00-17:00,0.0
第二图书馆,2019-04-25,17:00-18:00,0.0
第二图书馆,2019-04-25,18:00-19:00,0.0
第二图书馆,2019-04-25,19:00-20:00,0.0
第二图书馆,2019-04-25,20:00-21:00,0.0
第二图书馆,2019-04-25,21:00-22:00,0.0
第二图书馆,2019-04-25,22:00-23:00,0.0
第二图书馆,2019-04-25,23:00-24:00,0.0
第二图书馆,2019-04-26,00:00-01:00,0.0
第二图书馆,2019-04-26,01:00-02:00,0.0
第二图书馆,2019-04-26,02:00-03:00,0.0
第二图书馆,2019-04-26,03:00-04:00,0.0
第二图书馆,2019-04-26,04:00-05:00,0.0
第二图书馆,2019-04-26,05:00-06:00,0.0
第二图书馆,2019-04-26,06:00-07:00,0.0
第二图书馆,2019-04-26,07:00-08:00,0.0
第二图书馆,2019-04-26,08:00-09:00,0.0
第二图书馆,2019-04-26,09:00-10:00,5.1
第二图书馆,2019-04-26,10:00-11:00,0.2
第二图书馆,2019-04-26,11:00-12:00,3.0
第二图书馆,2019-04-26,12:00-13:00,0.0
第二图书馆,2019-04-26,13:00-14:00,0.0
第二图书馆,2019-04-26,14:00-15:00,3.6
第二图书馆,2019-04-26,15:00-16:00,7.2
第二图书馆,2019-04-26,16:00-17:00,24.6
第二图书馆,2019-04-26,17:00-18:00,0.0
第二图书馆,2019-04-26,18:00-19:00,0.0
第二图书馆,2019-04-26,19:00-20:00,0.0
第二图书馆,2019-04-26,20:00-21:00,0.0
第二图书馆,2019-04-26,21:00-22:00,0.0
第二图书馆,2019-04-26,22:00-23:00,0.0
第二图书馆,2019-04-26,23:00-24:00,0.0
第二图书馆,2019-04-27,00:00-01:00,0.0
第二图书馆,2019-04-27,01:00-02:00,0.0
第二图书馆,2019-04-27,02:00-03:00,0.0
第二图书馆,2019-04-27,03:00-04:00,0.0
第二图书馆,2019-04-27,04:00-05:00,0.0
第二图书馆,2019-04-27,05:00-06:00,0.0
第二图书馆,2019-04-27,06:00-07:00,0.0
第二图书馆,2019-04-27,07:00-08:00,0.0
第二图书馆,2019-04-27,08:00-09:00,0.0
第二图书馆,2019-04-27,09:00-10:00,0.0
第二图书馆,2019-04-27,10:00-11:00,0.0
第二图书馆,2019-04-27,11:00-12:00,0.0
第二图书馆,2019-04-27,12:00-13:00,0.0
第二图书馆,2019-04-27,13:00-14:00,0.0
第二图书馆,2019-04-27,14:00-15:00,0.0
第二图书馆,2019-04-27,15:00-16:00,0.0
第二图书馆,2019-04-27,16:00-17:00,0.0
第二图书馆,2019-04-27,17:00-18:00,0.0
第二图书馆,2019-04-27,18:00-19:00,0.0
第二图书馆,2019-04-27,19:00-20:00,0.0
第二图书馆,2019-04-27,20:00-21:00,0.0
第二图书馆,2019-04-27,21:00-22:00,0.0
第二图书馆,2019-04-27,22:00-23:00,0.0
第二图书馆,2019-04-27,23:00-24:00,0.0
第二图书馆,2019-04-28,00:00-01:00,0.0
第二图书馆,2019-04-28,01:00-02:00,0.0
第二图书馆,2019-04-28,02:00-03:00,0.0
第二图书馆,2019-04-28,03:00-04:00,0.0
第二图书馆,2019-04-28,04:00-05:00,0.0
第二图书馆,2019-04-28,05:00-06:00,0.0
第二图书馆,2019-04-28,06:00-07:00,0.0
第二图书馆,2019-04-28,07:00-08:00,0.0
第二图书馆,2019-04-28,08:00-09:00,0.0
第二图书馆,2019-04-28,09:00-10:00,0.0
第二图书馆,2019-04-28,10:00-11:00,0.0
第二图书馆,2019-04-28,11:00-12:00,0.0
第二图书馆,2019-04-28,12:00-13:00,0.0
第二图书馆,2019-04-28,13:00-14:00,0.0
第二图书馆,2019-04-28,14:00-15:00,0.0
第二图书馆,2019-04-28,15:00-16:00,0.0
第二图书馆,2019-04-28,16:00-17:00,0.0
第二图书馆,2019-04-28,17:00-18:00,0.0
第二图书馆,2019-04-28,18:00-19:00,0.0
第二图书馆,2019-04-28,19:00-20:00,0.0
第二图书馆,2019-04-28,20:00-21:00,0.0
第二图书馆,2019-04-28,21:00-22:00,0.0
第二图书馆,2019-04-28,22:00-23:00,0.0
第二图书馆,2019-04-28,23:00-24:00,0.0
第二图书馆,2019-04-29,00:00-01:00,0.0
第二图书馆,2019-04-29,01:00-02:00,0.0
第二图书馆,2019-04-29,02:00-03:00,0.0
第二图书馆,2019-04-29,03:00-04:00,0.0
第二图书馆,2019-04-29,04:00-05:00,0.0
第二图书馆,2019-04-29,05:00-06:00,0.0
第二图书馆,2019-04-29,06:00-07:00,0.0
第二图书馆,2019-04-29,07:00-08:00,0.0
第二图书馆,2019-04-29,08:00-09:00,0.0
第二图书馆,2019-04-29,09:00-10:00,0.0
第二图书馆,2019-04-29,10:00-11:00,0.0
第二图书馆,2019-04-29,11:00-12:00,0.0
第二图书馆,2019-04-29,12:00-13:00,0.0
第二图书馆,2019-04-29,13:00-14:00,0.0
第二图书馆,2019-04-29,14:00-15:00,0.0
第二图书馆,2019-04-29,15:00-16:00,0.0
第二图书馆,2019-04-29,16:00-17:00,0.0
第二图书馆,2019-04-29,17:00-18:00,0.0
第二图书馆,2019-04-29,18:00-19:00,0.0
第二图书馆,2019-04-29,19:00-20:00,0.0
第二图书馆,2019-04-29,20:00-21:00,0.0
第二图书馆,2019-04-29,21:00-22:00,0.0
第二图书馆,2019-04-29,22:00-23:00,0.0
第二图书馆,2019-04-29,23:00-24:00,0.0
第二图书馆,2019-04-30,00:00-01:00,0.0
第二图书馆,2019-04-30,01:00-02:00,0.0
第二图书馆,2019-04-30,02:00-03:00,0.0
第二图书馆,2019-04-30,03:00-04:00,0.0
第二图书馆,2019-04-30,04:00-05:00,0.0
第二图书馆,2019-04-30,05:00-06:00,0.0
第二图书馆,2019-04-30,06:00-07:00,0.0
第二图书馆,2019-04-30,07:00-08:00,0.0
第二图书馆,2019-04-30,08:00-09:00,0.0
第二图书馆,2019-04-30,09:00-10:00,0.0
第二图书馆,2019-04-30,10:00-11:00,0.0
第二图书馆,2019-04-30,11:00-12:00,0.0
第二图书馆,2019-04-30,12:00-13:00,0.0
第二图书馆,2019-04-30,13:00-14:00,0.0
第二图书馆,2019-04-30,14:00-15:00,0.0
第二图书馆,2019-04-30,15:00-16:00,0.0
第二图书馆,2019-04-30,16:00-17:00,0.0
第二图书馆,2019-04-30,17:00-18:00,0.0
第二图书馆,2019-04-30,18:00-19:00,0.0
第二图书馆,2019-04-30,19:00-20:00,0.0
第二图书馆,2019-04-30,20:00-21:00,0.0
第二图书馆,2019-04-30,21:00-22:00,0.0
第二图书馆,2019-04-30,22:00-23:00,0.0
第二图书馆,2019-04-30,23:00-24:00,0.0
第二教学楼,2019-04-01,00:00-01:00,0.0
第二教学楼,2019-04-01,01:00-02:00,0.0
第二教学楼,2019-04-01,02:00-03:00,0.0
第二教学楼,2019-04-01,03:00-04:00,0.0
第二教学楼,2019-04-01,04:00-05:00,0.0
第二教学楼,2019-04-01,05:00-06:00,0.0
第二教学楼,2019-04-01,06:00-07:00,0.0
第二教学楼,2019-04-01,07:00-08:00,0.0
第二教学楼,2019-04-01,08:00-09:00,0.0
第二教学楼,2019-04-01,09:00-10:00,0.0
第二教学楼,2019-04-01,10:00-11:00,0.0
第二教学楼,2019-04-01,11:00-12:00,0.0
第二教学楼,2019-04-01,12:00-13:00,0.0
第二教学楼,2019-04-01,13:00-14:00,0.0
第二教学楼,2019-04-01,14:00-15:00,0.0
第二教学楼,2019-04-01,15:00-16:00,0.0
第二教学楼,2019-04-01,16:00-17:00,0.0
第二教学楼,2019-04-01,17:00-18:00,0.0
第二教学楼,2019-04-01,18:00-19:00,0.0
第二教学楼,2019-04-01,19:00-20:00,0.0
第二教学楼,2019-04-01,20:00-21:00,0.0
第二教学楼,2019-04-01,21:00-22:00,0.0
第二教学楼,2019-04-01,22:00-23:00,0.0
第二教学楼,2019-04-01,23:00-24:00,0.0
第二教学楼,2019-04-02,00:00-01:00,0.0
第二教学楼,2019-04-02,01:00-02:00,0.0
第二教学楼,2019-04-02,02:00-03:00,0.0
第二教学楼,2019-04-02,03:00-04:00,0.0
第二教学楼,2019-04-02,04:00-05:00,0.0
第二教学楼,2019-04-02,05:00-06:00,0.0
第二教学楼,2019-04-02,06:00-07:00,0.0
第二教学楼,2019-04-02,07:00-08:00,0.0
第二教学楼,2019-04-02,08:00-09:00,0.0
第二教学楼,2019-04-02,09:00-10:00,0.0
第二教学楼,2019-04-02,10:00-11:00,0.0
第二教学楼,2019-04-02,11:00-12:00,0.0
第二教学楼,2019-04-02,12:00-13:00,0.0
第二教学楼,2019-04-02,13:00-14:00,0.0
第二教学楼,2019-04-02,14:00-15:00,0.0
第二教学楼,2019-04-02,15:00-16:00,0.0
第二教学楼,2019-04-02,16:00-17:00,0.0
第二教学楼,2019-04-02,17:00-18:00,0.0
第二教学楼,2019-04-02,18:00-19:00,0.0
第二教学楼,2019-04-02,19:00-20:00,0.0
第二教学楼,2019-04-02,20:00-21:00,0.0
第二教学楼,2019-04-02,21:00-22:00,0.0
第二教学楼,2019-04-02,22:00-23:00,0.0
第二教学楼,2019-04-02,23:00-24:00,0.0
第二教学楼,2019-04-03,00:00-01:00,0.0
第二教学楼,2019-04-03,01:00-02:00,0.0
第二教学楼,2019-04-03,02:00-03:00,0.0
第二教学楼,2019-04-03,03:00-04:00,0.0
第二教学楼,2019-04-03,04:00-05:00,0.0
第二教学楼,2019-04-03,05:00-06:00,0.0
第二教学楼,2019-04-03,06:00-07:00,0.0
第二教学楼,2019-04-03,07:00-08:00,0.0
第二教学楼,2019-04-03,08:00-09:00,0.0
第二教学楼,2019-04-03,09:00-10:00,0.0
第二教学楼,2019-04-03,10:00-11:00,0.0
第二教学楼,2019-04-03,11:00-12:00,0.0
第二教学楼,2019-04-03,12:00-13:00,0.0
第二教学楼,2019-04-03,13:00-14:00,0.0
第二教学楼,2019-04-03,14:00-15:00,0.0
第二教学楼,2019-04-03,15:00-16:00,0.0
第二教学楼,2019-04-03,16:00-17:00,0.0
第二教学楼,2019-04-03,17:00-18:00,0.0
第二教学楼,2019-04-03,18:00-19:00,0.0
第二教学楼,2019-04-03,19:00-20:00,0.0
第二教学楼,2019-04-03,20:00-21:00,0.0
第二教学楼,2019-04-03,21:00-22:00,0.0
第二教学楼,2019-04-03,22:00-23:00,0.0
第二教学楼,2019-04-03,23:00-24:00,0.0
第二教学楼,2019-04-04,00:00-01:00,0.0
第二教学楼,2019-04-04,01:00-02:00,0.0
第二教学楼,2019-04-04,02:00-03:00,0.0
第二教学楼,2019-04-04,03:00-04:00,0.0
第二教学楼,2019-04-04,04:00-05:00,0.0
第二教学楼,2019-04-04,05:00-06:00,0.0
第二教学楼,2019-04-04,06:00-07:00,0.0
第二教学楼,2019-04-04,07:00-08:00,0.0
第二教学楼,2019-04-04,08:00-09:00,0.0
第二教学楼,2019-04-04,09:00-10:00,0.0
第二教学楼,2019-04-04,10:00-11:00,0.0
第二教学楼,2019-04-04,11:00-12:00,0.0
第二教学楼,2019-04-04,12:00-13:00,0.0
第二教学楼,2019-04-04,13:00-14:00,0.0
第二教学楼,2019-04-04,14:00-15:00,0.0
第二教学楼,2019-04-04,15:00-16:00,0.0
第二教学楼,2019-04-04,16:00-17:00,0.0
第二教学楼,2019-04-04,17:00-18:00,0.0
第二教学楼,2019-04-04,18:00-19:00,0.0
第二教学楼,2019-04-04,19:00-20:00,0.0
第二教学楼,2019-04-04,20:00-21:00,0.0
第二教学楼,2019-04-04,21:00-22:00,0.0
第二教学楼,2019-04-04,22:00-23:00,0.0
第二教学楼,2019-04-04,23:00-24:00,0.0
第二教学楼,2019-04-05,00:00-01:00,0.0
第二教学楼,2019-04-05,01:00-02:00,0.0
第二教学楼,2019-04-05,02:00-03:00,0.0
第二教学楼,2019-04-05,03:00-04:00,0.0
第二教学楼,2019-04-05,04:00-05:00,0.0
第二教学楼,2019-04-05,05:00-06:00,0.0
第二教学楼,2019-04-05,06:00-07:00,0.0
第二教学楼,2019-04-05,07:00-08:00,0.0
第二教学楼,2019-04-05,08:00-09:00,0.0
第二教学楼,2019-04-05,09:00-10:00,0.0
第二教学楼,2019-04-05,10:00-11:00,0.0
第二教学楼,2019-04-05,11:00-12:00,0.0
第二教学楼,2019-04-05,12:00-13:00,0.0
第二教学楼,2019-04-05,13:00-14:00,0.0
第二教学楼,2019-04-05,14:00-15:00,0.0
第二教学楼,2019-04-05,15:00-16:00,0.0
第二教学楼,2019-04-05,16:00-17:00,0.0
第二教学楼,2019-04-05,17:00-18:00,0.0
第二教学楼,2019-04-05,18:00-19:00,0.0
第二教学楼,2019-04-05,19:00-20:00,0.0
第二教学楼,2019-04-05,20:00-21:00,0.0
第二教学楼,2019-04-05,21:00-22:00,0.0
第二教学楼,2019-04-05,22:00-23:00,0.0
第二教学楼,2019-04-05,23:00-24:00,0.0
第二教学楼,2019-04-06,00:00-01:00,0.0
第二教学楼,2019-04-06,01:00-02:00,0.0
第二教学楼,2019-04-06,02:00-03:00,0.0
第二教学楼,2019-04-06,03:00-04:00,0.0
第二教学楼,2019-04-06,04:00-05:00,0.0
第二教学楼,2019-04-06,05:00-06:00,0.0
第二教学楼,2019-04-06,06:00-07:00,0.0
第二教学楼,2019-04-06,07:00-08:00,0.0
第二教学楼,2019-04-06,08:00-09:00,0.0
第二教学楼,2019-04-06,09:00-10:00,0.0
第二教学楼,2019-04-06,10:00-11:00,0.0
第二教学楼,2019-04-06,11:00-12:00,0.0
第二教学楼,2019-04-06,12:00-13:00,0.0
第二教学楼,2019-04-06,13:00-14:00,0.0
第二教学楼,2019-04-06,14:00-15:00,0.0
第二教学楼,2019-04-06,15:00-16:00,0.0
第二教学楼,2019-04-06,16:00-17:00,0.0
第二教学楼,2019-04-06,17:00-18:00,0.0
第二教学楼,2019-04-06,18:00-19:00,0.0
第二教学楼,2019-04-06,19:00-20:00,0.0
第二教学楼,2019-04-06,20:00-21:00,0.0
第二教学楼,2019-04-06,21:00-22:00,0.0
第二教学楼,2019-04-06,22:00-23:00,0.0
第二教学楼,2019-04-06,23:00-24:00,0.0
第二教学楼,2019-04-07,00:00-01:00,0.0
第二教学楼,2019-04-07,01:00-02:00,0.0
第二教学楼,2019-04-07,02:00-03:00,0.0
第二教学楼,2019-04-07,03:00-04:00,0.0
第二教学楼,2019-04-07,04:00-05:00,0.0
第二教学楼,2019-04-07,05:00-06:00,0.0
第二教学楼,2019-04-07,06:00-07:00,0.0
第二教学楼,2019-04-07,07:00-08:00,0.0
第二教学楼,2019-04-07,08:00-09:00,0.0
第二教学楼,2019-04-07,09:00-10:00,0.0
第二教学楼,2019-04-07,10:00-11:00,0.0
第二教学楼,2019-04-07,11:00-12:00,0.0
第二教学楼,2019-04-07,12:00-13:00,0.0
第二教学楼,2019-04-07,13:00-14:00,0.0
第二教学楼,2019-04-07,14:00-15:00,0.0
第二教学楼,2019-04-07,15:00-16:00,0.0
第二教学楼,2019-04-07,16:00-17:00,0.0
第二教学楼,2019-04-07,17:00-18:00,0.0
第二教学楼,2019-04-07,18:00-19:00,0.0
第二教学楼,2019-04-07,19:00-20:00,0.0
第二教学楼,2019-04-07,20:00-21:00,0.0
第二教学楼,2019-04-07,21:00-22:00,0.0
第二教学楼,2019-04-07,22:00-23:00,0.0
第二教学楼,2019-04-07,23:00-24:00,0.0
第二教学楼,2019-04-08,00:00-01:00,0.0
第二教学楼,2019-04-08,01:00-02:00,0.0
第二教学楼,2019-04-08,02:00-03:00,0.0
第二教学楼,2019-04-08,03:00-04:00,0.0
第二教学楼,2019-04-08,04:00-05:00,0.0
第二教学楼,2019-04-08,05:00-06:00,0.0
第二教学楼,2019-04-08,06:00-07:00,0.0
第二教学楼,2019-04-08,07:00-08:00,0.0
第二教学楼,2019-04-08,08:00-09:00,0.0
第二教学楼,2019-04-08,09:00-10:00,0.0
第二教学楼,2019-04-08,10:00-11:00,0.0
第二教学楼,2019-04-08,11:00-12:00,0.0
第二教学楼,2019-04-08,12:00-13:00,0.0
第二教学楼,2019-04-08,13:00-14:00,0.0
第二教学楼,2019-04-08,14:00-15:00,0.0
第二教学楼,2019-04-08,15:00-16:00,0.0
第二教学楼,2019-04-08,16:00-17:00,0.0
第二教学楼,2019-04-08,17:00-18:00,0.0
第二教学楼,2019-04-08,18:00-19:00,0.0
第二教学楼,2019-04-08,19:00-20:00,0.0
第二教学楼,2019-04-08,20:00-21:00,0.0
第二教学楼,2019-04-08,21:00-22:00,0.0
第二教学楼,2019-04-08,22:00-23:00,0.0
第二教学楼,2019-04-08,23:00-24:00,0.0
第二教学楼,2019-04-09,00:00-01:00,0.0
第二教学楼,2019-04-09,01:00-02:00,0.0
第二教学楼,2019-04-09,02:00-03:00,0.0
第二教学楼,2019-04-09,03:00-04:00,0.0
第二教学楼,2019-04-09,04:00-05:00,0.0
第二教学楼,2019-04-09,05:00-06:00,0.0
第二教学楼,2019-04-09,06:00-07:00,0.0
第二教学楼,2019-04-09,07:00-08:00,0.0
第二教学楼,2019-04-09,08:00-09:00,0.0
第二教学楼,2019-04-09,09:00-10:00,0.0
第二教学楼,2019-04-09,10:00-11:00,0.0
第二教学楼,2019-04-09,11:00-12:00,0.0
第二教学楼,2019-04-09,12:00-13:00,0.0
第二教学楼,2019-04-09,13:00-14:00,0.0
第二教学楼,2019-04-09,14:00-15:00,0.0
第二教学楼,2019-04-09,15:00-16:00,0.0
第二教学楼,2019-04-09,16:00-17:00,0.0
第二教学楼,2019-04-09,17:00-18:00,0.0
第二教学楼,2019-04-09,18:00-19:00,0.0
第二教学楼,2019-04-09,19:00-20:00,0.0
第二教学楼,2019-04-09,20:00-21:00,0.0
第二教学楼,2019-04-09,21:00-22:00,0.0
第二教学楼,2019-04-09,22:00-23:00,0.0
第二教学楼,2019-04-09,23:00-24:00,0.0
第二教学楼,2019-04-10,00:00-01:00,0.0
第二教学楼,2019-04-10,01:00-02:00,0.0
第二教学楼,2019-04-10,02:00-03:00,0.0
第二教学楼,2019-04-10,03:00-04:00,0.0
第二教学楼,2019-04-10,04:00-05:00,0.0
第二教学楼,2019-04-10,05:00-06:00,0.0
第二教学楼,2019-04-10,06:00-07:00,0.0
第二教学楼,2019-04-10,07:00-08:00,0.0
第二教学楼,2019-04-10,08:00-09:00,0.0
第二教学楼,2019-04-10,09:00-10:00,0.0
第二教学楼,2019-04-10,10:00-11:00,0.0
第二教学楼,2019-04-10,11:00-12:00,0.0
第二教学楼,2019-04-10,12:00-13:00,0.0
第二教学楼,2019-04-10,13:00-14:00,0.0
第二教学楼,2019-04-10,14:00-15:00,0.0
第二教学楼,2019-04-10,15:00-16:00,0.0
第二教学楼,2019-04-10,16:00-17:00,0.0
第二教学楼,2019-04-10,17:00-18:00,0.0
第二教学楼,2019-04-10,18:00-19:00,0.0
第二教学楼,2019-04-10,19:00-20:00,0.0
第二教学楼,2019-04-10,20:00-21:00,0.0
第二教学楼,2019-04-10,21:00-22:00,0.0
第二教学楼,2019-04-10,22:00-23:00,0.0
第二教学楼,2019-04-10,23:00-24:00,0.0
第二教学楼,2019-04-11,00:00-01:00,0.0
第二教学楼,2019-04-11,01:00-02:00,0.0
第二教学楼,2019-04-11,02:00-03:00,0.0
第二教学楼,2019-04-11,03:00-04:00,0.0
第二教学楼,2019-04-11,04:00-05:00,0.0
第二教学楼,2019-04-11,05:00-06:00,0.0
第二教学楼,2019-04-11,06:00-07:00,0.0
第二教学楼,2019-04-11,07:00-08:00,0.0
第二教学楼,2019-04-11,08:00-09:00,0.0
第二教学楼,2019-04-11,09:00-10:00,0.0
第二教学楼,2019-04-11,10:00-11:00,0.0
第二教学楼,2019-04-11,11:00-12:00,0.0
第二教学楼,2019-04-11,12:00-13:00,0.0
第二教学楼,2019-04-11,13:00-14:00,0.0
第二教学楼,2019-04-11,14:00-15:00,0.0
第二教学楼,2019-04-11,15:00-16:00,0.0
第二教学楼,2019-04-11,16:00-17:00,0.0
第二教学楼,2019-04-11,17:00-18:00,0.0
第二教学楼,2019-04-11,18:00-19:00,0.0
第二教学楼,2019-04-11,19:00-20:00,0.0
第二教学楼,2019-04-11,20:00-21:00,0.0
第二教学楼,2019-04-11,21:00-22:00,0.0
第二教学楼,2019-04-11,22:00-23:00,0.0
第二教学楼,2019-04-11,23:00-24:00,0.0
第二教学楼,2019-04-12,00:00-01:00,0.0
第二教学楼,2019-04-12,01:00-02:00,0.0
第二教学楼,2019-04-12,02:00-03:00,0.0
第二教学楼,2019-04-12,03:00-04:00,0.0
第二教学楼,2019-04-12,04:00-05:00,0.0
第二教学楼,2019-04-12,05:00-06:00,0.0
第二教学楼,2019-04-12,06:00-07:00,0.0
第二教学楼,2019-04-12,07:00-08:00,0.0
第二教学楼,2019-04-12,08:00-09:00,0.0
第二教学楼,2019-04-12,09:00-10:00,0.0
第二教学楼,2019-04-12,10:00-11:00,0.0
第二教学楼,2019-04-12,11:00-12:00,0.0
第二教学楼,2019-04-12,12:00-13:00,0.0
第二教学楼,2019-04-12,13:00-14:00,0.0
第二教学楼,2019-04-12,14:00-15:00,0.0
第二教学楼,2019-04-12,15:00-16:00,0.0
第二教学楼,2019-04-12,16:00-17:00,0.0
第二教学楼,2019-04-12,17:00-18:00,0.0
第二教学楼,2019-04-12,18:00-19:00,0.0
第二教学楼,2019-04-12,19:00-20:00,0.0
第二教学楼,2019-04-12,20:00-21:00,0.0
第二教学楼,2019-04-12,21:00-22:00,0.0
第二教学楼,2019-04-12,22:00-23:00,0.0
第二教学楼,2019-04-12,23:00-24:00,0.0
第二教学楼,2019-04-13,00:00-01:00,0.0
第二教学楼,2019-04-13,01:00-02:00,0.0
第二教学楼,2019-04-13,02:00-03:00,0.0
第二教学楼,2019-04-13,03:00-04:00,0.0
第二教学楼,2019-04-13,04:00-05:00,0.0
第二教学楼,2019-04-13,05:00-06:00,0.0
第二教学楼,2019-04-13,06:00-07:00,0.0
第二教学楼,2019-04-13,07:00-08:00,0.0
第二教学楼,2019-04-13,08:00-09:00,0.0
第二教学楼,2019-04-13,09:00-10:00,0.0
第二教学楼,2019-04-13,10:00-11:00,0.0
第二教学楼,2019-04-13,11:00-12:00,0.0
第二教学楼,2019-04-13,12:00-13:00,0.0
第二教学楼,2019-04-13,13:00-14:00,0.0
第二教学楼,2019-04-13,14:00-15:00,0.0
第二教学楼,2019-04-13,15:00-16:00,0.0
第二教学楼,2019-04-13,16:00-17:00,0.0
第二教学楼,2019-04-13,17:00-18:00,0.0
第二教学楼,2019-04-13,18:00-19:00,0.0
第二教学楼,2019-04-13,19:00-20:00,0.0
第二教学楼,2019-04-13,20:00-21:00,0.0
第二教学楼,2019-04-13,21:00-22:00,0.0
第二教学楼,2019-04-13,22:00-23:00,0.0
第二教学楼,2019-04-13,23:00-24:00,0.0
第二教学楼,2019-04-14,00:00-01:00,0.0
第二教学楼,2019-04-14,01:00-02:00,0.0
第二教学楼,2019-04-14,02:00-03:00,0.0
第二教学楼,2019-04-14,03:00-04:00,0.0
第二教学楼,2019-04-14,04:00-05:00,0.0
第二教学楼,2019-04-14,05:00-06:00,0.0
第二教学楼,2019-04-14,06:00-07:00,0.0
第二教学楼,2019-04-14,07:00-08:00,0.0
第二教学楼,2019-04-14,08:00-09:00,0.0
第二教学楼,2019-04-14,09:00-10:00,0.0
第二教学楼,2019-04-14,10:00-11:00,0.0
第二教学楼,2019-04-14,11:00-12:00,0.0
第二教学楼,2019-04-14,12:00-13:00,0.0
第二教学楼,2019-04-14,13:00-14:00,0.0
第二教学楼,2019-04-14,14:00-15:00,0.0
第二教学楼,2019-04-14,15:00-16:00,0.0
第二教学楼,2019-04-14,16:00-17:00,0.0
第二教学楼,2019-04-14,17:00-18:00,0.0
第二教学楼,2019-04-14,18:00-19:00,0.0
第二教学楼,2019-04-14,19:00-20:00,0.0
第二教学楼,2019-04-14,20:00-21:00,0.0
第二教学楼,2019-04-14,21:00-22:00,0.0
第二教学楼,2019-04-14,22:00-23:00,0.0
第二教学楼,2019-04-14,23:00-24:00,0.0
第二教学楼,2019-04-15,00:00-01:00,0.0
第二教学楼,2019-04-15,01:00-02:00,0.0
第二教学楼,2019-04-15,02:00-03:00,0.0
第二教学楼,2019-04-15,03:00-04:00,0.0
第二教学楼,2019-04-15,04:00-05:00,0.0
第二教学楼,2019-04-15,05:00-06:00,0.0
第二教学楼,2019-04-15,06:00-07:00,0.0
第二教学楼,2019-04-15,07:00-08:00,0.0
第二教学楼,2019-04-15,08:00-09:00,0.0
第二教学楼,2019-04-15,09:00-10:00,0.0
第二教学楼,2019-04-15,10:00-11:00,0.0
第二教学楼,2019-04-15,11:00-12:00,0.0
第二教学楼,2019-04-15,12:00-13:00,0.0
第二教学楼,2019-04-15,13:00-14:00,0.0
第二教学楼,2019-04-15,14:00-15:00,0.0
第二教学楼,2019-04-15,15:00-16:00,0.0
第二教学楼,2019-04-15,16:00-17:00,0.0
第二教学楼,2019-04-15,17:00-18:00,0.0
第二教学楼,2019-04-15,18:00-19:00,0.0
第二教学楼,2019-04-15,19:00-20:00,0.0
第二教学楼,2019-04-15,20:00-21:00,0.0
第二教学楼,2019-04-15,21:00-22:00,0.0
第二教学楼,2019-04-15,22:00-23:00,0.0
第二教学楼,2019-04-15,23:00-24:00,0.0
第二教学楼,2019-04-16,00:00-01:00,0.0
第二教学楼,2019-04-16,01:00-02:00,0.0
第二教学楼,2019-04-16,02:00-03:00,0.0
第二教学楼,2019-04-16,03:00-04:00,0.0
第二教学楼,2019-04-16,04:00-05:00,0.0
第二教学楼,2019-04-16,05:00-06:00,0.0
第二教学楼,2019-04-16,06:00-07:00,0.0
第二教学楼,2019-04-16,07:00-08:00,0.0
第二教学楼,2019-04-16,08:00-09:00,0.0
第二教学楼,2019-04-16,09:00-10:00,0.0
第二教学楼,2019-04-16,10:00-11:00,0.0
第二教学楼,2019-04-16,11:00-12:00,0.0
第二教学楼,2019-04-16,12:00-13:00,0.0
第二教学楼,2019-04-16,13:00-14:00,0.0
第二教学楼,2019-04-16,14:00-15:00,0.0
第二教学楼,2019-04-16,15:00-16:00,0.0
第二教学楼,2019-04-16,16:00-17:00,0.0
第二教学楼,2019-04-16,17:00-18:00,0.0
第二教学楼,2019-04-16,18:00-19:00,0.0
第二教学楼,2019-04-16,19:00-20:00,0.0
第二教学楼,2019-04-16,20:00-21:00,0.0
第二教学楼,2019-04-16,21:00-22:00,0.0
第二教学楼,2019-04-16,22:00-23:00,0.0
第二教学楼,2019-04-16,23:00-24:00,0.0
第二教学楼,2019-04-17,00:00-01:00,0.0
第二教学楼,2019-04-17,01:00-02:00,0.0
第二教学楼,2019-04-17,02:00-03:00,0.0
第二教学楼,2019-04-17,03:00-04:00,0.0
第二教学楼,2019-04-17,04:00-05:00,0.0
第二教学楼,2019-04-17,05:00-06:00,0.0
第二教学楼,2019-04-17,06:00-07:00,0.0
第二教学楼,2019-04-17,07:00-08:00,0.0
第二教学楼,2019-04-17,08:00-09:00,0.0
第二教学楼,2019-04-17,09:00-10:00,0.0
第二教学楼,2019-04-17,10:00-11:00,0.0
第二教学楼,2019-04-17,11:00-12:00,0.0
第二教学楼,2019-04-17,12:00-13:00,0.0
第二教学楼,2019-04-17,13:00-14:00,0.0
第二教学楼,2019-04-17,14:00-15:00,0.0
第二教学楼,2019-04-17,15:00-16:00,0.0
第二教学楼,2019-04-17,16:00-17:00,0.0
第二教学楼,2019-04-17,17:00-18:00,0.0
第二教学楼,2019-04-17,18:00-19:00,0.0
第二教学楼,2019-04-17,19:00-20:00,0.0
第二教学楼,2019-04-17,20:00-21:00,0.0
第二教学楼,2019-04-17,21:00-22:00,0.0
第二教学楼,2019-04-17,22:00-23:00,0.0
第二教学楼,2019-04-17,23:00-24:00,0.0
第二教学楼,2019-04-18,00:00-01:00,0.0
第二教学楼,2019-04-18,01:00-02:00,0.0
第二教学楼,2019-04-18,02:00-03:00,0.0
第二教学楼,2019-04-18,03:00-04:00,0.0
第二教学楼,2019-04-18,04:00-05:00,0.0
第二教学楼,2019-04-18,05:00-06:00,0.0
第二教学楼,2019-04-18,06:00-07:00,0.0
第二教学楼,2019-04-18,07:00-08:00,0.0
第二教学楼,2019-04-18,08:00-09:00,0.0
第二教学楼,2019-04-18,09:00-10:00,0.0
第二教学楼,2019-04-18,10:00-11:00,0.0
第二教学楼,2019-04-18,11:00-12:00,0.0
第二教学楼,2019-04-18,12:00-13:00,0.0
第二教学楼,2019-04-18,13:00-14:00,0.0
第二教学楼,2019-04-18,14:00-15:00,0.0
第二教学楼,2019-04-18,15:00-16:00,0.0
第二教学楼,2019-04-18,16:00-17:00,0.0
第二教学楼,2019-04-18,17:00-18:00,0.0
第二教学楼,2019-04-18,18:00-19:00,0.0
第二教学楼,2019-04-18,19:00-20:00,0.0
第二教学楼,2019-04-18,20:00-21:00,0.0
第二教学楼,2019-04-18,21:00-22:00,0.0
第二教学楼,2019-04-18,22:00-23:00,0.0
第二教学楼,2019-04-18,23:00-24:00,0.0
第二教学楼,2019-04-19,00:00-01:00,0.0
第二教学楼,2019-04-19,01:00-02:00,0.0
第二教学楼,2019-04-19,02:00-03:00,0.0
第二教学楼,2019-04-19,03:00-04:00,0.0
第二教学楼,2019-04-19,04:00-05:00,0.0
第二教学楼,2019-04-19,05:00-06:00,0.0
第二教学楼,2019-04-19,06:00-07:00,0.0
第二教学楼,2019-04-19,07:00-08:00,0.0
第二教学楼,2019-04-19,08:00-09:00,0.0
第二教学楼,2019-04-19,09:00-10:00,0.0
第二教学楼,2019-04-19,10:00-11:00,0.0
第二教学楼,2019-04-19,11:00-12:00,0.0
第二教学楼,2019-04-19,12:00-13:00,0.0
第二教学楼,2019-04-19,13:00-14:00,0.0
第二教学楼,2019-04-19,14:00-15:00,0.0
第二教学楼,2019-04-19,15:00-16:00,0.0
第二教学楼,2019-04-19,16:00-17:00,0.0
第二教学楼,2019-04-19,17:00-18:00,0.0
第二教学楼,2019-04-19,18:00-19:00,0.0
第二教学楼,2019-04-19,19:00-20:00,0.0
第二教学楼,2019-04-19,20:00-21:00,0.0
第二教学楼,2019-04-19,21:00-22:00,0.0
第二教学楼,2019-04-19,22:00-23:00,0.0
第二教学楼,2019-04-19,23:00-24:00,0.0
第二教学楼,2019-04-20,00:00-01:00,0.0
第二教学楼,2019-04-20,01:00-02:00,0.0
第二教学楼,2019-04-20,02:00-03:00,0.0
第二教学楼,2019-04-20,03:00-04:00,0.0
第二教学楼,2019-04-20,04:00-05:00,0.0
第二教学楼,2019-04-20,05:00-06:00,0.0
第二教学楼,2019-04-20,06:00-07:00,0.0
第二教学楼,2019-04-20,07:00-08:00,0.0
第二教学楼,2019-04-20,08:00-09:00,0.0
第二教学楼,2019-04-20,09:00-10:00,0.0
第二教学楼,2019-04-20,10:00-11:00,0.0
第二教学楼,2019-04-20,11:00-12:00,0.0
第二教学楼,2019-04-20,12:00-13:00,0.0
第二教学楼,2019-04-20,13:00-14:00,0.0
第二教学楼,2019-04-20,14:00-15:00,0.0
第二教学楼,2019-04-20,15:00-16:00,0.0
第二教学楼,2019-04-20,16:00-17:00,0.0
第二教学楼,2019-04-20,17:00-18:00,0.0
第二教学楼,2019-04-20,18:00-19:00,0.0
第二教学楼,2019-04-20,19:00-20:00,0.0
第二教学楼,2019-04-20,20:00-21:00,0.0
第二教学楼,2019-04-20,21:00-22:00,0.0
第二教学楼,2019-04-20,22:00-23:00,0.0
第二教学楼,2019-04-20,23:00-24:00,0.0
第二教学楼,2019-04-21,00:00-01:00,0.0
第二教学楼,2019-04-21,01:00-02:00,0.0
第二教学楼,2019-04-21,02:00-03:00,0.0
第二教学楼,2019-04-21,03:00-04:00,0.0
第二教学楼,2019-04-21,04:00-05:00,0.0
第二教学楼,2019-04-21,05:00-06:00,0.0
第二教学楼,2019-04-21,06:00-07:00,0.0
第二教学楼,2019-04-21,07:00-08:00,0.0
第二教学楼,2019-04-21,08:00-09:00,0.0
第二教学楼,2019-04-21,09:00-10:00,0.0
第二教学楼,2019-04-21,10:00-11:00,0.0
第二教学楼,2019-04-21,11:00-12:00,0.0
第二教学楼,2019-04-21,12:00-13:00,0.0
第二教学楼,2019-04-21,13:00-14:00,0.0
第二教学楼,2019-04-21,14:00-15:00,0.0
第二教学楼,2019-04-21,15:00-16:00,0.0
第二教学楼,2019-04-21,16:00-17:00,0.0
第二教学楼,2019-04-21,17:00-18:00,0.0
第二教学楼,2019-04-21,18:00-19:00,0.0
第二教学楼,2019-04-21,19:00-20:00,0.0
第二教学楼,2019-04-21,20:00-21:00,0.0
第二教学楼,2019-04-21,21:00-22:00,0.0
第二教学楼,2019-04-21,22:00-23:00,0.0
第二教学楼,2019-04-21,23:00-24:00,0.0
第二教学楼,2019-04-22,00:00-01:00,0.0
第二教学楼,2019-04-22,01:00-02:00,0.0
第二教学楼,2019-04-22,02:00-03:00,0.0
第二教学楼,2019-04-22,03:00-04:00,0.0
第二教学楼,2019-04-22,04:00-05:00,0.0
第二教学楼,2019-04-22,05:00-06:00,0.0
第二教学楼,2019-04-22,06:00-07:00,0.0
第二教学楼,2019-04-22,07:00-08:00,0.0
第二教学楼,2019-04-22,08:00-09:00,0.0
第二教学楼,2019-04-22,09:00-10:00,0.0
第二教学楼,2019-04-22,10:00-11:00,0.0
第二教学楼,2019-04-22,11:00-12:00,0.0
第二教学楼,2019-04-22,12:00-13:00,0.0
第二教学楼,2019-04-22,13:00-14:00,0.0
第二教学楼,2019-04-22,14:00-15:00,0.0
第二教学楼,2019-04-22,15:00-16:00,0.0
第二教学楼,2019-04-22,16:00-17:00,0.0
第二教学楼,2019-04-22,17:00-18:00,0.0
第二教学楼,2019-04-22,18:00-19:00,0.0
第二教学楼,2019-04-22,19:00-20:00,0.0
第二教学楼,2019-04-22,20:00-21:00,0.0
第二教学楼,2019-04-22,21:00-22:00,0.0
第二教学楼,2019-04-22,22:00-23:00,0.0
第二教学楼,2019-04-22,23:00-24:00,0.0
第二教学楼,2019-04-23,00:00-01:00,0.0
第二教学楼,2019-04-23,01:00-02:00,0.0
第二教学楼,2019-04-23,02:00-03:00,0.0
第二教学楼,2019-04-23,03:00-04:00,0.0
第二教学楼,2019-04-23,04:00-05:00,0.0
第二教学楼,2019-04-23,05:00-06:00,0.0
第二教学楼,2019-04-23,06:00-07:00,0.0
第二教学楼,2019-04-23,07:00-08:00,0.0
第二教学楼,2019-04-23,08:00-09:00,0.0
第二教学楼,2019-04-23,09:00-10:00,0.0
第二教学楼,2019-04-23,10:00-11:00,0.0
第二教学楼,2019-04-23,11:00-12:00,0.0
第二教学楼,2019-04-23,12:00-13:00,0.0
第二教学楼,2019-04-23,13:00-14:00,0.0
第二教学楼,2019-04-23,14:00-15:00,0.0
第二教学楼,2019-04-23,15:00-16:00,0.0
第二教学楼,2019-04-23,16:00-17:00,0.0
第二教学楼,2019-04-23,17:00-18:00,0.0
第二教学楼,2019-04-23,18:00-19:00,0.0
第二教学楼,2019-04-23,19:00-20:00,0.0
第二教学楼,2019-04-23,20:00-21:00,0.0
第二教学楼,2019-04-23,21:00-22:00,0.0
第二教学楼,2019-04-23,22:00-23:00,0.0
第二教学楼,2019-04-23,23:00-24:00,0.0
第二教学楼,2019-04-24,00:00-01:00,20.0
第二教学楼,2019-04-24,01:00-02:00,0.0
第二教学楼,2019-04-24,02:00-03:00,0.0
第二教学楼,2019-04-24,03:00-04:00,0.0
第二教学楼,2019-04-24,04:00-05:00,0.0
第二教学楼,2019-04-24,05:00-06:00,0.0
第二教学楼,2019-04-24,06:00-07:00,0.0
第二教学楼,2019-04-24,07:00-08:00,0.0
第二教学楼,2019-04-24,08:00-09:00,0.0
第二教学楼,2019-04-24,09:00-10:00,0.0
第二教学楼,2019-04-24,10:00-11:00,0.0
第二教学楼,2019-04-24,11:00-12:00,0.0
第二教学楼,2019-04-24,12:00-13:00,0.0
第二教学楼,2019-04-24,13:00-14:00,0.0
第二教学楼,2019-04-24,14:00-15:00,0.0
第二教学楼,2019-04-24,15:00-16:00,0.0
第二教学楼,2019-04-24,16:00-17:00,0.0
第二教学楼,2019-04-24,17:00-18:00,0.0
第二教学楼,2019-04-24,18:00-19:00,0.0
第二教学楼,2019-04-24,19:00-20:00,0.0
第二教学楼,2019-04-24,20:00-21:00,0.0
第二教学楼,2019-04-24,21:00-22:00,0.0
第二教学楼,2019-04-24,22:00-23:00,0.0
第二教学楼,2019-04-24,23:00-24:00,0.0
第二教学楼,2019-04-25,00:00-01:00,0.0
第二教学楼,2019-04-25,01:00-02:00,0.0
第二教学楼,2019-04-25,02:00-03:00,0.0
第二教学楼,2019-04-25,03:00-04:00,0.0
第二教学楼,2019-04-25,04:00-05:00,0.0
第二教学楼,2019-04-25,05:00-06:00,0.0
第二教学楼,2019-04-25,06:00-07:00,0.0
第二教学楼,2019-04-25,07:00-08:00,0.0
第二教学楼,2019-04-25,08:00-09:00,0.0
第二教学楼,2019-04-25,09:00-10:00,0.0
第二教学楼,2019-04-25,10:00-11:00,0.0
第二教学楼,2019-04-25,11:00-12:00,0.0
第二教学楼,2019-04-25,12:00-13:00,0.0
第二教学楼,2019-04-25,13:00-14:00,0.0
第二教学楼,2019-04-25,14:00-15:00,0.0
第二教学楼,2019-04-25,15:00-16:00,0.0
第二教学楼,2019-04-25,16:00-17:00,0.0
第二教学楼,2019-04-25,17:00-18:00,0.0
第二教学楼,2019-04-25,18:00-19:00,0.0
第二教学楼,2019-04-25,19:00-20:00,0.0
第二教学楼,2019-04-25,20:00-21:00,0.0
第二教学楼,2019-04-25,21:00-22:00,0.0
第二教学楼,2019-04-25,22:00-23:00,0.0
第二教学楼,2019-04-25,23:00-24:00,0.0
第二教学楼,2019-04-26,00:00-01:00,0.0
第二教学楼,2019-04-26,01:00-02:00,0.0
第二教学楼,2019-04-26,02:00-03:00,0.0
第二教学楼,2019-04-26,03:00-04:00,0.0
第二教学楼,2019-04-26,04:00-05:00,0.0
第二教学楼,2019-04-26,05:00-06:00,0.0
第二教学楼,2019-04-26,06:00-07:00,0.0
第二教学楼,2019-04-26,07:00-08:00,0.0
第二教学楼,2019-04-26,08:00-09:00,0.0
第二教学楼,2019-04-26,09:00-10:00,0.0
第二教学楼,2019-04-26,10:00-11:00,0.0
第二教学楼,2019-04-26,11:00-12:00,0.0
第二教学楼,2019-04-26,12:00-13:00,0.0
第二教学楼,2019-04-26,13:00-14:00,0.0
第二教学楼,2019-04-26,14:00-15:00,0.0
第二教学楼,2019-04-26,15:00-16:00,0.0
第二教学楼,2019-04-26,16:00-17:00,0.0
第二教学楼,2019-04-26,17:00-18:00,0.0
第二教学楼,2019-04-26,18:00-19:00,0.0
第二教学楼,2019-04-26,19:00-20:00,0.0
第二教学楼,2019-04-26,20:00-21:00,0.0
第二教学楼,2019-04-26,21:00-22:00,0.0
第二教学楼,2019-04-26,22:00-23:00,0.0
第二教学楼,2019-04-26,23:00-24:00,0.0
第二教学楼,2019-04-27,00:00-01:00,0.0
第二教学楼,2019-04-27,01:00-02:00,0.0
第二教学楼,2019-04-27,02:00-03:00,0.0
第二教学楼,2019-04-27,03:00-04:00,0.0
第二教学楼,2019-04-27,04:00-05:00,0.0
第二教学楼,2019-04-27,05:00-06:00,0.0
第二教学楼,2019-04-27,06:00-07:00,0.0
第二教学楼,2019-04-27,07:00-08:00,0.0
第二教学楼,2019-04-27,08:00-09:00,0.0
第二教学楼,2019-04-27,09:00-10:00,0.0
第二教学楼,2019-04-27,10:00-11:00,0.0
第二教学楼,2019-04-27,11:00-12:00,0.0
第二教学楼,2019-04-27,12:00-13:00,0.0
第二教学楼,2019-04-27,13:00-14:00,0.0
第二教学楼,2019-04-27,14:00-15:00,0.0
第二教学楼,2019-04-27,15:00-16:00,0.0
第二教学楼,2019-04-27,16:00-17:00,0.0
第二教学楼,2019-04-27,17:00-18:00,0.0
第二教学楼,2019-04-27,18:00-19:00,0.0
第二教学楼,2019-04-27,19:00-20:00,0.0
第二教学楼,2019-04-27,20:00-21:00,0.0
第二教学楼,2019-04-27,21:00-22:00,0.0
第二教学楼,2019-04-27,22:00-23:00,0.0
第二教学楼,2019-04-27,23:00-24:00,0.0
第二教学楼,2019-04-28,00:00-01:00,0.0
第二教学楼,2019-04-28,01:00-02:00,0.0
第二教学楼,2019-04-28,02:00-03:00,0.0
第二教学楼,2019-04-28,03:00-04:00,0.0
第二教学楼,2019-04-28,04:00-05:00,0.0
第二教学楼,2019-04-28,05:00-06:00,0.0
第二教学楼,2019-04-28,06:00-07:00,0.0
第二教学楼,2019-04-28,07:00-08:00,0.0
第二教学楼,2019-04-28,08:00-09:00,0.0
第二教学楼,2019-04-28,09:00-10:00,0.0
第二教学楼,2019-04-28,10:00-11:00,0.0
第二教学楼,2019-04-28,11:00-12:00,0.0
第二教学楼,2019-04-28,12:00-13:00,0.0
第二教学楼,2019-04-28,13:00-14:00,0.0
第二教学楼,2019-04-28,14:00-15:00,0.0
第二教学楼,2019-04-28,15:00-16:00,0.0
第二教学楼,2019-04-28,16:00-17:00,0.0
第二教学楼,2019-04-28,17:00-18:00,0.0
第二教学楼,2019-04-28,18:00-19:00,0.0
第二教学楼,2019-04-28,19:00-20:00,0.0
第二教学楼,2019-04-28,20:00-21:00,0.0
第二教学楼,2019-04-28,21:00-22:00,0.0
第二教学楼,2019-04-28,22:00-23:00,0.0
第二教学楼,2019-04-28,23:00-24:00,0.0
第二教学楼,2019-04-29,00:00-01:00,0.0
第二教学楼,2019-04-29,01:00-02:00,0.0
第二教学楼,2019-04-29,02:00-03:00,0.0
第二教学楼,2019-04-29,03:00-04:00,0.0
第二教学楼,2019-04-29,04:00-05:00,0.0
第二教学楼,2019-04-29,05:00-06:00,0.0
第二教学楼,2019-04-29,06:00-07:00,0.0
第二教学楼,2019-04-29,07:00-08:00,0.0
第二教学楼,2019-04-29,08:00-09:00,0.0
第二教学楼,2019-04-29,09:00-10:00,0.0
第二教学楼,2019-04-29,10:00-11:00,0.0
第二教学楼,2019-04-29,11:00-12:00,0.0
第二教学楼,2019-04-29,12:00-13:00,0.0
第二教学楼,2019-04-29,13:00-14:00,0.0
第二教学楼,2019-04-29,14:00-15:00,0.0
第二教学楼,2019-04-29,15:00-16:00,0.0
第二教学楼,2019-04-29,16:00-17:00,0.0
第二教学楼,2019-04-29,17:00-18:00,0.0
第二教学楼,2019-04-29,18:00-19:00,0.0
第二教学楼,2019-04-29,19:00-20:00,0.0
第二教学楼,2019-04-29,20:00-21:00,0.0
第二教学楼,2019-04-29,21:00-22:00,0.0
第二教学楼,2019-04-29,22:00-23:00,0.0
第二教学楼,2019-04-29,23:00-24:00,0.0
第二教学楼,2019-04-30,00:00-01:00,0.0
第二教学楼,2019-04-30,01:00-02:00,0.0
第二教学楼,2019-04-30,02:00-03:00,0.0
第二教学楼,2019-04-30,03:00-04:00,0.0
第二教学楼,2019-04-30,04:00-05:00,0.0
第二教学楼,2019-04-30,05:00-06:00,0.0
第二教学楼,2019-04-30,06:00-07:00,0.0
第二教学楼,2019-04-30,07:00-08:00,0.0
第二教学楼,2019-04-30,08:00-09:00,0.0
第二教学楼,2019-04-30,09:00-10:00,0.0
第二教学楼,2019-04-30,10:00-11:00,0.0
第二教学楼,2019-04-30,11:00-12:00,0.0
第二教学楼,2019-04-30,12:00-13:00,0.0
第二教学楼,2019-04-30,13:00-14:00,0.0
第二教学楼,2019-04-30,14:00-15:00,0.0
第二教学楼,2019-04-30,15:00-16:00,0.0
第二教学楼,2019-04-30,16:00-17:00,0.0
第二教学楼,2019-04-30,17:00-18:00,0.0
第二教学楼,2019-04-30,18:00-19:00,0.0
第二教学楼,2019-04-30,19:00-20:00,0.0
第二教学楼,2019-04-30,20:00-21:00,0.0
第二教学楼,2019-04-30,21:00-22:00,0.0
第二教学楼,2019-04-30,22:00-23:00,0.0
第二教学楼,2019-04-30,23:00-24:00,0.0
第二食堂,2019-04-01,00:00-01:00,0.0
第二食堂,2019-04-01,01:00-02:00,0.0
第二食堂,2019-04-01,02:00-03:00,0.0
第二食堂,2019-04-01,03:00-04:00,0.0
第二食堂,2019-04-01,04:00-05:00,0.0
第二食堂,2019-04-01,05:00-06:00,0.0
第二食堂,2019-04-01,06:00-07:00,92.6
第二食堂,2019-04-01,07:00-08:00,2485.07
第二食堂,2019-04-01,08:00-09:00,422.3
第二食堂,2019-04-01,09:00-10:00,729.3
第二食堂,2019-04-01,10:00-11:00,215.3
第二食堂,2019-04-01,11:00-12:00,3712.48
第二食堂,2019-04-01,12:00-13:00,1446.6
第二食堂,2019-04-01,13:00-14:00,85.5
第二食堂,2019-04-01,14:00-15:00,37.5
第二食堂,2019-04-01,15:00-16:00,29.8
第二食堂,2019-04-01,16:00-17:00,531.5
第二食堂,2019-04-01,17:00-18:00,1124.1
第二食堂,2019-04-01,18:00-19:00,1720.59
第二食堂,2019-04-01,19:00-20:00,372.1
第二食堂,2019-04-01,20:00-21:00,208.6
第二食堂,2019-04-01,21:00-22:00,280.5
第二食堂,2019-04-01,22:00-23:00,50.5
第二食堂,2019-04-01,23:00-24:00,0.0
第二食堂,2019-04-02,00:00-01:00,0.0
第二食堂,2019-04-02,01:00-02:00,0.0
第二食堂,2019-04-02,02:00-03:00,0.0
第二食堂,2019-04-02,03:00-04:00,0.0
第二食堂,2019-04-02,04:00-05:00,0.0
第二食堂,2019-04-02,05:00-06:00,0.0
第二食堂,2019-04-02,06:00-07:00,73.2
第二食堂,2019-04-02,07:00-08:00,2037.99
第二食堂,2019-04-02,08:00-09:00,753.7
第二食堂,2019-04-02,09:00-10:00,656.7
第二食堂,2019-04-02,10:00-11:00,362.7
第二食堂,2019-04-02,11:00-12:00,4471.09
第二食堂,2019-04-02,12:00-13:00,1453.4
第二食堂,2019-04-02,13:00-14:00,52.2
第二食堂,2019-04-02,14:00-15:00,8.0
第二食堂,2019-04-02,15:00-16:00,46.0
第二食堂,2019-04-02,16:00-17:00,678.2
第二食堂,2019-04-02,17:00-18:00,1675.3
第二食堂,2019-04-02,18:00-19:00,1404.0
第二食堂,2019-04-02,19:00-20:00,364.7
第二食堂,2019-04-02,20:00-21:00,320.0
第二食堂,2019-04-02,21:00-22:00,239.1
第二食堂,2019-04-02,22:00-23:00,130.0
第二食堂,2019-04-02,23:00-24:00,5.0
第二食堂,2019-04-03,00:00-01:00,1052.5
第二食堂,2019-04-03,01:00-02:00,0.0
第二食堂,2019-04-03,02:00-03:00,0.0
第二食堂,2019-04-03,03:00-04:00,0.0
第二食堂,2019-04-03,04:00-05:00,0.0
第二食堂,2019-04-03,05:00-06:00,0.0
第二食堂,2019-04-03,06:00-07:00,71.6
第二食堂,2019-04-03,07:00-08:00,2376.29
第二食堂,2019-04-03,08:00-09:00,221.7
第二食堂,2019-04-03,09:00-10:00,131.6
第二食堂,2019-04-03,10:00-11:00,539.3
第二食堂,2019-04-03,11:00-12:00,265.3
第二食堂,2019-04-03,12:00-13:00,3793.3
第二食堂,2019-04-03,13:00-14:00,1465.49
第二食堂,2019-04-03,14:00-15:00,46.0
第二食堂,2019-04-03,15:00-16:00,105.0
第二食堂,2019-04-03,16:00-17:00,821.0
第二食堂,2019-04-03,17:00-18:00,2421.9
第二食堂,2019-04-03,18:00-19:00,1869.5
第二食堂,2019-04-03,19:00-20:00,438.1
第二食堂,2019-04-03,20:00-21:00,164.2
第二食堂,2019-04-03,21:00-22:00,482.1
第二食堂,2019-04-03,22:00-23:00,266.8
第二食堂,2019-04-03,23:00-24:00,3.5
第二食堂,2019-04-04,00:00-01:00,0.0
第二食堂,2019-04-04,01:00-02:00,0.0
第二食堂,2019-04-04,02:00-03:00,0.0
第二食堂,2019-04-04,03:00-04:00,0.0
第二食堂,2019-04-04,04:00-05:00,0.0
第二食堂,2019-04-04,05:00-06:00,0.0
第二食堂,2019-04-04,06:00-07:00,56.9
第二食堂,2019-04-04,07:00-08:00,2638.3
第二食堂,2019-04-04,08:00-09:00,725.6
第二食堂,2019-04-04,09:00-10:00,728.4
第二食堂,2019-04-04,10:00-11:00,491.7
第二食堂,2019-04-04,11:00-12:00,4003.89
第二食堂,2019-04-04,12:00-13:00,1476.4
第二食堂,2019-04-04,13:00-14:00,270.9
第二食堂,2019-04-04,14:00-15:00,9.0
第二食堂,2019-04-04,15:00-16:00,32.4
第二食堂,2019-04-04,16:00-17:00,451.3
第二食堂,2019-04-04,17:00-18:00,2417.6
第二食堂,2019-04-04,18:00-19:00,1334.9
第二食堂,2019-04-04,19:00-20:00,300.6
第二食堂,2019-04-04,20:00-21:00,103.0
第二食堂,2019-04-04,21:00-22:00,444.1
第二食堂,2019-04-04,22:00-23:00,202.5
第二食堂,2019-04-04,23:00-24:00,0.0
第二食堂,2019-04-05,00:00-01:00,0.0
第二食堂,2019-04-05,01:00-02:00,0.0
第二食堂,2019-04-05,02:00-03:00,0.0
第二食堂,2019-04-05,03:00-04:00,0.0
第二食堂,2019-04-05,04:00-05:00,0.0
第二食堂,2019-04-05,05:00-06:00,0.0
第二食堂,2019-04-05,06:00-07:00,0.0
第二食堂,2019-04-05,07:00-08:00,0.0
第二食堂,2019-04-05,08:00-09:00,0.0
第二食堂,2019-04-05,09:00-10:00,0.0
第二食堂,2019-04-05,10:00-11:00,0.0
第二食堂,2019-04-05,11:00-12:00,0.0
第二食堂,2019-04-05,12:00-13:00,0.0
第二食堂,2019-04-05,13:00-14:00,0.0
第二食堂,2019-04-05,14:00-15:00,0.0
第二食堂,2019-04-05,15:00-16:00,0.0
第二食堂,2019-04-05,16:00-17:00,0.0
第二食堂,2019-04-05,17:00-18:00,0.0
第二食堂,2019-04-05,18:00-19:00,0.0
第二食堂,2019-04-05,19:00-20:00,0.0
第二食堂,2019-04-05,20:00-21:00,0.0
第二食堂,2019-04-05,21:00-22:00,0.0
第二食堂,2019-04-05,22:00-23:00,0.0
第二食堂,2019-04-05,23:00-24:00,0.0
第二食堂,2019-04-06,00:00-01:00,0.0
第二食堂,2019-04-06,01:00-02:00,0.0
第二食堂,2019-04-06,02:00-03:00,0.0
第二食堂,2019-04-06,03:00-04:00,0.0
第二食堂,2019-04-06,04:00-05:00,0.0
第二食堂,2019-04-06,05:00-06:00,0.0
第二食堂,2019-04-06,06:00-07:00,0.0
第二食堂,2019-04-06,07:00-08:00,0.0
第二食堂,2019-04-06,08:00-09:00,0.0
第二食堂,2019-04-06,09:00-10:00,0.0
第二食堂,2019-04-06,10:00-11:00,0.0
第二食堂,2019-04-06,11:00-12:00,0.0
第二食堂,2019-04-06,12:00-13:00,0.0
第二食堂,2019-04-06,13:00-14:00,0.0
第二食堂,2019-04-06,14:00-15:00,0.0
第二食堂,2019-04-06,15:00-16:00,0.0
第二食堂,2019-04-06,16:00-17:00,0.0
第二食堂,2019-04-06,17:00-18:00,0.0
第二食堂,2019-04-06,18:00-19:00,0.0
第二食堂,2019-04-06,19:00-20:00,0.0
第二食堂,2019-04-06,20:00-21:00,0.0
第二食堂,2019-04-06,21:00-22:00,0.0
第二食堂,2019-04-06,22:00-23:00,0.0
第二食堂,2019-04-06,23:00-24:00,0.0
第二食堂,2019-04-07,00:00-01:00,0.0
第二食堂,2019-04-07,01:00-02:00,0.0
第二食堂,2019-04-07,02:00-03:00,0.0
第二食堂,2019-04-07,03:00-04:00,0.0
第二食堂,2019-04-07,04:00-05:00,0.0
第二食堂,2019-04-07,05:00-06:00,0.0
第二食堂,2019-04-07,06:00-07:00,0.0
第二食堂,2019-04-07,07:00-08:00,0.0
第二食堂,2019-04-07,08:00-09:00,0.0
第二食堂,2019-04-07,09:00-10:00,0.0
第二食堂,2019-04-07,10:00-11:00,0.0
第二食堂,2019-04-07,11:00-12:00,0.0
第二食堂,2019-04-07,12:00-13:00,0.0
第二食堂,2019-04-07,13:00-14:00,32.0
第二食堂,2019-04-07,14:00-15:00,10.0
第二食堂,2019-04-07,15:00-16:00,15.4
第二食堂,2019-04-07,16:00-17:00,125.3
第二食堂,2019-04-07,17:00-18:00,908.59
第二食堂,2019-04-07,18:00-19:00,997.1
第二食堂,2019-04-07,19:00-20:00,310.2
第二食堂,2019-04-07,20:00-21:00,177.1
第二食堂,2019-04-07,21:00-22:00,181.7
第二食堂,2019-04-07,22:00-23:00,71.0
第二食堂,2019-04-07,23:00-24:00,0.0
第二食堂,2019-04-08,00:00-01:00,2072.1
第二食堂,2019-04-08,01:00-02:00,0.0
第二食堂,2019-04-08,02:00-03:00,0.0
第二食堂,2019-04-08,03:00-04:00,0.0
第二食堂,2019-04-08,04:00-05:00,0.0
第二食堂,2019-04-08,05:00-06:00,0.0
第二食堂,2019-04-08,06:00-07:00,69.7
第二食堂,2019-04-08,07:00-08:00,2587.36
第二食堂,2019-04-08,08:00-09:00,511.8
第二食堂,2019-04-08,09:00-10:00,1057.1
第二食堂,2019-04-08,10:00-11:00,194.5
第二食堂,2019-04-08,11:00-12:00,4036.92
第二食堂,2019-04-08,12:00-13:00,2159.2
第二食堂,2019-04-08,13:00-14:00,18.5
第二食堂,2019-04-08,14:00-15:00,0.0
第二食堂,2019-04-08,15:00-16:00,84.5
第二食堂,2019-04-08,16:00-17:00,817.2
第二食堂,2019-04-08,17:00-18:00,1842.4
第二食堂,2019-04-08,18:00-19:00,2158.7
第二食堂,2019-04-08,19:00-20:00,651.2
第二食堂,2019-04-08,20:00-21:00,170.8
第二食堂,2019-04-08,21:00-22:00,463.3
第二食堂,2019-04-08,22:00-23:00,170.0
第二食堂,2019-04-08,23:00-24:00,30.5
第二食堂,2019-04-09,00:00-01:00,0.0
第二食堂,2019-04-09,01:00-02:00,0.0
第二食堂,2019-04-09,02:00-03:00,0.0
第二食堂,2019-04-09,03:00-04:00,0.0
第二食堂,2019-04-09,04:00-05:00,0.0
第二食堂,2019-04-09,05:00-06:00,0.0
第二食堂,2019-04-09,06:00-07:00,124.7
第二食堂,2019-04-09,07:00-08:00,3170.7
第二食堂,2019-04-09,08:00-09:00,465.1
第二食堂,2019-04-09,09:00-10:00,805.8
第二食堂,2019-04-09,10:00-11:00,302.8
第二食堂,2019-04-09,11:00-12:00,4299.15
第二食堂,2019-04-09,12:00-13:00,1754.0
第二食堂,2019-04-09,13:00-14:00,36.0
第二食堂,2019-04-09,14:00-15:00,47.5
第二食堂,2019-04-09,15:00-16:00,15.5
第二食堂,2019-04-09,16:00-17:00,1257.5
第二食堂,2019-04-09,17:00-18:00,1848.9
第二食堂,2019-04-09,18:00-19:00,2047.4
第二食堂,2019-04-09,19:00-20:00,383.8
第二食堂,2019-04-09,20:00-21:00,217.2
第二食堂,2019-04-09,21:00-22:00,374.6
第二食堂,2019-04-09,22:00-23:00,275.8
第二食堂,2019-04-09,23:00-24:00,0.0
第二食堂,2019-04-10,00:00-01:00,1011.5
第二食堂,2019-04-10,01:00-02:00,0.0
第二食堂,2019-04-10,02:00-03:00,0.0
第二食堂,2019-04-10,03:00-04:00,0.0
第二食堂,2019-04-10,04:00-05:00,0.0
第二食堂,2019-04-10,05:00-06:00,0.0
第二食堂,2019-04-10,06:00-07:00,106.4
第二食堂,2019-04-10,07:00-08:00,2748.99
第二食堂,2019-04-10,08:00-09:00,567.3
第二食堂,2019-04-10,09:00-10:00,1034.7
第二食堂,2019-04-10,10:00-11:00,94.1
第二食堂,2019-04-10,11:00-12:00,4295.1
第二食堂,2019-04-10,12:00-13:00,2182.8
第二食堂,2019-04-10,13:00-14:00,157.6
第二食堂,2019-04-10,14:00-15:00,9.5
第二食堂,2019-04-10,15:00-16:00,98.5
第二食堂,2019-04-10,16:00-17:00,873.2
第二食堂,2019-04-10,17:00-18:00,2021.3
第二食堂,2019-04-10,18:00-19:00,1934.5
第二食堂,2019-04-10,19:00-20:00,561.7
第二食堂,2019-04-10,20:00-21:00,230.5
第二食堂,2019-04-10,21:00-22:00,601.1
第二食堂,2019-04-10,22:00-23:00,269.0
第二食堂,2019-04-10,23:00-24:00,0.0
第二食堂,2019-04-11,00:00-01:00,0.0
第二食堂,2019-04-11,01:00-02:00,0.0
第二食堂,2019-04-11,02:00-03:00,0.0
第二食堂,2019-04-11,03:00-04:00,0.0
第二食堂,2019-04-11,04:00-05:00,0.0
第二食堂,2019-04-11,05:00-06:00,0.0
第二食堂,2019-04-11,06:00-07:00,91.1
第二食堂,2019-04-11,07:00-08:00,3264.19
第二食堂,2019-04-11,08:00-09:00,475.1
第二食堂,2019-04-11,09:00-10:00,857.9
第二食堂,2019-04-11,10:00-11:00,106.7
第二食堂,2019-04-11,11:00-12:00,4297.8
第二食堂,2019-04-11,12:00-13:00,1851.81
第二食堂,2019-04-11,13:00-14:00,83.0
第二食堂,2019-04-11,14:00-15:00,55.0
第二食堂,2019-04-11,15:00-16:00,8.0
第二食堂,2019-04-11,16:00-17:00,346.4
第二食堂,2019-04-11,17:00-18:00,2133.6
第二食堂,2019-04-11,18:00-19:00,1324.2
第二食堂,2019-04-11,19:00-20:00,518.3
第二食堂,2019-04-11,20:00-21:00,323.4
第二食堂,2019-04-11,21:00-22:00,501.7
第二食堂,2019-04-11,22:00-23:00,302.1
第二食堂,2019-04-11,23:00-24:00,0.0
第二食堂,2019-04-12,00:00-01:00,2075.5
第二食堂,2019-04-12,01:00-02:00,0.0
第二食堂,2019-04-12,02:00-03:00,0.0
第二食堂,2019-04-12,03:00-04:00,0.0
第二食堂,2019-04-12,04:00-05:00,0.0
第二食堂,2019-04-12,05:00-06:00,0.0
第二食堂,2019-04-12,06:00-07:00,94.4
第二食堂,2019-04-12,07:00-08:00,2695.29
第二食堂,2019-04-12,08:00-09:00,727.2
第二食堂,2019-04-12,09:00-10:00,848.4
第二食堂,2019-04-12,10:00-11:00,282.2
第二食堂,2019-04-12,11:00-12:00,4069.9
第二食堂,2019-04-12,12:00-13:00,2135.6
第二食堂,2019-04-12,13:00-14:00,63.5
第二食堂,2019-04-12,14:00-15:00,0.0
第二食堂,2019-04-12,15:00-16:00,150.5
第二食堂,2019-04-12,16:00-17:00,700.7
第二食堂,2019-04-12,17:00-18:00,1597.9
第二食堂,2019-04-12,18:00-19:00,1522.53
第二食堂,2019-04-12,19:00-20:00,473.5
第二食堂,2019-04-12,20:00-21:00,374.6
第二食堂,2019-04-12,21:00-22:00,470.4
第二食堂,2019-04-12,22:00-23:00,303.6
第二食堂,2019-04-12,23:00-24:00,0.0
第二食堂,2019-04-13,00:00-01:00,0.0
第二食堂,2019-04-13,01:00-02:00,0.0
第二食堂,2019-04-13,02:00-03:00,0.0
第二食堂,2019-04-13,03:00-04:00,0.0
第二食堂,2019-04-13,04:00-05:00,0.0
第二食堂,2019-04-13,05:00-06:00,0.0
第二食堂,2019-04-13,06:00-07:00,169.6
第二食堂,2019-04-13,07:00-08:00,735.4
第二食堂,2019-04-13,08:00-09:00,693.6
第二食堂,2019-04-13,09:00-10:00,717.6
第二食堂,2019-04-13,10:00-11:00,426.0
第二食堂,2019-04-13,11:00-12:00,1925.6
第二食堂,2019-04-13,12:00-13:00,1353.8
第二食堂,2019-04-13,13:00-14:00,117.7
第二食堂,2019-04-13,14:00-15:00,89.0
第二食堂,2019-04-13,15:00-16:00,65.0
第二食堂,2019-04-13,16:00-17:00,164.6
第二食堂,2019-04-13,17:00-18:00,1157.6
第二食堂,2019-04-13,18:00-19:00,976.5
第二食堂,2019-04-13,19:00-20:00,368.5
第二食堂,2019-04-13,20:00-21:00,298.9
第二食堂,2019-04-13,21:00-22:00,125.1
第二食堂,2019-04-13,22:00-23:00,102.1
第二食堂,2019-04-13,23:00-24:00,14.0
第二食堂,2019-04-14,00:00-01:00,0.0
第二食堂,2019-04-14,01:00-02:00,0.0
第二食堂,2019-04-14,02:00-03:00,0.0
第二食堂,2019-04-14,03:00-04:00,0.0
第二食堂,2019-04-14,04:00-05:00,0.0
第二食堂,2019-04-14,05:00-06:00,0.0
第二食堂,2019-04-14,06:00-07:00,60.9
第二食堂,2019-04-14,07:00-08:00,599.4
第二食堂,2019-04-14,08:00-09:00,542.2
第二食堂,2019-04-14,09:00-10:00,592.6
第二食堂,2019-04-14,10:00-11:00,262.7
第二食堂,2019-04-14,11:00-12:00,1729.46
第二食堂,2019-04-14,12:00-13:00,1282.2
第二食堂,2019-04-14,13:00-14:00,153.3
第二食堂,2019-04-14,14:00-15:00,33.0
第二食堂,2019-04-14,15:00-16:00,21.4
第二食堂,2019-04-14,16:00-17:00,52.2
第二食堂,2019-04-14,17:00-18:00,1291.6
第二食堂,2019-04-14,18:00-19:00,1174.69
第二食堂,2019-04-14,19:00-20:00,437.5
第二食堂,2019-04-14,20:00-21:00,247.4
第二食堂,2019-04-14,21:00-22:00,250.4
第二食堂,2019-04-14,22:00-23:00,99.2
第二食堂,2019-04-14,23:00-24:00,0.0
第二食堂,2019-04-15,00:00-01:00,0.0
第二食堂,2019-04-15,01:00-02:00,0.0
第二食堂,2019-04-15,02:00-03:00,0.0
第二食堂,2019-04-15,03:00-04:00,0.0
第二食堂,2019-04-15,04:00-05:00,0.0
第二食堂,2019-04-15,05:00-06:00,0.0
第二食堂,2019-04-15,06:00-07:00,96.6
第二食堂,2019-04-15,07:00-08:00,2507.66
第二食堂,2019-04-15,08:00-09:00,465.4
第二食堂,2019-04-15,09:00-10:00,899.5
第二食堂,2019-04-15,10:00-11:00,195.1
第二食堂,2019-04-15,11:00-12:00,4145.8
第二食堂,2019-04-15,12:00-13:00,1798.6
第二食堂,2019-04-15,13:00-14:00,81.5
第二食堂,2019-04-15,14:00-15:00,0.0
第二食堂,2019-04-15,15:00-16:00,224.0
第二食堂,2019-04-15,16:00-17:00,883.6
第二食堂,2019-04-15,17:00-18:00,1619.1
第二食堂,2019-04-15,18:00-19:00,2175.4
第二食堂,2019-04-15,19:00-20:00,625.5
第二食堂,2019-04-15,20:00-21:00,264.5
第二食堂,2019-04-15,21:00-22:00,464.7
第二食堂,2019-04-15,22:00-23:00,223.6
第二食堂,2019-04-15,23:00-24:00,0.0
第二食堂,2019-04-16,00:00-01:00,2213.5
第二食堂,2019-04-16,01:00-02:00,0.0
第二食堂,2019-04-16,02:00-03:00,158.0
第二食堂,2019-04-16,03:00-04:00,59.4
第二食堂,2019-04-16,04:00-05:00,112.1
第二食堂,2019-04-16,05:00-06:00,236.0
第二食堂,2019-04-16,06:00-07:00,282.8
第二食堂,2019-04-16,07:00-08:00,3085.38
第二食堂,2019-04-16,08:00-09:00,572.6
第二食堂,2019-04-16,09:00-10:00,950.6
第二食堂,2019-04-16,10:00-11:00,150.8
第二食堂,2019-04-16,11:00-12:00,3412.8
第二食堂,2019-04-16,12:00-13:00,1475.1
第二食堂,2019-04-16,13:00-14:00,190.5
第二食堂,2019-04-16,14:00-15:00,44.2
第二食堂,2019-04-16,15:00-16:00,105.8
第二食堂,2019-04-16,16:00-17:00,537.3
第二食堂,2019-04-16,17:00-18:00,1218.6
第二食堂,2019-04-16,18:00-19:00,1602.8
第二食堂,2019-04-16,19:00-20:00,443.2
第二食堂,2019-04-16,20:00-21:00,219.0
第二食堂,2019-04-16,21:00-22:00,350.7
第二食堂,2019-04-16,22:00-23:00,130.3
第二食堂,2019-04-16,23:00-24:00,0.0
第二食堂,2019-04-17,00:00-01:00,4448.3
第二食堂,2019-04-17,01:00-02:00,1.6
第二食堂,2019-04-17,02:00-03:00,175.4
第二食堂,2019-04-17,03:00-04:00,68.9
第二食堂,2019-04-17,04:00-05:00,21.3
第二食堂,2019-04-17,05:00-06:00,186.76
第二食堂,2019-04-17,06:00-07:00,115.0
第二食堂,2019-04-17,07:00-08:00,2457.3
第二食堂,2019-04-17,08:00-09:00,691.4
第二食堂,2019-04-17,09:00-10:00,959.7
第二食堂,2019-04-17,10:00-11:00,183.0
第二食堂,2019-04-17,11:00-12:00,4552.39
第二食堂,2019-04-17,12:00-13:00,2077.8
第二食堂,2019-04-17,13:00-14:00,130.7
第二食堂,2019-04-17,14:00-15:00,0.0
第二食堂,2019-04-17,15:00-16:00,862.8
第二食堂,2019-04-17,16:00-17:00,672.6
第二食堂,2019-04-17,17:00-18:00,2259.3
第二食堂,2019-04-17,18:00-19:00,2067.3
第二食堂,2019-04-17,19:00-20:00,437.8
第二食堂,2019-04-17,20:00-21:00,217.5
第二食堂,2019-04-17,21:00-22:00,499.3
第二食堂,2019-04-17,22:00-23:00,155.9
第二食堂,2019-04-17,23:00-24:00,0.0
第二食堂,2019-04-18,00:00-01:00,0.0
第二食堂,2019-04-18,01:00-02:00,0.0
第二食堂,2019-04-18,02:00-03:00,0.0
第二食堂,2019-04-18,03:00-04:00,0.0
第二食堂,2019-04-18,04:00-05:00,0.0
第二食堂,2019-04-18,05:00-06:00,0.0
第二食堂,2019-04-18,06:00-07:00,139.9
第二食堂,2019-04-18,07:00-08:00,3220.7
第二食堂,2019-04-18,08:00-09:00,519.8
第二食堂,2019-04-18,09:00-10:00,850.7
第二食堂,2019-04-18,10:00-11:00,233.4
第二食堂,2019-04-18,11:00-12:00,3694.3
第二食堂,2019-04-18,12:00-13:00,1218.2
第二食堂,2019-04-18,13:00-14:00,78.8
第二食堂,2019-04-18,14:00-15:00,27.0
第二食堂,2019-04-18,15:00-16:00,25.0
第二食堂,2019-04-18,16:00-17:00,251.3
第二食堂,2019-04-18,17:00-18:00,1724.1
第二食堂,2019-04-18,18:00-19:00,1298.8
第二食堂,2019-04-18,19:00-20:00,462.3
第二食堂,2019-04-18,20:00-21:00,271.0
第二食堂,2019-04-18,21:00-22:00,318.5
第二食堂,2019-04-18,22:00-23:00,264.1
第二食堂,2019-04-18,23:00-24:00,9.0
第二食堂,2019-04-19,00:00-01:00,2093.0
第二食堂,2019-04-19,01:00-02:00,0.0
第二食堂,2019-04-19,02:00-03:00,0.0
第二食堂,2019-04-19,03:00-04:00,0.0
第二食堂,2019-04-19,04:00-05:00,0.0
第二食堂,2019-04-19,05:00-06:00,0.0
第二食堂,2019-04-19,06:00-07:00,119.1
第二食堂,2019-04-19,07:00-08:00,2587.79
第二食堂,2019-04-19,08:00-09:00,750.5
第二食堂,2019-04-19,09:00-10:00,830.4
第二食堂,2019-04-19,10:00-11:00,404.1
第二食堂,2019-04-19,11:00-12:00,3243.3
第二食堂,2019-04-19,12:00-13:00,1925.5
第二食堂,2019-04-19,13:00-14:00,58.0
第二食堂,2019-04-19,14:00-15:00,0.0
第二食堂,2019-04-19,15:00-16:00,108.0
第二食堂,2019-04-19,16:00-17:00,695.8
第二食堂,2019-04-19,17:00-18:00,1861.2
第二食堂,2019-04-19,18:00-19:00,1256.0
第二食堂,2019-04-19,19:00-20:00,478.1
第二食堂,2019-04-19,20:00-21:00,172.9
第二食堂,2019-04-19,21:00-22:00,433.8
第二食堂,2019-04-19,22:00-23:00,179.8
第二食堂,2019-04-19,23:00-24:00,0.0
第二食堂,2019-04-20,00:00-01:00,0.0
第二食堂,2019-04-20,01:00-02:00,0.0
第二食堂,2019-04-20,02:00-03:00,0.0
第二食堂,2019-04-20,03:00-04:00,0.0
第二食堂,2019-04-20,04:00-05:00,0.0
第二食堂,2019-04-20,05:00-06:00,0.0
第二食堂,2019-04-20,06:00-07:00,139.7
第二食堂,2019-04-20,07:00-08:00,638.2
第二食堂,2019-04-20,08:00-09:00,864.7
第二食堂,2019-04-20,09:00-10:00,750.4
第二食堂,2019-04-20,10:00-11:00,398.2
第二食堂,2019-04-20,11:00-12:00,1652.3
第二食堂,2019-04-20,12:00-13:00,1182.2
第二食堂,2019-04-20,13:00-14:00,98.9
第二食堂,2019-04-20,14:00-15:00,81.0
第二食堂,2019-04-20,15:00-16:00,21.0
第二食堂,2019-04-20,16:00-17:00,116.5
第二食堂,2019-04-20,17:00-18:00,1187.4
第二食堂,2019-04-20,18:00-19:00,1073.2
第二食堂,2019-04-20,19:00-20:00,432.1
第二食堂,2019-04-20,20:00-21:00,266.6
第二食堂,2019-04-20,21:00-22:00,229.0
第二食堂,2019-04-20,22:00-23:00,118.9
第二食堂,2019-04-20,23:00-24:00,0.0
第二食堂,2019-04-21,00:00-01:00,0.0
第二食堂,2019-04-21,01:00-02:00,0.0
第二食堂,2019-04-21,02:00-03:00,0.0
第二食堂,2019-04-21,03:00-04:00,0.0
第二食堂,2019-04-21,04:00-05:00,0.0
第二食堂,2019-04-21,05:00-06:00,0.0
第二食堂,2019-04-21,06:00-07:00,61.8
第二食堂,2019-04-21,07:00-08:00,393.7
第二食堂,2019-04-21,08:00-09:00,549.9
第二食堂,2019-04-21,09:00-10:00,651.3
第二食堂,2019-04-21,10:00-11:00,299.7
第二食堂,2019-04-21,11:00-12:00,1772.69
第二食堂,2019-04-21,12:00-13:00,1094.0
第二食堂,2019-04-21,13:00-14:00,77.5
第二食堂,2019-04-21,14:00-15:00,62.0
第二食堂,2019-04-21,15:00-16:00,0.0
第二食堂,2019-04-21,16:00-17:00,104.3
第二食堂,2019-04-21,17:00-18:00,1258.1
第二食堂,2019-04-21,18:00-19:00,1119.8
第二食堂,2019-04-21,19:00-20:00,392.6
第二食堂,2019-04-21,20:00-21:00,278.1
第二食堂,2019-04-21,21:00-22:00,241.5
第二食堂,2019-04-21,22:00-23:00,154.1
第二食堂,2019-04-21,23:00-24:00,0.0
第二食堂,2019-04-22,00:00-01:00,2013.0
第二食堂,2019-04-22,01:00-02:00,0.0
第二食堂,2019-04-22,02:00-03:00,0.0
第二食堂,2019-04-22,03:00-04:00,0.0
第二食堂,2019-04-22,04:00-05:00,0.0
第二食堂,2019-04-22,05:00-06:00,0.0
第二食堂,2019-04-22,06:00-07:00,67.6
第二食堂,2019-04-22,07:00-08:00,2707.8
第二食堂,2019-04-22,08:00-09:00,462.6
第二食堂,2019-04-22,09:00-10:00,920.2
第二食堂,2019-04-22,10:00-11:00,199.4
第二食堂,2019-04-22,11:00-12:00,3792.6
第二食堂,2019-04-22,12:00-13:00,2029.84
第二食堂,2019-04-22,13:00-14:00,8.0
第二食堂,2019-04-22,14:00-15:00,0.0
第二食堂,2019-04-22,15:00-16:00,46.0
第二食堂,2019-04-22,16:00-17:00,1046.5
第二食堂,2019-04-22,17:00-18:00,1725.3
第二食堂,2019-04-22,18:00-19:00,2235.1
第二食堂,2019-04-22,19:00-20:00,361.0
第二食堂,2019-04-22,20:00-21:00,231.9
第二食堂,2019-04-22,21:00-22:00,339.8
第二食堂,2019-04-22,22:00-23:00,235.9
第二食堂,2019-04-22,23:00-24:00,0.0
第二食堂,2019-04-23,00:00-01:00,0.0
第二食堂,2019-04-23,01:00-02:00,0.0
第二食堂,2019-04-23,02:00-03:00,0.0
第二食堂,2019-04-23,03:00-04:00,0.0
第二食堂,2019-04-23,04:00-05:00,0.0
第二食堂,2019-04-23,05:00-06:00,0.0
第二食堂,2019-04-23,06:00-07:00,90.0
第二食堂,2019-04-23,07:00-08:00,3300.8
第二食堂,2019-04-23,08:00-09:00,564.0
第二食堂,2019-04-23,09:00-10:00,754.9
第二食堂,2019-04-23,10:00-11:00,233.0
第二食堂,2019-04-23,11:00-12:00,4402.8
第二食堂,2019-04-23,12:00-13:00,1429.1
第二食堂,2019-04-23,13:00-14:00,145.2
第二食堂,2019-04-23,14:00-15:00,68.0
第二食堂,2019-04-23,15:00-16:00,27.4
第二食堂,2019-04-23,16:00-17:00,1065.7
第二食堂,2019-04-23,17:00-18:00,1452.7
第二食堂,2019-04-23,18:00-19:00,1764.45
第二食堂,2019-04-23,19:00-20:00,477.5
第二食堂,2019-04-23,20:00-21:00,201.8
第二食堂,2019-04-23,21:00-22:00,502.3
第二食堂,2019-04-23,22:00-23:00,146.6
第二食堂,2019-04-23,23:00-24:00,0.0
第二食堂,2019-04-24,00:00-01:00,1323.0
第二食堂,2019-04-24,01:00-02:00,0.0
第二食堂,2019-04-24,02:00-03:00,0.0
第二食堂,2019-04-24,03:00-04:00,0.0
第二食堂,2019-04-24,04:00-05:00,0.0
第二食堂,2019-04-24,05:00-06:00,0.0
第二食堂,2019-04-24,06:00-07:00,65.3
第二食堂,2019-04-24,07:00-08:00,2818.7
第二食堂,2019-04-24,08:00-09:00,598.0
第二食堂,2019-04-24,09:00-10:00,950.0
第二食堂,2019-04-24,10:00-11:00,199.5
第二食堂,2019-04-24,11:00-12:00,3950.09
第二食堂,2019-04-24,12:00-13:00,1757.0
第二食堂,2019-04-24,13:00-14:00,37.5
第二食堂,2019-04-24,14:00-15:00,0.0
第二食堂,2019-04-24,15:00-16:00,104.5
第二食堂,2019-04-24,16:00-17:00,849.8
第二食堂,2019-04-24,17:00-18:00,1909.2
第二食堂,2019-04-24,18:00-19:00,1561.2
第二食堂,2019-04-24,19:00-20:00,536.7
第二食堂,2019-04-24,20:00-21:00,284.5
第二食堂,2019-04-24,21:00-22:00,531.2
第二食堂,2019-04-24,22:00-23:00,202.8
第二食堂,2019-04-24,23:00-24:00,19.0
第二食堂,2019-04-25,00:00-01:00,0.0
第二食堂,2019-04-25,01:00-02:00,0.0
第二食堂,2019-04-25,02:00-03:00,0.0
第二食堂,2019-04-25,03:00-04:00,0.0
第二食堂,2019-04-25,04:00-05:00,0.0
第二食堂,2019-04-25,05:00-06:00,0.0
第二食堂,2019-04-25,06:00-07:00,75.0
第二食堂,2019-04-25,07:00-08:00,2794.9
第二食堂,2019-04-25,08:00-09:00,719.9
第二食堂,2019-04-25,09:00-10:00,818.5
第二食堂,2019-04-25,10:00-11:00,229.9
第二食堂,2019-04-25,11:00-12:00,3897.79
第二食堂,2019-04-25,12:00-13:00,1471.2
第二食堂,2019-04-25,13:00-14:00,102.0
第二食堂,2019-04-25,14:00-15:00,49.0
第二食堂,2019-04-25,15:00-16:00,40.5
第二食堂,2019-04-25,16:00-17:00,365.5
第二食堂,2019-04-25,17:00-18:00,1648.9
第二食堂,2019-04-25,18:00-19:00,1691.0
第二食堂,2019-04-25,19:00-20:00,523.9
第二食堂,2019-04-25,20:00-21:00,329.1
第二食堂,2019-04-25,21:00-22:00,345.6
第二食堂,2019-04-25,22:00-23:00,127.1
第二食堂,2019-04-25,23:00-24:00,0.0
第二食堂,2019-04-26,00:00-01:00,1612.0
第二食堂,2019-04-26,01:00-02:00,0.0
第二食堂,2019-04-26,02:00-03:00,0.0
第二食堂,2019-04-26,03:00-04:00,0.0
第二食堂,2019-04-26,04:00-05:00,0.0
第二食堂,2019-04-26,05:00-06:00,0.0
第二食堂,2019-04-26,06:00-07:00,72.6
第二食堂,2019-04-26,07:00-08:00,2467.19
第二食堂,2019-04-26,08:00-09:00,750.01
第二食堂,2019-04-26,09:00-10:00,820.29
第二食堂,2019-04-26,10:00-11:00,229.4
第二食堂,2019-04-26,11:00-12:00,3355.98
第二食堂,2019-04-26,12:00-13:00,1831.3
第二食堂,2019-04-26,13:00-14:00,48.5
第二食堂,2019-04-26,14:00-15:00,0.0
第二食堂,2019-04-26,15:00-16:00,140.5
第二食堂,2019-04-26,16:00-17:00,617.4
第二食堂,2019-04-26,17:00-18:00,1061.6
第二食堂,2019-04-26,18:00-19:00,1468.2
第二食堂,2019-04-26,19:00-20:00,446.7
第二食堂,2019-04-26,20:00-21:00,310.6
第二食堂,2019-04-26,21:00-22:00,199.3
第二食堂,2019-04-26,22:00-23:00,310.1
第二食堂,2019-04-26,23:00-24:00,0.0
第二食堂,2019-04-27,00:00-01:00,0.0
第二食堂,2019-04-27,01:00-02:00,0.0
第二食堂,2019-04-27,02:00-03:00,0.0
第二食堂,2019-04-27,03:00-04:00,0.0
第二食堂,2019-04-27,04:00-05:00,0.0
第二食堂,2019-04-27,05:00-06:00,0.0
第二食堂,2019-04-27,06:00-07:00,74.4
第二食堂,2019-04-27,07:00-08:00,464.6
第二食堂,2019-04-27,08:00-09:00,602.7
第二食堂,2019-04-27,09:00-10:00,417.1
第二食堂,2019-04-27,10:00-11:00,304.0
第二食堂,2019-04-27,11:00-12:00,3331.9
第二食堂,2019-04-27,12:00-13:00,2808.2
第二食堂,2019-04-27,13:00-14:00,255.4
第二食堂,2019-04-27,14:00-15:00,34.0
第二食堂,2019-04-27,15:00-16:00,53.0
第二食堂,2019-04-27,16:00-17:00,150.5
第二食堂,2019-04-27,17:00-18:00,1738.1
第二食堂,2019-04-27,18:00-19:00,2127.34
第二食堂,2019-04-27,19:00-20:00,715.0
第二食堂,2019-04-27,20:00-21:00,228.8
第二食堂,2019-04-27,21:00-22:00,146.8
第二食堂,2019-04-27,22:00-23:00,90.8
第二食堂,2019-04-27,23:00-24:00,0.0
第二食堂,2019-04-28,00:00-01:00,0.0
第二食堂,2019-04-28,01:00-02:00,0.0
第二食堂,2019-04-28,02:00-03:00,0.0
第二食堂,2019-04-28,03:00-04:00,0.0
第二食堂,2019-04-28,04:00-05:00,0.0
第二食堂,2019-04-28,05:00-06:00,0.0
第二食堂,2019-04-28,06:00-07:00,0.0
第二食堂,2019-04-28,07:00-08:00,0.0
第二食堂,2019-04-28,08:00-09:00,0.0
第二食堂,2019-04-28,09:00-10:00,0.0
第二食堂,2019-04-28,10:00-11:00,0.0
第二食堂,2019-04-28,11:00-12:00,0.0
第二食堂,2019-04-28,12:00-13:00,0.0
第二食堂,2019-04-28,13:00-14:00,0.0
第二食堂,2019-04-28,14:00-15:00,0.0
第二食堂,2019-04-28,15:00-16:00,0.0
第二食堂,2019-04-28,16:00-17:00,0.0
第二食堂,2019-04-28,17:00-18:00,0.0
第二食堂,2019-04-28,18:00-19:00,0.0
第二食堂,2019-04-28,19:00-20:00,0.0
第二食堂,2019-04-28,20:00-21:00,0.0
第二食堂,2019-04-28,21:00-22:00,0.0
第二食堂,2019-04-28,22:00-23:00,0.0
第二食堂,2019-04-28,23:00-24:00,0.0
第二食堂,2019-04-29,00:00-01:00,1819.5
第二食堂,2019-04-29,01:00-02:00,0.0
第二食堂,2019-04-29,02:00-03:00,0.0
第二食堂,2019-04-29,03:00-04:00,0.0
第二食堂,2019-04-29,04:00-05:00,0.0
第二食堂,2019-04-29,05:00-06:00,0.0
第二食堂,2019-04-29,06:00-07:00,112.1
第二食堂,2019-04-29,07:00-08:00,561.5
第二食堂,2019-04-29,08:00-09:00,598.9
第二食堂,2019-04-29,09:00-10:00,410.4
第二食堂,2019-04-29,10:00-11:00,444.7
第二食堂,2019-04-29,11:00-12:00,1989.1
第二食堂,2019-04-29,12:00-13:00,1562.2
第二食堂,2019-04-29,13:00-14:00,71.4
第二食堂,2019-04-29,14:00-15:00,95.0
第二食堂,2019-04-29,15:00-16:00,32.5
第二食堂,2019-04-29,16:00-17:00,124.8
第二食堂,2019-04-29,17:00-18:00,1121.6
第二食堂,2019-04-29,18:00-19:00,1427.3
第二食堂,2019-04-29,19:00-20:00,584.8
第二食堂,2019-04-29,20:00-21:00,245.0
第二食堂,2019-04-29,21:00-22:00,234.2
第二食堂,2019-04-29,22:00-23:00,145.0
第二食堂,2019-04-29,23:00-24:00,0.0
第二食堂,2019-04-30,00:00-01:00,0.0
第二食堂,2019-04-30,01:00-02:00,0.0
第二食堂,2019-04-30,02:00-03:00,0.0
第二食堂,2019-04-30,03:00-04:00,0.0
第二食堂,2019-04-30,04:00-05:00,0.0
第二食堂,2019-04-30,05:00-06:00,0.0
第二食堂,2019-04-30,06:00-07:00,63.2
第二食堂,2019-04-30,07:00-08:00,487.22
第二食堂,2019-04-30,08:00-09:00,882.8
第二食堂,2019-04-30,09:00-10:00,482.3
第二食堂,2019-04-30,10:00-11:00,243.9
第二食堂,2019-04-30,11:00-12:00,2278.4
第二食堂,2019-04-30,12:00-13:00,1384.7
第二食堂,2019-04-30,13:00-14:00,76.5
第二食堂,2019-04-30,14:00-15:00,160.0
第二食堂,2019-04-30,15:00-16:00,24.0
第二食堂,2019-04-30,16:00-17:00,120.6
第二食堂,2019-04-30,17:00-18:00,1632.7
第二食堂,2019-04-30,18:00-19:00,1533.2
第二食堂,2019-04-30,19:00-20:00,462.7
第二食堂,2019-04-30,20:00-21:00,286.1
第二食堂,2019-04-30,21:00-22:00,310.6
第二食堂,2019-04-30,22:00-23:00,119.9
第二食堂,2019-04-30,23:00-24:00,0.0
第五教学楼,2019-04-01,00:00-01:00,0.0
第五教学楼,2019-04-01,01:00-02:00,0.0
第五教学楼,2019-04-01,02:00-03:00,0.0
第五教学楼,2019-04-01,03:00-04:00,0.0
第五教学楼,2019-04-01,04:00-05:00,0.0
第五教学楼,2019-04-01,05:00-06:00,0.0
第五教学楼,2019-04-01,06:00-07:00,0.0
第五教学楼,2019-04-01,07:00-08:00,0.0
第五教学楼,2019-04-01,08:00-09:00,0.0
第五教学楼,2019-04-01,09:00-10:00,0.0
第五教学楼,2019-04-01,10:00-11:00,0.0
第五教学楼,2019-04-01,11:00-12:00,0.0
第五教学楼,2019-04-01,12:00-13:00,0.0
第五教学楼,2019-04-01,13:00-14:00,0.0
第五教学楼,2019-04-01,14:00-15:00,0.0
第五教学楼,2019-04-01,15:00-16:00,0.0
第五教学楼,2019-04-01,16:00-17:00,0.0
第五教学楼,2019-04-01,17:00-18:00,0.0
第五教学楼,2019-04-01,18:00-19:00,0.0
第五教学楼,2019-04-01,19:00-20:00,0.0
第五教学楼,2019-04-01,20:00-21:00,0.0
第五教学楼,2019-04-01,21:00-22:00,0.0
第五教学楼,2019-04-01,22:00-23:00,0.0
第五教学楼,2019-04-01,23:00-24:00,0.0
第五教学楼,2019-04-02,00:00-01:00,0.0
第五教学楼,2019-04-02,01:00-02:00,0.0
第五教学楼,2019-04-02,02:00-03:00,0.0
第五教学楼,2019-04-02,03:00-04:00,0.0
第五教学楼,2019-04-02,04:00-05:00,0.0
第五教学楼,2019-04-02,05:00-06:00,0.0
第五教学楼,2019-04-02,06:00-07:00,0.0
第五教学楼,2019-04-02,07:00-08:00,0.0
第五教学楼,2019-04-02,08:00-09:00,0.0
第五教学楼,2019-04-02,09:00-10:00,0.0
第五教学楼,2019-04-02,10:00-11:00,0.0
第五教学楼,2019-04-02,11:00-12:00,0.0
第五教学楼,2019-04-02,12:00-13:00,0.0
第五教学楼,2019-04-02,13:00-14:00,0.0
第五教学楼,2019-04-02,14:00-15:00,0.0
第五教学楼,2019-04-02,15:00-16:00,0.0
第五教学楼,2019-04-02,16:00-17:00,0.0
第五教学楼,2019-04-02,17:00-18:00,0.0
第五教学楼,2019-04-02,18:00-19:00,0.0
第五教学楼,2019-04-02,19:00-20:00,0.0
第五教学楼,2019-04-02,20:00-21:00,0.0
第五教学楼,2019-04-02,21:00-22:00,0.0
第五教学楼,2019-04-02,22:00-23:00,0.0
第五教学楼,2019-04-02,23:00-24:00,0.0
第五教学楼,2019-04-03,00:00-01:00,0.0
第五教学楼,2019-04-03,01:00-02:00,0.0
第五教学楼,2019-04-03,02:00-03:00,0.0
第五教学楼,2019-04-03,03:00-04:00,0.0
第五教学楼,2019-04-03,04:00-05:00,0.0
第五教学楼,2019-04-03,05:00-06:00,0.0
第五教学楼,2019-04-03,06:00-07:00,0.0
第五教学楼,2019-04-03,07:00-08:00,0.0
第五教学楼,2019-04-03,08:00-09:00,0.0
第五教学楼,2019-04-03,09:00-10:00,0.0
第五教学楼,2019-04-03,10:00-11:00,0.0
第五教学楼,2019-04-03,11:00-12:00,0.0
第五教学楼,2019-04-03,12:00-13:00,0.0
第五教学楼,2019-04-03,13:00-14:00,0.0
第五教学楼,2019-04-03,14:00-15:00,0.0
第五教学楼,2019-04-03,15:00-16:00,0.0
第五教学楼,2019-04-03,16:00-17:00,0.0
第五教学楼,2019-04-03,17:00-18:00,0.0
第五教学楼,2019-04-03,18:00-19:00,0.0
第五教学楼,2019-04-03,19:00-20:00,0.0
第五教学楼,2019-04-03,20:00-21:00,0.0
第五教学楼,2019-04-03,21:00-22:00,0.0
第五教学楼,2019-04-03,22:00-23:00,0.0
第五教学楼,2019-04-03,23:00-24:00,0.0
第五教学楼,2019-04-04,00:00-01:00,0.0
第五教学楼,2019-04-04,01:00-02:00,0.0
第五教学楼,2019-04-04,02:00-03:00,0.0
第五教学楼,2019-04-04,03:00-04:00,0.0
第五教学楼,2019-04-04,04:00-05:00,0.0
第五教学楼,2019-04-04,05:00-06:00,0.0
第五教学楼,2019-04-04,06:00-07:00,0.0
第五教学楼,2019-04-04,07:00-08:00,0.0
第五教学楼,2019-04-04,08:00-09:00,0.0
第五教学楼,2019-04-04,09:00-10:00,0.0
第五教学楼,2019-04-04,10:00-11:00,0.0
第五教学楼,2019-04-04,11:00-12:00,0.0
第五教学楼,2019-04-04,12:00-13:00,0.0
第五教学楼,2019-04-04,13:00-14:00,0.0
第五教学楼,2019-04-04,14:00-15:00,0.0
第五教学楼,2019-04-04,15:00-16:00,0.0
第五教学楼,2019-04-04,16:00-17:00,0.0
第五教学楼,2019-04-04,17:00-18:00,0.0
第五教学楼,2019-04-04,18:00-19:00,0.0
第五教学楼,2019-04-04,19:00-20:00,0.0
第五教学楼,2019-04-04,20:00-21:00,0.0
第五教学楼,2019-04-04,21:00-22:00,0.0
第五教学楼,2019-04-04,22:00-23:00,0.0
第五教学楼,2019-04-04,23:00-24:00,0.0
第五教学楼,2019-04-05,00:00-01:00,0.0
第五教学楼,2019-04-05,01:00-02:00,0.0
第五教学楼,2019-04-05,02:00-03:00,0.0
第五教学楼,2019-04-05,03:00-04:00,0.0
第五教学楼,2019-04-05,04:00-05:00,0.0
第五教学楼,2019-04-05,05:00-06:00,0.0
第五教学楼,2019-04-05,06:00-07:00,0.0
第五教学楼,2019-04-05,07:00-08:00,0.0
第五教学楼,2019-04-05,08:00-09:00,0.0
第五教学楼,2019-04-05,09:00-10:00,0.0
第五教学楼,2019-04-05,10:00-11:00,0.0
第五教学楼,2019-04-05,11:00-12:00,0.0
第五教学楼,2019-04-05,12:00-13:00,0.0
第五教学楼,2019-04-05,13:00-14:00,0.0
第五教学楼,2019-04-05,14:00-15:00,0.0
第五教学楼,2019-04-05,15:00-16:00,0.0
第五教学楼,2019-04-05,16:00-17:00,0.0
第五教学楼,2019-04-05,17:00-18:00,0.0
第五教学楼,2019-04-05,18:00-19:00,0.0
第五教学楼,2019-04-05,19:00-20:00,0.0
第五教学楼,2019-04-05,20:00-21:00,0.0
第五教学楼,2019-04-05,21:00-22:00,0.0
第五教学楼,2019-04-05,22:00-23:00,0.0
第五教学楼,2019-04-05,23:00-24:00,0.0
第五教学楼,2019-04-06,00:00-01:00,0.0
第五教学楼,2019-04-06,01:00-02:00,0.0
第五教学楼,2019-04-06,02:00-03:00,0.0
第五教学楼,2019-04-06,03:00-04:00,0.0
第五教学楼,2019-04-06,04:00-05:00,0.0
第五教学楼,2019-04-06,05:00-06:00,0.0
第五教学楼,2019-04-06,06:00-07:00,0.0
第五教学楼,2019-04-06,07:00-08:00,0.0
第五教学楼,2019-04-06,08:00-09:00,0.0
第五教学楼,2019-04-06,09:00-10:00,0.0
第五教学楼,2019-04-06,10:00-11:00,0.0
第五教学楼,2019-04-06,11:00-12:00,0.0
第五教学楼,2019-04-06,12:00-13:00,0.0
第五教学楼,2019-04-06,13:00-14:00,0.0
第五教学楼,2019-04-06,14:00-15:00,0.0
第五教学楼,2019-04-06,15:00-16:00,0.0
第五教学楼,2019-04-06,16:00-17:00,0.0
第五教学楼,2019-04-06,17:00-18:00,0.0
第五教学楼,2019-04-06,18:00-19:00,0.0
第五教学楼,2019-04-06,19:00-20:00,0.0
第五教学楼,2019-04-06,20:00-21:00,0.0
第五教学楼,2019-04-06,21:00-22:00,0.0
第五教学楼,2019-04-06,22:00-23:00,0.0
第五教学楼,2019-04-06,23:00-24:00,0.0
第五教学楼,2019-04-07,00:00-01:00,0.0
第五教学楼,2019-04-07,01:00-02:00,0.0
第五教学楼,2019-04-07,02:00-03:00,0.0
第五教学楼,2019-04-07,03:00-04:00,0.0
第五教学楼,2019-04-07,04:00-05:00,0.0
第五教学楼,2019-04-07,05:00-06:00,0.0
第五教学楼,2019-04-07,06:00-07:00,0.0
第五教学楼,2019-04-07,07:00-08:00,0.0
第五教学楼,2019-04-07,08:00-09:00,0.0
第五教学楼,2019-04-07,09:00-10:00,0.0
第五教学楼,2019-04-07,10:00-11:00,0.0
第五教学楼,2019-04-07,11:00-12:00,0.0
第五教学楼,2019-04-07,12:00-13:00,0.0
第五教学楼,2019-04-07,13:00-14:00,0.0
第五教学楼,2019-04-07,14:00-15:00,0.0
第五教学楼,2019-04-07,15:00-16:00,0.0
第五教学楼,2019-04-07,16:00-17:00,0.0
第五教学楼,2019-04-07,17:00-18:00,0.0
第五教学楼,2019-04-07,18:00-19:00,0.0
第五教学楼,2019-04-07,19:00-20:00,0.0
第五教学楼,2019-04-07,20:00-21:00,0.0
第五教学楼,2019-04-07,21:00-22:00,0.0
第五教学楼,2019-04-07,22:00-23:00,0.0
第五教学楼,2019-04-07,23:00-24:00,0.0
第五教学楼,2019-04-08,00:00-01:00,0.0
第五教学楼,2019-04-08,01:00-02:00,0.0
第五教学楼,2019-04-08,02:00-03:00,0.0
第五教学楼,2019-04-08,03:00-04:00,0.0
第五教学楼,2019-04-08,04:00-05:00,0.0
第五教学楼,2019-04-08,05:00-06:00,0.0
第五教学楼,2019-04-08,06:00-07:00,0.0
第五教学楼,2019-04-08,07:00-08:00,0.0
第五教学楼,2019-04-08,08:00-09:00,0.0
第五教学楼,2019-04-08,09:00-10:00,0.0
第五教学楼,2019-04-08,10:00-11:00,0.0
第五教学楼,2019-04-08,11:00-12:00,0.0
第五教学楼,2019-04-08,12:00-13:00,0.0
第五教学楼,2019-04-08,13:00-14:00,0.0
第五教学楼,2019-04-08,14:00-15:00,0.0
第五教学楼,2019-04-08,15:00-16:00,0.0
第五教学楼,2019-04-08,16:00-17:00,0.0
第五教学楼,2019-04-08,17:00-18:00,0.0
第五教学楼,2019-04-08,18:00-19:00,0.0
第五教学楼,2019-04-08,19:00-20:00,0.0
第五教学楼,2019-04-08,20:00-21:00,0.0
第五教学楼,2019-04-08,21:00-22:00,0.0
第五教学楼,2019-04-08,22:00-23:00,0.0
第五教学楼,2019-04-08,23:00-24:00,0.0
第五教学楼,2019-04-09,00:00-01:00,0.0
第五教学楼,2019-04-09,01:00-02:00,0.0
第五教学楼,2019-04-09,02:00-03:00,0.0
第五教学楼,2019-04-09,03:00-04:00,0.0
第五教学楼,2019-04-09,04:00-05:00,0.0
第五教学楼,2019-04-09,05:00-06:00,0.0
第五教学楼,2019-04-09,06:00-07:00,0.0
第五教学楼,2019-04-09,07:00-08:00,0.0
第五教学楼,2019-04-09,08:00-09:00,0.0
第五教学楼,2019-04-09,09:00-10:00,0.0
第五教学楼,2019-04-09,10:00-11:00,0.0
第五教学楼,2019-04-09,11:00-12:00,0.0
第五教学楼,2019-04-09,12:00-13:00,0.0
第五教学楼,2019-04-09,13:00-14:00,0.0
第五教学楼,2019-04-09,14:00-15:00,0.0
第五教学楼,2019-04-09,15:00-16:00,0.0
第五教学楼,2019-04-09,16:00-17:00,0.0
第五教学楼,2019-04-09,17:00-18:00,0.0
第五教学楼,2019-04-09,18:00-19:00,0.0
第五教学楼,2019-04-09,19:00-20:00,0.0
第五教学楼,2019-04-09,20:00-21:00,0.0
第五教学楼,2019-04-09,21:00-22:00,0.0
第五教学楼,2019-04-09,22:00-23:00,0.0
第五教学楼,2019-04-09,23:00-24:00,0.0
第五教学楼,2019-04-10,00:00-01:00,0.0
第五教学楼,2019-04-10,01:00-02:00,0.0
第五教学楼,2019-04-10,02:00-03:00,0.0
第五教学楼,2019-04-10,03:00-04:00,0.0
第五教学楼,2019-04-10,04:00-05:00,0.0
第五教学楼,2019-04-10,05:00-06:00,0.0
第五教学楼,2019-04-10,06:00-07:00,0.0
第五教学楼,2019-04-10,07:00-08:00,0.0
第五教学楼,2019-04-10,08:00-09:00,0.0
第五教学楼,2019-04-10,09:00-10:00,0.0
第五教学楼,2019-04-10,10:00-11:00,0.0
第五教学楼,2019-04-10,11:00-12:00,0.0
第五教学楼,2019-04-10,12:00-13:00,0.0
第五教学楼,2019-04-10,13:00-14:00,0.0
第五教学楼,2019-04-10,14:00-15:00,0.0
第五教学楼,2019-04-10,15:00-16:00,0.0
第五教学楼,2019-04-10,16:00-17:00,0.0
第五教学楼,2019-04-10,17:00-18:00,0.0
第五教学楼,2019-04-10,18:00-19:00,0.0
第五教学楼,2019-04-10,19:00-20:00,0.0
第五教学楼,2019-04-10,20:00-21:00,0.0
第五教学楼,2019-04-10,21:00-22:00,0.0
第五教学楼,2019-04-10,22:00-23:00,0.0
第五教学楼,2019-04-10,23:00-24:00,0.0
第五教学楼,2019-04-11,00:00-01:00,0.0
第五教学楼,2019-04-11,01:00-02:00,0.0
第五教学楼,2019-04-11,02:00-03:00,0.0
第五教学楼,2019-04-11,03:00-04:00,0.0
第五教学楼,2019-04-11,04:00-05:00,0.0
第五教学楼,2019-04-11,05:00-06:00,0.0
第五教学楼,2019-04-11,06:00-07:00,0.0
第五教学楼,2019-04-11,07:00-08:00,0.0
第五教学楼,2019-04-11,08:00-09:00,0.0
第五教学楼,2019-04-11,09:00-10:00,0.0
第五教学楼,2019-04-11,10:00-11:00,0.0
第五教学楼,2019-04-11,11:00-12:00,0.0
第五教学楼,2019-04-11,12:00-13:00,0.0
第五教学楼,2019-04-11,13:00-14:00,0.0
第五教学楼,2019-04-11,14:00-15:00,0.0
第五教学楼,2019-04-11,15:00-16:00,0.0
第五教学楼,2019-04-11,16:00-17:00,0.0
第五教学楼,2019-04-11,17:00-18:00,0.0
第五教学楼,2019-04-11,18:00-19:00,0.0
第五教学楼,2019-04-11,19:00-20:00,0.0
第五教学楼,2019-04-11,20:00-21:00,0.0
第五教学楼,2019-04-11,21:00-22:00,0.0
第五教学楼,2019-04-11,22:00-23:00,0.0
第五教学楼,2019-04-11,23:00-24:00,0.0
第五教学楼,2019-04-12,00:00-01:00,0.0
第五教学楼,2019-04-12,01:00-02:00,0.0
第五教学楼,2019-04-12,02:00-03:00,0.0
第五教学楼,2019-04-12,03:00-04:00,0.0
第五教学楼,2019-04-12,04:00-05:00,0.0
第五教学楼,2019-04-12,05:00-06:00,0.0
第五教学楼,2019-04-12,06:00-07:00,0.0
第五教学楼,2019-04-12,07:00-08:00,0.0
第五教学楼,2019-04-12,08:00-09:00,0.0
第五教学楼,2019-04-12,09:00-10:00,0.0
第五教学楼,2019-04-12,10:00-11:00,0.0
第五教学楼,2019-04-12,11:00-12:00,0.0
第五教学楼,2019-04-12,12:00-13:00,0.0
第五教学楼,2019-04-12,13:00-14:00,0.0
第五教学楼,2019-04-12,14:00-15:00,0.0
第五教学楼,2019-04-12,15:00-16:00,0.0
第五教学楼,2019-04-12,16:00-17:00,0.0
第五教学楼,2019-04-12,17:00-18:00,0.0
第五教学楼,2019-04-12,18:00-19:00,0.0
第五教学楼,2019-04-12,19:00-20:00,0.0
第五教学楼,2019-04-12,20:00-21:00,0.0
第五教学楼,2019-04-12,21:00-22:00,0.0
第五教学楼,2019-04-12,22:00-23:00,0.0
第五教学楼,2019-04-12,23:00-24:00,0.0
第五教学楼,2019-04-13,00:00-01:00,0.0
第五教学楼,2019-04-13,01:00-02:00,0.0
第五教学楼,2019-04-13,02:00-03:00,0.0
第五教学楼,2019-04-13,03:00-04:00,0.0
第五教学楼,2019-04-13,04:00-05:00,0.0
第五教学楼,2019-04-13,05:00-06:00,0.0
第五教学楼,2019-04-13,06:00-07:00,0.0
第五教学楼,2019-04-13,07:00-08:00,0.0
第五教学楼,2019-04-13,08:00-09:00,0.0
第五教学楼,2019-04-13,09:00-10:00,0.0
第五教学楼,2019-04-13,10:00-11:00,0.0
第五教学楼,2019-04-13,11:00-12:00,0.0
第五教学楼,2019-04-13,12:00-13:00,0.0
第五教学楼,2019-04-13,13:00-14:00,0.0
第五教学楼,2019-04-13,14:00-15:00,0.0
第五教学楼,2019-04-13,15:00-16:00,0.0
第五教学楼,2019-04-13,16:00-17:00,0.0
第五教学楼,2019-04-13,17:00-18:00,0.0
第五教学楼,2019-04-13,18:00-19:00,0.0
第五教学楼,2019-04-13,19:00-20:00,0.0
第五教学楼,2019-04-13,20:00-21:00,0.0
第五教学楼,2019-04-13,21:00-22:00,0.0
第五教学楼,2019-04-13,22:00-23:00,0.0
第五教学楼,2019-04-13,23:00-24:00,0.0
第五教学楼,2019-04-14,00:00-01:00,0.0
第五教学楼,2019-04-14,01:00-02:00,0.0
第五教学楼,2019-04-14,02:00-03:00,0.0
第五教学楼,2019-04-14,03:00-04:00,0.0
第五教学楼,2019-04-14,04:00-05:00,0.0
第五教学楼,2019-04-14,05:00-06:00,0.0
第五教学楼,2019-04-14,06:00-07:00,0.0
第五教学楼,2019-04-14,07:00-08:00,0.0
第五教学楼,2019-04-14,08:00-09:00,0.0
第五教学楼,2019-04-14,09:00-10:00,0.0
第五教学楼,2019-04-14,10:00-11:00,0.0
第五教学楼,2019-04-14,11:00-12:00,0.0
第五教学楼,2019-04-14,12:00-13:00,0.0
第五教学楼,2019-04-14,13:00-14:00,0.0
第五教学楼,2019-04-14,14:00-15:00,0.0
第五教学楼,2019-04-14,15:00-16:00,0.0
第五教学楼,2019-04-14,16:00-17:00,0.0
第五教学楼,2019-04-14,17:00-18:00,0.0
第五教学楼,2019-04-14,18:00-19:00,0.0
第五教学楼,2019-04-14,19:00-20:00,0.0
第五教学楼,2019-04-14,20:00-21:00,0.0
第五教学楼,2019-04-14,21:00-22:00,0.0
第五教学楼,2019-04-14,22:00-23:00,0.0
第五教学楼,2019-04-14,23:00-24:00,0.0
第五教学楼,2019-04-15,00:00-01:00,0.0
第五教学楼,2019-04-15,01:00-02:00,0.0
第五教学楼,2019-04-15,02:00-03:00,0.0
第五教学楼,2019-04-15,03:00-04:00,0.0
第五教学楼,2019-04-15,04:00-05:00,0.0
第五教学楼,2019-04-15,05:00-06:00,0.0
第五教学楼,2019-04-15,06:00-07:00,0.0
第五教学楼,2019-04-15,07:00-08:00,0.0
第五教学楼,2019-04-15,08:00-09:00,0.0
第五教学楼,2019-04-15,09:00-10:00,0.0
第五教学楼,2019-04-15,10:00-11:00,0.0
第五教学楼,2019-04-15,11:00-12:00,0.0
第五教学楼,2019-04-15,12:00-13:00,0.0
第五教学楼,2019-04-15,13:00-14:00,0.0
第五教学楼,2019-04-15,14:00-15:00,0.0
第五教学楼,2019-04-15,15:00-16:00,0.0
第五教学楼,2019-04-15,16:00-17:00,0.0
第五教学楼,2019-04-15,17:00-18:00,0.0
第五教学楼,2019-04-15,18:00-19:00,0.0
第五教学楼,2019-04-15,19:00-20:00,0.0
第五教学楼,2019-04-15,20:00-21:00,0.0
第五教学楼,2019-04-15,21:00-22:00,0.0
第五教学楼,2019-04-15,22:00-23:00,0.0
第五教学楼,2019-04-15,23:00-24:00,0.0
第五教学楼,2019-04-16,00:00-01:00,0.0
第五教学楼,2019-04-16,01:00-02:00,0.0
第五教学楼,2019-04-16,02:00-03:00,0.0
第五教学楼,2019-04-16,03:00-04:00,0.0
第五教学楼,2019-04-16,04:00-05:00,0.0
第五教学楼,2019-04-16,05:00-06:00,0.0
第五教学楼,2019-04-16,06:00-07:00,0.0
第五教学楼,2019-04-16,07:00-08:00,0.0
第五教学楼,2019-04-16,08:00-09:00,0.0
第五教学楼,2019-04-16,09:00-10:00,0.0
第五教学楼,2019-04-16,10:00-11:00,0.0
第五教学楼,2019-04-16,11:00-12:00,0.0
第五教学楼,2019-04-16,12:00-13:00,0.0
第五教学楼,2019-04-16,13:00-14:00,0.0
第五教学楼,2019-04-16,14:00-15:00,0.0
第五教学楼,2019-04-16,15:00-16:00,0.0
第五教学楼,2019-04-16,16:00-17:00,0.0
第五教学楼,2019-04-16,17:00-18:00,0.0
第五教学楼,2019-04-16,18:00-19:00,0.0
第五教学楼,2019-04-16,19:00-20:00,0.0
第五教学楼,2019-04-16,20:00-21:00,0.0
第五教学楼,2019-04-16,21:00-22:00,0.0
第五教学楼,2019-04-16,22:00-23:00,0.0
第五教学楼,2019-04-16,23:00-24:00,0.0
第五教学楼,2019-04-17,00:00-01:00,0.0
第五教学楼,2019-04-17,01:00-02:00,0.0
第五教学楼,2019-04-17,02:00-03:00,0.0
第五教学楼,2019-04-17,03:00-04:00,0.0
第五教学楼,2019-04-17,04:00-05:00,0.0
第五教学楼,2019-04-17,05:00-06:00,0.0
第五教学楼,2019-04-17,06:00-07:00,0.0
第五教学楼,2019-04-17,07:00-08:00,0.0
第五教学楼,2019-04-17,08:00-09:00,0.0
第五教学楼,2019-04-17,09:00-10:00,0.0
第五教学楼,2019-04-17,10:00-11:00,0.0
第五教学楼,2019-04-17,11:00-12:00,0.0
第五教学楼,2019-04-17,12:00-13:00,0.0
第五教学楼,2019-04-17,13:00-14:00,0.0
第五教学楼,2019-04-17,14:00-15:00,0.0
第五教学楼,2019-04-17,15:00-16:00,0.0
第五教学楼,2019-04-17,16:00-17:00,0.0
第五教学楼,2019-04-17,17:00-18:00,0.0
第五教学楼,2019-04-17,18:00-19:00,0.0
第五教学楼,2019-04-17,19:00-20:00,0.0
第五教学楼,2019-04-17,20:00-21:00,0.0
第五教学楼,2019-04-17,21:00-22:00,0.0
第五教学楼,2019-04-17,22:00-23:00,0.0
第五教学楼,2019-04-17,23:00-24:00,0.0
第五教学楼,2019-04-18,00:00-01:00,0.0
第五教学楼,2019-04-18,01:00-02:00,0.0
第五教学楼,2019-04-18,02:00-03:00,0.0
第五教学楼,2019-04-18,03:00-04:00,0.0
第五教学楼,2019-04-18,04:00-05:00,0.0
第五教学楼,2019-04-18,05:00-06:00,0.0
第五教学楼,2019-04-18,06:00-07:00,0.0
第五教学楼,2019-04-18,07:00-08:00,0.0
第五教学楼,2019-04-18,08:00-09:00,0.0
第五教学楼,2019-04-18,09:00-10:00,0.0
第五教学楼,2019-04-18,10:00-11:00,0.0
第五教学楼,2019-04-18,11:00-12:00,0.0
第五教学楼,2019-04-18,12:00-13:00,0.0
第五教学楼,2019-04-18,13:00-14:00,0.0
第五教学楼,2019-04-18,14:00-15:00,0.0
第五教学楼,2019-04-18,15:00-16:00,0.0
第五教学楼,2019-04-18,16:00-17:00,0.0
第五教学楼,2019-04-18,17:00-18:00,0.0
第五教学楼,2019-04-18,18:00-19:00,0.0
第五教学楼,2019-04-18,19:00-20:00,0.0
第五教学楼,2019-04-18,20:00-21:00,0.0
第五教学楼,2019-04-18,21:00-22:00,0.0
第五教学楼,2019-04-18,22:00-23:00,0.0
第五教学楼,2019-04-18,23:00-24:00,0.0
第五教学楼,2019-04-19,00:00-01:00,0.0
第五教学楼,2019-04-19,01:00-02:00,0.0
第五教学楼,2019-04-19,02:00-03:00,0.0
第五教学楼,2019-04-19,03:00-04:00,0.0
第五教学楼,2019-04-19,04:00-05:00,0.0
第五教学楼,2019-04-19,05:00-06:00,0.0
第五教学楼,2019-04-19,06:00-07:00,0.0
第五教学楼,2019-04-19,07:00-08:00,0.0
第五教学楼,2019-04-19,08:00-09:00,0.0
第五教学楼,2019-04-19,09:00-10:00,0.0
第五教学楼,2019-04-19,10:00-11:00,0.0
第五教学楼,2019-04-19,11:00-12:00,0.0
第五教学楼,2019-04-19,12:00-13:00,0.0
第五教学楼,2019-04-19,13:00-14:00,0.0
第五教学楼,2019-04-19,14:00-15:00,0.0
第五教学楼,2019-04-19,15:00-16:00,0.0
第五教学楼,2019-04-19,16:00-17:00,0.0
第五教学楼,2019-04-19,17:00-18:00,0.0
第五教学楼,2019-04-19,18:00-19:00,0.0
第五教学楼,2019-04-19,19:00-20:00,0.0
第五教学楼,2019-04-19,20:00-21:00,0.0
第五教学楼,2019-04-19,21:00-22:00,0.0
第五教学楼,2019-04-19,22:00-23:00,0.0
第五教学楼,2019-04-19,23:00-24:00,0.0
第五教学楼,2019-04-20,00:00-01:00,0.0
第五教学楼,2019-04-20,01:00-02:00,0.0
第五教学楼,2019-04-20,02:00-03:00,0.0
第五教学楼,2019-04-20,03:00-04:00,0.0
第五教学楼,2019-04-20,04:00-05:00,0.0
第五教学楼,2019-04-20,05:00-06:00,0.0
第五教学楼,2019-04-20,06:00-07:00,0.0
第五教学楼,2019-04-20,07:00-08:00,0.0
第五教学楼,2019-04-20,08:00-09:00,0.0
第五教学楼,2019-04-20,09:00-10:00,0.0
第五教学楼,2019-04-20,10:00-11:00,0.0
第五教学楼,2019-04-20,11:00-12:00,0.0
第五教学楼,2019-04-20,12:00-13:00,0.0
第五教学楼,2019-04-20,13:00-14:00,0.0
第五教学楼,2019-04-20,14:00-15:00,0.0
第五教学楼,2019-04-20,15:00-16:00,0.0
第五教学楼,2019-04-20,16:00-17:00,0.0
第五教学楼,2019-04-20,17:00-18:00,0.0
第五教学楼,2019-04-20,18:00-19:00,0.0
第五教学楼,2019-04-20,19:00-20:00,0.0
第五教学楼,2019-04-20,20:00-21:00,0.0
第五教学楼,2019-04-20,21:00-22:00,0.0
第五教学楼,2019-04-20,22:00-23:00,0.0
第五教学楼,2019-04-20,23:00-24:00,0.0
第五教学楼,2019-04-21,00:00-01:00,0.0
第五教学楼,2019-04-21,01:00-02:00,0.0
第五教学楼,2019-04-21,02:00-03:00,0.0
第五教学楼,2019-04-21,03:00-04:00,0.0
第五教学楼,2019-04-21,04:00-05:00,0.0
第五教学楼,2019-04-21,05:00-06:00,0.0
第五教学楼,2019-04-21,06:00-07:00,0.0
第五教学楼,2019-04-21,07:00-08:00,0.0
第五教学楼,2019-04-21,08:00-09:00,0.0
第五教学楼,2019-04-21,09:00-10:00,0.0
第五教学楼,2019-04-21,10:00-11:00,0.0
第五教学楼,2019-04-21,11:00-12:00,0.0
第五教学楼,2019-04-21,12:00-13:00,0.0
第五教学楼,2019-04-21,13:00-14:00,0.0
第五教学楼,2019-04-21,14:00-15:00,0.0
第五教学楼,2019-04-21,15:00-16:00,0.0
第五教学楼,2019-04-21,16:00-17:00,0.0
第五教学楼,2019-04-21,17:00-18:00,0.0
第五教学楼,2019-04-21,18:00-19:00,0.0
第五教学楼,2019-04-21,19:00-20:00,0.0
第五教学楼,2019-04-21,20:00-21:00,0.0
第五教学楼,2019-04-21,21:00-22:00,0.0
第五教学楼,2019-04-21,22:00-23:00,0.0
第五教学楼,2019-04-21,23:00-24:00,0.0
第五教学楼,2019-04-22,00:00-01:00,0.0
第五教学楼,2019-04-22,01:00-02:00,0.0
第五教学楼,2019-04-22,02:00-03:00,0.0
第五教学楼,2019-04-22,03:00-04:00,0.0
第五教学楼,2019-04-22,04:00-05:00,0.0
第五教学楼,2019-04-22,05:00-06:00,0.0
第五教学楼,2019-04-22,06:00-07:00,0.0
第五教学楼,2019-04-22,07:00-08:00,0.0
第五教学楼,2019-04-22,08:00-09:00,0.0
第五教学楼,2019-04-22,09:00-10:00,0.0
第五教学楼,2019-04-22,10:00-11:00,0.0
第五教学楼,2019-04-22,11:00-12:00,0.0
第五教学楼,2019-04-22,12:00-13:00,0.0
第五教学楼,2019-04-22,13:00-14:00,0.0
第五教学楼,2019-04-22,14:00-15:00,0.0
第五教学楼,2019-04-22,15:00-16:00,0.0
第五教学楼,2019-04-22,16:00-17:00,0.0
第五教学楼,2019-04-22,17:00-18:00,0.0
第五教学楼,2019-04-22,18:00-19:00,0.0
第五教学楼,2019-04-22,19:00-20:00,0.0
第五教学楼,2019-04-22,20:00-21:00,0.0
第五教学楼,2019-04-22,21:00-22:00,0.0
第五教学楼,2019-04-22,22:00-23:00,0.0
第五教学楼,2019-04-22,23:00-24:00,0.0
第五教学楼,2019-04-23,00:00-01:00,0.0
第五教学楼,2019-04-23,01:00-02:00,0.0
第五教学楼,2019-04-23,02:00-03:00,0.0
第五教学楼,2019-04-23,03:00-04:00,0.0
第五教学楼,2019-04-23,04:00-05:00,0.0
第五教学楼,2019-04-23,05:00-06:00,0.0
第五教学楼,2019-04-23,06:00-07:00,0.0
第五教学楼,2019-04-23,07:00-08:00,0.0
第五教学楼,2019-04-23,08:00-09:00,0.0
第五教学楼,2019-04-23,09:00-10:00,0.0
第五教学楼,2019-04-23,10:00-11:00,0.0
第五教学楼,2019-04-23,11:00-12:00,0.0
第五教学楼,2019-04-23,12:00-13:00,10.0
第五教学楼,2019-04-23,13:00-14:00,0.0
第五教学楼,2019-04-23,14:00-15:00,0.0
第五教学楼,2019-04-23,15:00-16:00,0.0
第五教学楼,2019-04-23,16:00-17:00,0.0
第五教学楼,2019-04-23,17:00-18:00,0.0
第五教学楼,2019-04-23,18:00-19:00,0.0
第五教学楼,2019-04-23,19:00-20:00,0.0
第五教学楼,2019-04-23,20:00-21:00,0.0
第五教学楼,2019-04-23,21:00-22:00,0.0
第五教学楼,2019-04-23,22:00-23:00,0.0
第五教学楼,2019-04-23,23:00-24:00,0.0
第五教学楼,2019-04-24,00:00-01:00,0.0
第五教学楼,2019-04-24,01:00-02:00,0.0
第五教学楼,2019-04-24,02:00-03:00,0.0
第五教学楼,2019-04-24,03:00-04:00,0.0
第五教学楼,2019-04-24,04:00-05:00,0.0
第五教学楼,2019-04-24,05:00-06:00,0.0
第五教学楼,2019-04-24,06:00-07:00,0.0
第五教学楼,2019-04-24,07:00-08:00,0.0
第五教学楼,2019-04-24,08:00-09:00,0.0
第五教学楼,2019-04-24,09:00-10:00,0.0
第五教学楼,2019-04-24,10:00-11:00,0.0
第五教学楼,2019-04-24,11:00-12:00,0.0
第五教学楼,2019-04-24,12:00-13:00,0.0
第五教学楼,2019-04-24,13:00-14:00,0.0
第五教学楼,2019-04-24,14:00-15:00,0.0
第五教学楼,2019-04-24,15:00-16:00,0.0
第五教学楼,2019-04-24,16:00-17:00,0.0
第五教学楼,2019-04-24,17:00-18:00,0.0
第五教学楼,2019-04-24,18:00-19:00,0.0
第五教学楼,2019-04-24,19:00-20:00,0.0
第五教学楼,2019-04-24,20:00-21:00,0.0
第五教学楼,2019-04-24,21:00-22:00,0.0
第五教学楼,2019-04-24,22:00-23:00,0.0
第五教学楼,2019-04-24,23:00-24:00,0.0
第五教学楼,2019-04-25,00:00-01:00,0.0
第五教学楼,2019-04-25,01:00-02:00,0.0
第五教学楼,2019-04-25,02:00-03:00,0.0
第五教学楼,2019-04-25,03:00-04:00,0.0
第五教学楼,2019-04-25,04:00-05:00,0.0
第五教学楼,2019-04-25,05:00-06:00,0.0
第五教学楼,2019-04-25,06:00-07:00,0.0
第五教学楼,2019-04-25,07:00-08:00,0.0
第五教学楼,2019-04-25,08:00-09:00,0.0
第五教学楼,2019-04-25,09:00-10:00,0.0
第五教学楼,2019-04-25,10:00-11:00,0.0
第五教学楼,2019-04-25,11:00-12:00,0.0
第五教学楼,2019-04-25,12:00-13:00,5.0
第五教学楼,2019-04-25,13:00-14:00,0.0
第五教学楼,2019-04-25,14:00-15:00,0.0
第五教学楼,2019-04-25,15:00-16:00,0.0
第五教学楼,2019-04-25,16:00-17:00,0.0
第五教学楼,2019-04-25,17:00-18:00,0.0
第五教学楼,2019-04-25,18:00-19:00,0.0
第五教学楼,2019-04-25,19:00-20:00,0.0
第五教学楼,2019-04-25,20:00-21:00,0.0
第五教学楼,2019-04-25,21:00-22:00,0.0
第五教学楼,2019-04-25,22:00-23:00,0.0
第五教学楼,2019-04-25,23:00-24:00,0.0
第五教学楼,2019-04-26,00:00-01:00,0.0
第五教学楼,2019-04-26,01:00-02:00,0.0
第五教学楼,2019-04-26,02:00-03:00,0.0
第五教学楼,2019-04-26,03:00-04:00,0.0
第五教学楼,2019-04-26,04:00-05:00,0.0
第五教学楼,2019-04-26,05:00-06:00,0.0
第五教学楼,2019-04-26,06:00-07:00,0.0
第五教学楼,2019-04-26,07:00-08:00,0.0
第五教学楼,2019-04-26,08:00-09:00,0.0
第五教学楼,2019-04-26,09:00-10:00,0.0
第五教学楼,2019-04-26,10:00-11:00,0.0
第五教学楼,2019-04-26,11:00-12:00,0.0
第五教学楼,2019-04-26,12:00-13:00,0.0
第五教学楼,2019-04-26,13:00-14:00,0.0
第五教学楼,2019-04-26,14:00-15:00,0.0
第五教学楼,2019-04-26,15:00-16:00,0.0
第五教学楼,2019-04-26,16:00-17:00,0.0
第五教学楼,2019-04-26,17:00-18:00,0.0
第五教学楼,2019-04-26,18:00-19:00,0.0
第五教学楼,2019-04-26,19:00-20:00,0.0
第五教学楼,2019-04-26,20:00-21:00,0.0
第五教学楼,2019-04-26,21:00-22:00,0.0
第五教学楼,2019-04-26,22:00-23:00,0.0
第五教学楼,2019-04-26,23:00-24:00,0.0
第五教学楼,2019-04-27,00:00-01:00,0.0
第五教学楼,2019-04-27,01:00-02:00,0.0
第五教学楼,2019-04-27,02:00-03:00,0.0
第五教学楼,2019-04-27,03:00-04:00,0.0
第五教学楼,2019-04-27,04:00-05:00,0.0
第五教学楼,2019-04-27,05:00-06:00,0.0
第五教学楼,2019-04-27,06:00-07:00,0.0
第五教学楼,2019-04-27,07:00-08:00,0.0
第五教学楼,2019-04-27,08:00-09:00,0.0
第五教学楼,2019-04-27,09:00-10:00,0.0
第五教学楼,2019-04-27,10:00-11:00,0.0
第五教学楼,2019-04-27,11:00-12:00,0.0
第五教学楼,2019-04-27,12:00-13:00,0.0
第五教学楼,2019-04-27,13:00-14:00,0.0
第五教学楼,2019-04-27,14:00-15:00,0.0
第五教学楼,2019-04-27,15:00-16:00,0.0
第五教学楼,2019-04-27,16:00-17:00,0.0
第五教学楼,2019-04-27,17:00-18:00,0.0
第五教学楼,2019-04-27,18:00-19:00,0.0
第五教学楼,2019-04-27,19:00-20:00,0.0
第五教学楼,2019-04-27,20:00-21:00,0.0
第五教学楼,2019-04-27,21:00-22:00,0.0
第五教学楼,2019-04-27,22:00-23:00,0.0
第五教学楼,2019-04-27,23:00-24:00,0.0
第五教学楼,2019-04-28,00:00-01:00,0.0
第五教学楼,2019-04-28,01:00-02:00,0.0
第五教学楼,2019-04-28,02:00-03:00,0.0
第五教学楼,2019-04-28,03:00-04:00,0.0
第五教学楼,2019-04-28,04:00-05:00,0.0
第五教学楼,2019-04-28,05:00-06:00,0.0
第五教学楼,2019-04-28,06:00-07:00,0.0
第五教学楼,2019-04-28,07:00-08:00,0.0
第五教学楼,2019-04-28,08:00-09:00,0.0
第五教学楼,2019-04-28,09:00-10:00,0.0
第五教学楼,2019-04-28,10:00-11:00,0.0
第五教学楼,2019-04-28,11:00-12:00,0.0
第五教学楼,2019-04-28,12:00-13:00,0.0
第五教学楼,2019-04-28,13:00-14:00,0.0
第五教学楼,2019-04-28,14:00-15:00,0.0
第五教学楼,2019-04-28,15:00-16:00,0.0
第五教学楼,2019-04-28,16:00-17:00,0.0
第五教学楼,2019-04-28,17:00-18:00,0.0
第五教学楼,2019-04-28,18:00-19:00,0.0
第五教学楼,2019-04-28,19:00-20:00,0.0
第五教学楼,2019-04-28,20:00-21:00,0.0
第五教学楼,2019-04-28,21:00-22:00,0.0
第五教学楼,2019-04-28,22:00-23:00,0.0
第五教学楼,2019-04-28,23:00-24:00,0.0
第五教学楼,2019-04-29,00:00-01:00,0.0
第五教学楼,2019-04-29,01:00-02:00,0.0
第五教学楼,2019-04-29,02:00-03:00,0.0
第五教学楼,2019-04-29,03:00-04:00,0.0
第五教学楼,2019-04-29,04:00-05:00,0.0
第五教学楼,2019-04-29,05:00-06:00,0.0
第五教学楼,2019-04-29,06:00-07:00,0.0
第五教学楼,2019-04-29,07:00-08:00,0.0
第五教学楼,2019-04-29,08:00-09:00,0.0
第五教学楼,2019-04-29,09:00-10:00,0.0
第五教学楼,2019-04-29,10:00-11:00,0.0
第五教学楼,2019-04-29,11:00-12:00,0.0
第五教学楼,2019-04-29,12:00-13:00,0.0
第五教学楼,2019-04-29,13:00-14:00,0.0
第五教学楼,2019-04-29,14:00-15:00,0.0
第五教学楼,2019-04-29,15:00-16:00,0.0
第五教学楼,2019-04-29,16:00-17:00,0.0
第五教学楼,2019-04-29,17:00-18:00,0.0
第五教学楼,2019-04-29,18:00-19:00,0.0
第五教学楼,2019-04-29,19:00-20:00,0.0
第五教学楼,2019-04-29,20:00-21:00,0.0
第五教学楼,2019-04-29,21:00-22:00,0.0
第五教学楼,2019-04-29,22:00-23:00,0.0
第五教学楼,2019-04-29,23:00-24:00,0.0
第五教学楼,2019-04-30,00:00-01:00,0.0
第五教学楼,2019-04-30,01:00-02:00,0.0
第五教学楼,2019-04-30,02:00-03:00,0.0
第五教学楼,2019-04-30,03:00-04:00,0.0
第五教学楼,2019-04-30,04:00-05:00,0.0
第五教学楼,2019-04-30,05:00-06:00,0.0
第五教学楼,2019-04-30,06:00-07:00,0.0
第五教学楼,2019-04-30,07:00-08:00,0.0
第五教学楼,2019-04-30,08:00-09:00,0.0
第五教学楼,2019-04-30,09:00-10:00,0.0
第五教学楼,2019-04-30,10:00-11:00,0.0
第五教学楼,2019-04-30,11:00-12:00,0.0
第五教学楼,2019-04-30,12:00-13:00,0.0
第五教学楼,2019-04-30,13:00-14:00,0.0
第五教学楼,2019-04-30,14:00-15:00,0.0
第五教学楼,2019-04-30,15:00-16:00,0.0
第五教学楼,2019-04-30,16:00-17:00,0.0
第五教学楼,2019-04-30,17:00-18:00,0.0
第五教学楼,2019-04-30,18:00-19:00,0.0
第五教学楼,2019-04-30,19:00-20:00,0.0
第五教学楼,2019-04-30,20:00-21:00,0.0
第五教学楼,2019-04-30,21:00-22:00,0.0
第五教学楼,2019-04-30,22:00-23:00,0.0
第五教学楼,2019-04-30,23:00-24:00,0.0
第五食堂,2019-04-01,00:00-01:00,0.0
第五食堂,2019-04-01,01:00-02:00,0.0
第五食堂,2019-04-01,02:00-03:00,0.0
第五食堂,2019-04-01,03:00-04:00,0.0
第五食堂,2019-04-01,04:00-05:00,0.0
第五食堂,2019-04-01,05:00-06:00,0.0
第五食堂,2019-04-01,06:00-07:00,54.9
第五食堂,2019-04-01,07:00-08:00,2172.4
第五食堂,2019-04-01,08:00-09:00,364.4
第五食堂,2019-04-01,09:00-10:00,433.7
第五食堂,2019-04-01,10:00-11:00,258.8
第五食堂,2019-04-01,11:00-12:00,3616.3
第五食堂,2019-04-01,12:00-13:00,3242.4
第五食堂,2019-04-01,13:00-14:00,169.1
第五食堂,2019-04-01,14:00-15:00,2.5
第五食堂,2019-04-01,15:00-16:00,13.5
第五食堂,2019-04-01,16:00-17:00,725.4
第五食堂,2019-04-01,17:00-18:00,1125.7
第五食堂,2019-04-01,18:00-19:00,1737.2
第五食堂,2019-04-01,19:00-20:00,371.6
第五食堂,2019-04-01,20:00-21:00,18.5
第五食堂,2019-04-01,21:00-22:00,8.0
第五食堂,2019-04-01,22:00-23:00,0.0
第五食堂,2019-04-01,23:00-24:00,17.0
第五食堂,2019-04-02,00:00-01:00,0.0
第五食堂,2019-04-02,01:00-02:00,0.0
第五食堂,2019-04-02,02:00-03:00,0.0
第五食堂,2019-04-02,03:00-04:00,0.0
第五食堂,2019-04-02,04:00-05:00,0.0
第五食堂,2019-04-02,05:00-06:00,0.0
第五食堂,2019-04-02,06:00-07:00,56.1
第五食堂,2019-04-02,07:00-08:00,2136.1
第五食堂,2019-04-02,08:00-09:00,375.3
第五食堂,2019-04-02,09:00-10:00,383.7
第五食堂,2019-04-02,10:00-11:00,324.9
第五食堂,2019-04-02,11:00-12:00,4053.9
第五食堂,2019-04-02,12:00-13:00,2780.4
第五食堂,2019-04-02,13:00-14:00,43.0
第五食堂,2019-04-02,14:00-15:00,0.0
第五食堂,2019-04-02,15:00-16:00,42.0
第五食堂,2019-04-02,16:00-17:00,730.6
第五食堂,2019-04-02,17:00-18:00,1318.2
第五食堂,2019-04-02,18:00-19:00,1529.6
第五食堂,2019-04-02,19:00-20:00,610.7
第五食堂,2019-04-02,20:00-21:00,108.7
第五食堂,2019-04-02,21:00-22:00,113.5
第五食堂,2019-04-02,22:00-23:00,12.0
第五食堂,2019-04-02,23:00-24:00,0.0
第五食堂,2019-04-03,00:00-01:00,0.0
第五食堂,2019-04-03,01:00-02:00,0.0
第五食堂,2019-04-03,02:00-03:00,0.0
第五食堂,2019-04-03,03:00-04:00,0.0
第五食堂,2019-04-03,04:00-05:00,0.0
第五食堂,2019-04-03,05:00-06:00,0.0
第五食堂,2019-04-03,06:00-07:00,28.0
第五食堂,2019-04-03,07:00-08:00,1845.7
第五食堂,2019-04-03,08:00-09:00,189.7
第五食堂,2019-04-03,09:00-10:00,231.0
第五食堂,2019-04-03,10:00-11:00,158.2
第五食堂,2019-04-03,11:00-12:00,3653.4
第五食堂,2019-04-03,12:00-13:00,3384.2
第五食堂,2019-04-03,13:00-14:00,83.2
第五食堂,2019-04-03,14:00-15:00,0.0
第五食堂,2019-04-03,15:00-16:00,31.0
第五食堂,2019-04-03,16:00-17:00,997.7
第五食堂,2019-04-03,17:00-18:00,1903.4
第五食堂,2019-04-03,18:00-19:00,2253.1
第五食堂,2019-04-03,19:00-20:00,411.6
第五食堂,2019-04-03,20:00-21:00,70.1
第五食堂,2019-04-03,21:00-22:00,133.4
第五食堂,2019-04-03,22:00-23:00,26.0
第五食堂,2019-04-03,23:00-24:00,0.0
第五食堂,2019-04-04,00:00-01:00,0.0
第五食堂,2019-04-04,01:00-02:00,0.0
第五食堂,2019-04-04,02:00-03:00,0.0
第五食堂,2019-04-04,03:00-04:00,0.0
第五食堂,2019-04-04,04:00-05:00,0.0
第五食堂,2019-04-04,05:00-06:00,0.0
第五食堂,2019-04-04,06:00-07:00,47.7
第五食堂,2019-04-04,07:00-08:00,2446.6
第五食堂,2019-04-04,08:00-09:00,348.7
第五食堂,2019-04-04,09:00-10:00,304.1
第五食堂,2019-04-04,10:00-11:00,153.2
第五食堂,2019-04-04,11:00-12:00,3267.15
第五食堂,2019-04-04,12:00-13:00,3298.7
第五食堂,2019-04-04,13:00-14:00,225.3
第五食堂,2019-04-04,14:00-15:00,0.0
第五食堂,2019-04-04,15:00-16:00,28.0
第五食堂,2019-04-04,16:00-17:00,535.8
第五食堂,2019-04-04,17:00-18:00,2296.6
第五食堂,2019-04-04,18:00-19:00,1831.2
第五食堂,2019-04-04,19:00-20:00,520.5
第五食堂,2019-04-04,20:00-21:00,151.8
第五食堂,2019-04-04,21:00-22:00,107.4
第五食堂,2019-04-04,22:00-23:00,51.5
第五食堂,2019-04-04,23:00-24:00,18.0
第五食堂,2019-04-05,00:00-01:00,0.0
第五食堂,2019-04-05,01:00-02:00,0.0
第五食堂,2019-04-05,02:00-03:00,0.0
第五食堂,2019-04-05,03:00-04:00,0.0
第五食堂,2019-04-05,04:00-05:00,0.0
第五食堂,2019-04-05,05:00-06:00,0.0
第五食堂,2019-04-05,06:00-07:00,0.0
第五食堂,2019-04-05,07:00-08:00,0.0
第五食堂,2019-04-05,08:00-09:00,0.0
第五食堂,2019-04-05,09:00-10:00,0.0
第五食堂,2019-04-05,10:00-11:00,0.0
第五食堂,2019-04-05,11:00-12:00,0.0
第五食堂,2019-04-05,12:00-13:00,0.0
第五食堂,2019-04-05,13:00-14:00,0.0
第五食堂,2019-04-05,14:00-15:00,0.0
第五食堂,2019-04-05,15:00-16:00,0.0
第五食堂,2019-04-05,16:00-17:00,0.0
第五食堂,2019-04-05,17:00-18:00,0.0
第五食堂,2019-04-05,18:00-19:00,0.0
第五食堂,2019-04-05,19:00-20:00,0.0
第五食堂,2019-04-05,20:00-21:00,0.0
第五食堂,2019-04-05,21:00-22:00,0.0
第五食堂,2019-04-05,22:00-23:00,0.0
第五食堂,2019-04-05,23:00-24:00,0.0
第五食堂,2019-04-06,00:00-01:00,0.0
第五食堂,2019-04-06,01:00-02:00,0.0
第五食堂,2019-04-06,02:00-03:00,0.0
第五食堂,2019-04-06,03:00-04:00,0.0
第五食堂,2019-04-06,04:00-05:00,0.0
第五食堂,2019-04-06,05:00-06:00,0.0
第五食堂,2019-04-06,06:00-07:00,0.0
第五食堂,2019-04-06,07:00-08:00,0.0
第五食堂,2019-04-06,08:00-09:00,0.0
第五食堂,2019-04-06,09:00-10:00,0.0
第五食堂,2019-04-06,10:00-11:00,0.0
第五食堂,2019-04-06,11:00-12:00,0.0
第五食堂,2019-04-06,12:00-13:00,0.0
第五食堂,2019-04-06,13:00-14:00,0.0
第五食堂,2019-04-06,14:00-15:00,0.0
第五食堂,2019-04-06,15:00-16:00,0.0
第五食堂,2019-04-06,16:00-17:00,0.0
第五食堂,2019-04-06,17:00-18:00,0.0
第五食堂,2019-04-06,18:00-19:00,0.0
第五食堂,2019-04-06,19:00-20:00,0.0
第五食堂,2019-04-06,20:00-21:00,0.0
第五食堂,2019-04-06,21:00-22:00,0.0
第五食堂,2019-04-06,22:00-23:00,0.0
第五食堂,2019-04-06,23:00-24:00,0.0
第五食堂,2019-04-07,00:00-01:00,0.0
第五食堂,2019-04-07,01:00-02:00,0.0
第五食堂,2019-04-07,02:00-03:00,0.0
第五食堂,2019-04-07,03:00-04:00,0.0
第五食堂,2019-04-07,04:00-05:00,0.0
第五食堂,2019-04-07,05:00-06:00,0.0
第五食堂,2019-04-07,06:00-07:00,0.0
第五食堂,2019-04-07,07:00-08:00,0.0
第五食堂,2019-04-07,08:00-09:00,0.0
第五食堂,2019-04-07,09:00-10:00,0.0
第五食堂,2019-04-07,10:00-11:00,0.0
第五食堂,2019-04-07,11:00-12:00,0.0
第五食堂,2019-04-07,12:00-13:00,0.0
第五食堂,2019-04-07,13:00-14:00,0.0
第五食堂,2019-04-07,14:00-15:00,0.0
第五食堂,2019-04-07,15:00-16:00,3.5
第五食堂,2019-04-07,16:00-17:00,69.3
第五食堂,2019-04-07,17:00-18:00,886.9
第五食堂,2019-04-07,18:00-19:00,1012.6
第五食堂,2019-04-07,19:00-20:00,240.9
第五食堂,2019-04-07,20:00-21:00,59.3
第五食堂,2019-04-07,21:00-22:00,21.0
第五食堂,2019-04-07,22:00-23:00,0.0
第五食堂,2019-04-07,23:00-24:00,0.0
第五食堂,2019-04-08,00:00-01:00,0.0
第五食堂,2019-04-08,01:00-02:00,0.0
第五食堂,2019-04-08,02:00-03:00,0.0
第五食堂,2019-04-08,03:00-04:00,0.0
第五食堂,2019-04-08,04:00-05:00,0.0
第五食堂,2019-04-08,05:00-06:00,0.0
第五食堂,2019-04-08,06:00-07:00,60.1
第五食堂,2019-04-08,07:00-08:00,1921.39
第五食堂,2019-04-08,08:00-09:00,274.2
第五食堂,2019-04-08,09:00-10:00,426.2
第五食堂,2019-04-08,10:00-11:00,311.7
第五食堂,2019-04-08,11:00-12:00,4366.7
第五食堂,2019-04-08,12:00-13:00,3145.0
第五食堂,2019-04-08,13:00-14:00,33.1
第五食堂,2019-04-08,14:00-15:00,0.0
第五食堂,2019-04-08,15:00-16:00,6.5
第五食堂,2019-04-08,16:00-17:00,1223.6
第五食堂,2019-04-08,17:00-18:00,1697.7
第五食堂,2019-04-08,18:00-19:00,2426.4
第五食堂,2019-04-08,19:00-20:00,671.7
第五食堂,2019-04-08,20:00-21:00,142.7
第五食堂,2019-04-08,21:00-22:00,155.0
第五食堂,2019-04-08,22:00-23:00,69.7
第五食堂,2019-04-08,23:00-24:00,0.0
第五食堂,2019-04-09,00:00-01:00,0.0
第五食堂,2019-04-09,01:00-02:00,0.0
第五食堂,2019-04-09,02:00-03:00,0.0
第五食堂,2019-04-09,03:00-04:00,0.0
第五食堂,2019-04-09,04:00-05:00,0.0
第五食堂,2019-04-09,05:00-06:00,0.0
第五食堂,2019-04-09,06:00-07:00,59.9
第五食堂,2019-04-09,07:00-08:00,2264.1
第五食堂,2019-04-09,08:00-09:00,382.4
第五食堂,2019-04-09,09:00-10:00,371.4
第五食堂,2019-04-09,10:00-11:00,116.86
第五食堂,2019-04-09,11:00-12:00,4318.7
第五食堂,2019-04-09,12:00-13:00,3330.9
第五食堂,2019-04-09,13:00-14:00,96.5
第五食堂,2019-04-09,14:00-15:00,4.0
第五食堂,2019-04-09,15:00-16:00,0.0
第五食堂,2019-04-09,16:00-17:00,1236.2
第五食堂,2019-04-09,17:00-18:00,1646.5
第五食堂,2019-04-09,18:00-19:00,2349.6
第五食堂,2019-04-09,19:00-20:00,414.3
第五食堂,2019-04-09,20:00-21:00,110.7
第五食堂,2019-04-09,21:00-22:00,187.0
第五食堂,2019-04-09,22:00-23:00,28.0
第五食堂,2019-04-09,23:00-24:00,15.8
第五食堂,2019-04-10,00:00-01:00,0.0
第五食堂,2019-04-10,01:00-02:00,0.0
第五食堂,2019-04-10,02:00-03:00,0.0
第五食堂,2019-04-10,03:00-04:00,0.0
第五食堂,2019-04-10,04:00-05:00,0.0
第五食堂,2019-04-10,05:00-06:00,0.0
第五食堂,2019-04-10,06:00-07:00,37.4
第五食堂,2019-04-10,07:00-08:00,2534.0
第五食堂,2019-04-10,08:00-09:00,363.8
第五食堂,2019-04-10,09:00-10:00,377.0
第五食堂,2019-04-10,10:00-11:00,142.5
第五食堂,2019-04-10,11:00-12:00,3678.6
第五食堂,2019-04-10,12:00-13:00,3481.35
第五食堂,2019-04-10,13:00-14:00,100.0
第五食堂,2019-04-10,14:00-15:00,0.0
第五食堂,2019-04-10,15:00-16:00,34.7
第五食堂,2019-04-10,16:00-17:00,902.6
第五食堂,2019-04-10,17:00-18:00,1887.6
第五食堂,2019-04-10,18:00-19:00,2159.6
第五食堂,2019-04-10,19:00-20:00,491.1
第五食堂,2019-04-10,20:00-21:00,89.4
第五食堂,2019-04-10,21:00-22:00,143.9
第五食堂,2019-04-10,22:00-23:00,38.0
第五食堂,2019-04-10,23:00-24:00,0.0
第五食堂,2019-04-11,00:00-01:00,0.0
第五食堂,2019-04-11,01:00-02:00,0.0
第五食堂,2019-04-11,02:00-03:00,0.0
第五食堂,2019-04-11,03:00-04:00,0.0
第五食堂,2019-04-11,04:00-05:00,0.0
第五食堂,2019-04-11,05:00-06:00,0.0
第五食堂,2019-04-11,06:00-07:00,58.3
第五食堂,2019-04-11,07:00-08:00,2377.0
第五食堂,2019-04-11,08:00-09:00,385.36
第五食堂,2019-04-11,09:00-10:00,336.0
第五食堂,2019-04-11,10:00-11:00,248.9
第五食堂,2019-04-11,11:00-12:00,3308.16
第五食堂,2019-04-11,12:00-13:00,2948.4
第五食堂,2019-04-11,13:00-14:00,211.8
第五食堂,2019-04-11,14:00-15:00,0.0
第五食堂,2019-04-11,15:00-16:00,11.5
第五食堂,2019-04-11,16:00-17:00,245.6
第五食堂,2019-04-11,17:00-18:00,2037.24
第五食堂,2019-04-11,18:00-19:00,1711.5
第五食堂,2019-04-11,19:00-20:00,552.7
第五食堂,2019-04-11,20:00-21:00,107.3
第五食堂,2019-04-11,21:00-22:00,131.5
第五食堂,2019-04-11,22:00-23:00,84.4
第五食堂,2019-04-11,23:00-24:00,0.0
第五食堂,2019-04-12,00:00-01:00,0.0
第五食堂,2019-04-12,01:00-02:00,0.0
第五食堂,2019-04-12,02:00-03:00,0.0
第五食堂,2019-04-12,03:00-04:00,0.0
第五食堂,2019-04-12,04:00-05:00,0.0
第五食堂,2019-04-12,05:00-06:00,0.0
第五食堂,2019-04-12,06:00-07:00,37.6
第五食堂,2019-04-12,07:00-08:00,1979.2
第五食堂,2019-04-12,08:00-09:00,459.5
第五食堂,2019-04-12,09:00-10:00,442.8
第五食堂,2019-04-12,10:00-11:00,333.08
第五食堂,2019-04-12,11:00-12:00,3632.2
第五食堂,2019-04-12,12:00-13:00,2576.4
第五食堂,2019-04-12,13:00-14:00,148.1
第五食堂,2019-04-12,14:00-15:00,0.0
第五食堂,2019-04-12,15:00-16:00,1452.8
第五食堂,2019-04-12,16:00-17:00,573.0
第五食堂,2019-04-12,17:00-18:00,1442.2
第五食堂,2019-04-12,18:00-19:00,1147.2
第五食堂,2019-04-12,19:00-20:00,440.8
第五食堂,2019-04-12,20:00-21:00,113.6
第五食堂,2019-04-12,21:00-22:00,146.6
第五食堂,2019-04-12,22:00-23:00,61.0
第五食堂,2019-04-12,23:00-24:00,0.0
第五食堂,2019-04-13,00:00-01:00,15.0
第五食堂,2019-04-13,01:00-02:00,0.0
第五食堂,2019-04-13,02:00-03:00,0.0
第五食堂,2019-04-13,03:00-04:00,0.0
第五食堂,2019-04-13,04:00-05:00,0.0
第五食堂,2019-04-13,05:00-06:00,0.0
第五食堂,2019-04-13,06:00-07:00,58.6
第五食堂,2019-04-13,07:00-08:00,939.4
第五食堂,2019-04-13,08:00-09:00,576.7
第五食堂,2019-04-13,09:00-10:00,363.8
第五食堂,2019-04-13,10:00-11:00,317.2
第五食堂,2019-04-13,11:00-12:00,1754.4
第五食堂,2019-04-13,12:00-13:00,1037.6
第五食堂,2019-04-13,13:00-14:00,25.5
第五食堂,2019-04-13,14:00-15:00,4.5
第五食堂,2019-04-13,15:00-16:00,11.0
第五食堂,2019-04-13,16:00-17:00,234.3
第五食堂,2019-04-13,17:00-18:00,1125.0
第五食堂,2019-04-13,18:00-19:00,1008.16
第五食堂,2019-04-13,19:00-20:00,383.1
第五食堂,2019-04-13,20:00-21:00,124.1
第五食堂,2019-04-13,21:00-22:00,61.9
第五食堂,2019-04-13,22:00-23:00,34.5
第五食堂,2019-04-13,23:00-24:00,0.0
第五食堂,2019-04-14,00:00-01:00,0.0
第五食堂,2019-04-14,01:00-02:00,0.0
第五食堂,2019-04-14,02:00-03:00,0.0
第五食堂,2019-04-14,03:00-04:00,0.0
第五食堂,2019-04-14,04:00-05:00,0.0
第五食堂,2019-04-14,05:00-06:00,0.0
第五食堂,2019-04-14,06:00-07:00,65.0
第五食堂,2019-04-14,07:00-08:00,706.6
第五食堂,2019-04-14,08:00-09:00,428.5
第五食堂,2019-04-14,09:00-10:00,248.0
第五食堂,2019-04-14,10:00-11:00,409.3
第五食堂,2019-04-14,11:00-12:00,1793.7
第五食堂,2019-04-14,12:00-13:00,1411.6
第五食堂,2019-04-14,13:00-14:00,103.2
第五食堂,2019-04-14,14:00-15:00,2.5
第五食堂,2019-04-14,15:00-16:00,7.0
第五食堂,2019-04-14,16:00-17:00,129.8
第五食堂,2019-04-14,17:00-18:00,1140.8
第五食堂,2019-04-14,18:00-19:00,1398.7
第五食堂,2019-04-14,19:00-20:00,669.9
第五食堂,2019-04-14,20:00-21:00,114.4
第五食堂,2019-04-14,21:00-22:00,99.9
第五食堂,2019-04-14,22:00-23:00,47.5
第五食堂,2019-04-14,23:00-24:00,0.0
第五食堂,2019-04-15,00:00-01:00,0.0
第五食堂,2019-04-15,01:00-02:00,0.0
第五食堂,2019-04-15,02:00-03:00,0.0
第五食堂,2019-04-15,03:00-04:00,0.0
第五食堂,2019-04-15,04:00-05:00,0.0
第五食堂,2019-04-15,05:00-06:00,0.0
第五食堂,2019-04-15,06:00-07:00,67.4
第五食堂,2019-04-15,07:00-08:00,1935.91
第五食堂,2019-04-15,08:00-09:00,308.1
第五食堂,2019-04-15,09:00-10:00,410.7
第五食堂,2019-04-15,10:00-11:00,369.3
第五食堂,2019-04-15,11:00-12:00,4162.65
第五食堂,2019-04-15,12:00-13:00,2982.0
第五食堂,2019-04-15,13:00-14:00,70.2
第五食堂,2019-04-15,14:00-15:00,0.0
第五食堂,2019-04-15,15:00-16:00,21.5
第五食堂,2019-04-15,16:00-17:00,1270.2
第五食堂,2019-04-15,17:00-18:00,1771.4
第五食堂,2019-04-15,18:00-19:00,1967.7
第五食堂,2019-04-15,19:00-20:00,707.5
第五食堂,2019-04-15,20:00-21:00,122.3
第五食堂,2019-04-15,21:00-22:00,142.9
第五食堂,2019-04-15,22:00-23:00,86.1
第五食堂,2019-04-15,23:00-24:00,12.0
第五食堂,2019-04-16,00:00-01:00,0.0
第五食堂,2019-04-16,01:00-02:00,0.0
第五食堂,2019-04-16,02:00-03:00,0.0
第五食堂,2019-04-16,03:00-04:00,0.0
第五食堂,2019-04-16,04:00-05:00,0.0
第五食堂,2019-04-16,05:00-06:00,0.0
第五食堂,2019-04-16,06:00-07:00,72.8
第五食堂,2019-04-16,07:00-08:00,2111.4
第五食堂,2019-04-16,08:00-09:00,387.0
第五食堂,2019-04-16,09:00-10:00,357.8
第五食堂,2019-04-16,10:00-11:00,126.8
第五食堂,2019-04-16,11:00-12:00,3868.0
第五食堂,2019-04-16,12:00-13:00,3475.86
第五食堂,2019-04-16,13:00-14:00,61.5
第五食堂,2019-04-16,14:00-15:00,1.5
第五食堂,2019-04-16,15:00-16:00,23.5
第五食堂,2019-04-16,16:00-17:00,886.6
第五食堂,2019-04-16,17:00-18:00,1629.4
第五食堂,2019-04-16,18:00-19:00,2100.9
第五食堂,2019-04-16,19:00-20:00,568.6
第五食堂,2019-04-16,20:00-21:00,211.5
第五食堂,2019-04-16,21:00-22:00,84.4
第五食堂,2019-04-16,22:00-23:00,27.7
第五食堂,2019-04-16,23:00-24:00,0.0
第五食堂,2019-04-17,00:00-01:00,779.4
第五食堂,2019-04-17,01:00-02:00,0.0
第五食堂,2019-04-17,02:00-03:00,0.0
第五食堂,2019-04-17,03:00-04:00,0.0
第五食堂,2019-04-17,04:00-05:00,0.0
第五食堂,2019-04-17,05:00-06:00,0.0
第五食堂,2019-04-17,06:00-07:00,73.7
第五食堂,2019-04-17,07:00-08:00,1930.3
第五食堂,2019-04-17,08:00-09:00,369.5
第五食堂,2019-04-17,09:00-10:00,268.8
第五食堂,2019-04-17,10:00-11:00,214.6
第五食堂,2019-04-17,11:00-12:00,3599.6
第五食堂,2019-04-17,12:00-13:00,3037.1
第五食堂,2019-04-17,13:00-14:00,59.3
第五食堂,2019-04-17,14:00-15:00,0.0
第五食堂,2019-04-17,15:00-16:00,5.0
第五食堂,2019-04-17,16:00-17:00,891.8
第五食堂,2019-04-17,17:00-18:00,1825.4
第五食堂,2019-04-17,18:00-19:00,1697.6
第五食堂,2019-04-17,19:00-20:00,492.4
第五食堂,2019-04-17,20:00-21:00,111.5
第五食堂,2019-04-17,21:00-22:00,96.1
第五食堂,2019-04-17,22:00-23:00,55.0
第五食堂,2019-04-17,23:00-24:00,0.0
第五食堂,2019-04-18,00:00-01:00,0.0
第五食堂,2019-04-18,01:00-02:00,0.0
第五食堂,2019-04-18,02:00-03:00,0.0
第五食堂,2019-04-18,03:00-04:00,0.0
第五食堂,2019-04-18,04:00-05:00,0.0
第五食堂,2019-04-18,05:00-06:00,0.0
第五食堂,2019-04-18,06:00-07:00,33.8
第五食堂,2019-04-18,07:00-08:00,2359.9
第五食堂,2019-04-18,08:00-09:00,337.5
第五食堂,2019-04-18,09:00-10:00,277.9
第五食堂,2019-04-18,10:00-11:00,163.7
第五食堂,2019-04-18,11:00-12:00,3075.5
第五食堂,2019-04-18,12:00-13:00,2953.1
第五食堂,2019-04-18,13:00-14:00,287.5
第五食堂,2019-04-18,14:00-15:00,3.5
第五食堂,2019-04-18,15:00-16:00,3.0
第五食堂,2019-04-18,16:00-17:00,292.3
第五食堂,2019-04-18,17:00-18:00,1667.9
第五食堂,2019-04-18,18:00-19:00,1940.0
第五食堂,2019-04-18,19:00-20:00,509.4
第五食堂,2019-04-18,20:00-21:00,91.6
第五食堂,2019-04-18,21:00-22:00,128.1
第五食堂,2019-04-18,22:00-23:00,50.0
第五食堂,2019-04-18,23:00-24:00,0.0
第五食堂,2019-04-19,00:00-01:00,0.0
第五食堂,2019-04-19,01:00-02:00,0.0
第五食堂,2019-04-19,02:00-03:00,0.0
第五食堂,2019-04-19,03:00-04:00,0.0
第五食堂,2019-04-19,04:00-05:00,0.0
第五食堂,2019-04-19,05:00-06:00,0.0
第五食堂,2019-04-19,06:00-07:00,77.7
第五食堂,2019-04-19,07:00-08:00,1976.7
第五食堂,2019-04-19,08:00-09:00,385.5
第五食堂,2019-04-19,09:00-10:00,371.1
第五食堂,2019-04-19,10:00-11:00,297.5
第五食堂,2019-04-19,11:00-12:00,3245.1
第五食堂,2019-04-19,12:00-13:00,2884.8
第五食堂,2019-04-19,13:00-14:00,58.3
第五食堂,2019-04-19,14:00-15:00,0.0
第五食堂,2019-04-19,15:00-16:00,21.5
第五食堂,2019-04-19,16:00-17:00,832.9
第五食堂,2019-04-19,17:00-18:00,1666.5
第五食堂,2019-04-19,18:00-19:00,1485.3
第五食堂,2019-04-19,19:00-20:00,597.2
第五食堂,2019-04-19,20:00-21:00,140.6
第五食堂,2019-04-19,21:00-22:00,71.4
第五食堂,2019-04-19,22:00-23:00,16.0
第五食堂,2019-04-19,23:00-24:00,6.0
第五食堂,2019-04-20,00:00-01:00,0.0
第五食堂,2019-04-20,01:00-02:00,0.0
第五食堂,2019-04-20,02:00-03:00,0.0
第五食堂,2019-04-20,03:00-04:00,0.0
第五食堂,2019-04-20,04:00-05:00,0.0
第五食堂,2019-04-20,05:00-06:00,0.0
第五食堂,2019-04-20,06:00-07:00,34.0
第五食堂,2019-04-20,07:00-08:00,792.8
第五食堂,2019-04-20,08:00-09:00,898.4
第五食堂,2019-04-20,09:00-10:00,540.0
第五食堂,2019-04-20,10:00-11:00,498.3
第五食堂,2019-04-20,11:00-12:00,1885.5
第五食堂,2019-04-20,12:00-13:00,1282.1
第五食堂,2019-04-20,13:00-14:00,151.9
第五食堂,2019-04-20,14:00-15:00,26.1
第五食堂,2019-04-20,15:00-16:00,5.5
第五食堂,2019-04-20,16:00-17:00,207.2
第五食堂,2019-04-20,17:00-18:00,1011.8
第五食堂,2019-04-20,18:00-19:00,958.8
第五食堂,2019-04-20,19:00-20:00,377.7
第五食堂,2019-04-20,20:00-21:00,62.9
第五食堂,2019-04-20,21:00-22:00,83.9
第五食堂,2019-04-20,22:00-23:00,1.2
第五食堂,2019-04-20,23:00-24:00,0.0
第五食堂,2019-04-21,00:00-01:00,0.0
第五食堂,2019-04-21,01:00-02:00,0.0
第五食堂,2019-04-21,02:00-03:00,0.0
第五食堂,2019-04-21,03:00-04:00,0.0
第五食堂,2019-04-21,04:00-05:00,0.0
第五食堂,2019-04-21,05:00-06:00,0.0
第五食堂,2019-04-21,06:00-07:00,45.2
第五食堂,2019-04-21,07:00-08:00,402.9
第五食堂,2019-04-21,08:00-09:00,363.2
第五食堂,2019-04-21,09:00-10:00,404.6
第五食堂,2019-04-21,10:00-11:00,309.4
第五食堂,2019-04-21,11:00-12:00,2015.0
第五食堂,2019-04-21,12:00-13:00,1199.3
第五食堂,2019-04-21,13:00-14:00,185.8
第五食堂,2019-04-21,14:00-15:00,25.0
第五食堂,2019-04-21,15:00-16:00,6.6
第五食堂,2019-04-21,16:00-17:00,196.4
第五食堂,2019-04-21,17:00-18:00,1067.4
第五食堂,2019-04-21,18:00-19:00,1259.1
第五食堂,2019-04-21,19:00-20:00,409.3
第五食堂,2019-04-21,20:00-21:00,104.7
第五食堂,2019-04-21,21:00-22:00,75.6
第五食堂,2019-04-21,22:00-23:00,14.0
第五食堂,2019-04-21,23:00-24:00,0.0
第五食堂,2019-04-22,00:00-01:00,0.0
第五食堂,2019-04-22,01:00-02:00,0.0
第五食堂,2019-04-22,02:00-03:00,0.0
第五食堂,2019-04-22,03:00-04:00,0.0
第五食堂,2019-04-22,04:00-05:00,0.0
第五食堂,2019-04-22,05:00-06:00,0.0
第五食堂,2019-04-22,06:00-07:00,74.4
第五食堂,2019-04-22,07:00-08:00,1689.2
第五食堂,2019-04-22,08:00-09:00,308.1
第五食堂,2019-04-22,09:00-10:00,428.4
第五食堂,2019-04-22,10:00-11:00,359.9
第五食堂,2019-04-22,11:00-12:00,3797.5
第五食堂,2019-04-22,12:00-13:00,3073.82
第五食堂,2019-04-22,13:00-14:00,29.6
第五食堂,2019-04-22,14:00-15:00,0.0
第五食堂,2019-04-22,15:00-16:00,13.5
第五食堂,2019-04-22,16:00-17:00,1294.7
第五食堂,2019-04-22,17:00-18:00,1747.9
第五食堂,2019-04-22,18:00-19:00,1734.3
第五食堂,2019-04-22,19:00-20:00,508.4
第五食堂,2019-04-22,20:00-21:00,127.9
第五食堂,2019-04-22,21:00-22:00,101.2
第五食堂,2019-04-22,22:00-23:00,60.5
第五食堂,2019-04-22,23:00-24:00,0.0
第五食堂,2019-04-23,00:00-01:00,0.0
第五食堂,2019-04-23,01:00-02:00,0.0
第五食堂,2019-04-23,02:00-03:00,0.0
第五食堂,2019-04-23,03:00-04:00,0.0
第五食堂,2019-04-23,04:00-05:00,0.0
第五食堂,2019-04-23,05:00-06:00,0.0
第五食堂,2019-04-23,06:00-07:00,113.5
第五食堂,2019-04-23,07:00-08:00,2000.9
第五食堂,2019-04-23,08:00-09:00,390.1
第五食堂,2019-04-23,09:00-10:00,341.8
第五食堂,2019-04-23,10:00-11:00,123.8
第五食堂,2019-04-23,11:00-12:00,3390.4
第五食堂,2019-04-23,12:00-13:00,3166.6
第五食堂,2019-04-23,13:00-14:00,80.7
第五食堂,2019-04-23,14:00-15:00,9.0
第五食堂,2019-04-23,15:00-16:00,0.0
第五食堂,2019-04-23,16:00-17:00,1131.6
第五食堂,2019-04-23,17:00-18:00,1368.5
第五食堂,2019-04-23,18:00-19:00,1724.8
第五食堂,2019-04-23,19:00-20:00,513.5
第五食堂,2019-04-23,20:00-21:00,106.6
第五食堂,2019-04-23,21:00-22:00,105.1
第五食堂,2019-04-23,22:00-23:00,10.0
第五食堂,2019-04-23,23:00-24:00,8.0
第五食堂,2019-04-24,00:00-01:00,0.0
第五食堂,2019-04-24,01:00-02:00,0.0
第五食堂,2019-04-24,02:00-03:00,0.0
第五食堂,2019-04-24,03:00-04:00,0.0
第五食堂,2019-04-24,04:00-05:00,0.0
第五食堂,2019-04-24,05:00-06:00,0.0
第五食堂,2019-04-24,06:00-07:00,90.8
第五食堂,2019-04-24,07:00-08:00,2270.7
第五食堂,2019-04-24,08:00-09:00,330.6
第五食堂,2019-04-24,09:00-10:00,448.4
第五食堂,2019-04-24,10:00-11:00,202.3
第五食堂,2019-04-24,11:00-12:00,3372.2
第五食堂,2019-04-24,12:00-13:00,3018.6
第五食堂,2019-04-24,13:00-14:00,25.8
第五食堂,2019-04-24,14:00-15:00,0.0
第五食堂,2019-04-24,15:00-16:00,11.5
第五食堂,2019-04-24,16:00-17:00,1347.3
第五食堂,2019-04-24,17:00-18:00,1420.3
第五食堂,2019-04-24,18:00-19:00,1272.7
第五食堂,2019-04-24,19:00-20:00,468.9
第五食堂,2019-04-24,20:00-21:00,105.1
第五食堂,2019-04-24,21:00-22:00,98.2
第五食堂,2019-04-24,22:00-23:00,22.2
第五食堂,2019-04-24,23:00-24:00,0.0
第五食堂,2019-04-25,00:00-01:00,0.0
第五食堂,2019-04-25,01:00-02:00,0.0
第五食堂,2019-04-25,02:00-03:00,0.0
第五食堂,2019-04-25,03:00-04:00,0.0
第五食堂,2019-04-25,04:00-05:00,0.0
第五食堂,2019-04-25,05:00-06:00,0.0
第五食堂,2019-04-25,06:00-07:00,63.9
第五食堂,2019-04-25,07:00-08:00,2140.19
第五食堂,2019-04-25,08:00-09:00,369.8
第五食堂,2019-04-25,09:00-10:00,381.2
第五食堂,2019-04-25,10:00-11:00,177.9
第五食堂,2019-04-25,11:00-12:00,2923.4
第五食堂,2019-04-25,12:00-13:00,3136.6
第五食堂,2019-04-25,13:00-14:00,131.5
第五食堂,2019-04-25,14:00-15:00,7.0
第五食堂,2019-04-25,15:00-16:00,9.0
第五食堂,2019-04-25,16:00-17:00,388.2
第五食堂,2019-04-25,17:00-18:00,1614.5
第五食堂,2019-04-25,18:00-19:00,1390.94
第五食堂,2019-04-25,19:00-20:00,561.8
第五食堂,2019-04-25,20:00-21:00,131.9
第五食堂,2019-04-25,21:00-22:00,152.6
第五食堂,2019-04-25,22:00-23:00,62.7
第五食堂,2019-04-25,23:00-24:00,0.0
第五食堂,2019-04-26,00:00-01:00,11.0
第五食堂,2019-04-26,01:00-02:00,0.0
第五食堂,2019-04-26,02:00-03:00,0.0
第五食堂,2019-04-26,03:00-04:00,0.0
第五食堂,2019-04-26,04:00-05:00,0.0
第五食堂,2019-04-26,05:00-06:00,0.0
第五食堂,2019-04-26,06:00-07:00,63.0
第五食堂,2019-04-26,07:00-08:00,2040.69
第五食堂,2019-04-26,08:00-09:00,421.1
第五食堂,2019-04-26,09:00-10:00,372.6
第五食堂,2019-04-26,10:00-11:00,361.5
第五食堂,2019-04-26,11:00-12:00,2863.8
第五食堂,2019-04-26,12:00-13:00,2299.2
第五食堂,2019-04-26,13:00-14:00,32.5
第五食堂,2019-04-26,14:00-15:00,0.0
第五食堂,2019-04-26,15:00-16:00,63.2
第五食堂,2019-04-26,16:00-17:00,368.2
第五食堂,2019-04-26,17:00-18:00,631.6
第五食堂,2019-04-26,18:00-19:00,704.8
第五食堂,2019-04-26,19:00-20:00,465.4
第五食堂,2019-04-26,20:00-21:00,89.4
第五食堂,2019-04-26,21:00-22:00,94.2
第五食堂,2019-04-26,22:00-23:00,67.1
第五食堂,2019-04-26,23:00-24:00,0.0
第五食堂,2019-04-27,00:00-01:00,0.0
第五食堂,2019-04-27,01:00-02:00,0.0
第五食堂,2019-04-27,02:00-03:00,0.0
第五食堂,2019-04-27,03:00-04:00,0.0
第五食堂,2019-04-27,04:00-05:00,0.0
第五食堂,2019-04-27,05:00-06:00,0.0
第五食堂,2019-04-27,06:00-07:00,68.3
第五食堂,2019-04-27,07:00-08:00,276.4
第五食堂,2019-04-27,08:00-09:00,393.5
第五食堂,2019-04-27,09:00-10:00,142.0
第五食堂,2019-04-27,10:00-11:00,343.1
第五食堂,2019-04-27,11:00-12:00,1590.7
第五食堂,2019-04-27,12:00-13:00,331.4
第五食堂,2019-04-27,13:00-14:00,12.0
第五食堂,2019-04-27,14:00-15:00,2.0
第五食堂,2019-04-27,15:00-16:00,0.0
第五食堂,2019-04-27,16:00-17:00,149.6
第五食堂,2019-04-27,17:00-18:00,917.8
第五食堂,2019-04-27,18:00-19:00,365.0
第五食堂,2019-04-27,19:00-20:00,37.0
第五食堂,2019-04-27,20:00-21:00,0.0
第五食堂,2019-04-27,21:00-22:00,0.0
第五食堂,2019-04-27,22:00-23:00,8.0
第五食堂,2019-04-27,23:00-24:00,0.0
第五食堂,2019-04-28,00:00-01:00,0.0
第五食堂,2019-04-28,01:00-02:00,0.0
第五食堂,2019-04-28,02:00-03:00,0.0
第五食堂,2019-04-28,03:00-04:00,0.0
第五食堂,2019-04-28,04:00-05:00,0.0
第五食堂,2019-04-28,05:00-06:00,0.0
第五食堂,2019-04-28,06:00-07:00,0.0
第五食堂,2019-04-28,07:00-08:00,0.0
第五食堂,2019-04-28,08:00-09:00,0.0
第五食堂,2019-04-28,09:00-10:00,0.0
第五食堂,2019-04-28,10:00-11:00,0.0
第五食堂,2019-04-28,11:00-12:00,0.0
第五食堂,2019-04-28,12:00-13:00,0.0
第五食堂,2019-04-28,13:00-14:00,0.0
第五食堂,2019-04-28,14:00-15:00,0.0
第五食堂,2019-04-28,15:00-16:00,0.0
第五食堂,2019-04-28,16:00-17:00,0.0
第五食堂,2019-04-28,17:00-18:00,0.0
第五食堂,2019-04-28,18:00-19:00,0.0
第五食堂,2019-04-28,19:00-20:00,0.0
第五食堂,2019-04-28,20:00-21:00,0.0
第五食堂,2019-04-28,21:00-22:00,0.0
第五食堂,2019-04-28,22:00-23:00,0.0
第五食堂,2019-04-28,23:00-24:00,0.0
第五食堂,2019-04-29,00:00-01:00,0.0
第五食堂,2019-04-29,01:00-02:00,0.0
第五食堂,2019-04-29,02:00-03:00,0.0
第五食堂,2019-04-29,03:00-04:00,0.0
第五食堂,2019-04-29,04:00-05:00,0.0
第五食堂,2019-04-29,05:00-06:00,0.0
第五食堂,2019-04-29,06:00-07:00,25.0
第五食堂,2019-04-29,07:00-08:00,481.2
第五食堂,2019-04-29,08:00-09:00,716.3
第五食堂,2019-04-29,09:00-10:00,423.4
第五食堂,2019-04-29,10:00-11:00,461.7
第五食堂,2019-04-29,11:00-12:00,1986.15
第五食堂,2019-04-29,12:00-13:00,1496.1
第五食堂,2019-04-29,13:00-14:00,174.9
第五食堂,2019-04-29,14:00-15:00,19.5
第五食堂,2019-04-29,15:00-16:00,11.0
第五食堂,2019-04-29,16:00-17:00,163.0
第五食堂,2019-04-29,17:00-18:00,1123.7
第五食堂,2019-04-29,18:00-19:00,1278.2
第五食堂,2019-04-29,19:00-20:00,615.8
第五食堂,2019-04-29,20:00-21:00,133.4
第五食堂,2019-04-29,21:00-22:00,94.9
第五食堂,2019-04-29,22:00-23:00,22.3
第五食堂,2019-04-29,23:00-24:00,0.0
第五食堂,2019-04-30,00:00-01:00,0.0
第五食堂,2019-04-30,01:00-02:00,0.0
第五食堂,2019-04-30,02:00-03:00,0.0
第五食堂,2019-04-30,03:00-04:00,0.0
第五食堂,2019-04-30,04:00-05:00,0.0
第五食堂,2019-04-30,05:00-06:00,0.0
第五食堂,2019-04-30,06:00-07:00,0.0
第五食堂,2019-04-30,07:00-08:00,555.6
第五食堂,2019-04-30,08:00-09:00,704.9
第五食堂,2019-04-30,09:00-10:00,330.1
第五食堂,2019-04-30,10:00-11:00,447.3
第五食堂,2019-04-30,11:00-12:00,2384.7
第五食堂,2019-04-30,12:00-13:00,1219.7
第五食堂,2019-04-30,13:00-14:00,81.3
第五食堂,2019-04-30,14:00-15:00,23.0
第五食堂,2019-04-30,15:00-16:00,29.6
第五食堂,2019-04-30,16:00-17:00,241.8
第五食堂,2019-04-30,17:00-18:00,1420.3
第五食堂,2019-04-30,18:00-19:00,1661.2
第五食堂,2019-04-30,19:00-20:00,489.8
第五食堂,2019-04-30,20:00-21:00,157.3
第五食堂,2019-04-30,21:00-22:00,83.9
第五食堂,2019-04-30,22:00-23:00,49.0
第五食堂,2019-04-30,23:00-24:00,0.0
第六教学楼,2019-04-01,00:00-01:00,0.0
第六教学楼,2019-04-01,01:00-02:00,0.0
第六教学楼,2019-04-01,02:00-03:00,0.0
第六教学楼,2019-04-01,03:00-04:00,0.0
第六教学楼,2019-04-01,04:00-05:00,0.0
第六教学楼,2019-04-01,05:00-06:00,0.0
第六教学楼,2019-04-01,06:00-07:00,0.0
第六教学楼,2019-04-01,07:00-08:00,0.0
第六教学楼,2019-04-01,08:00-09:00,0.0
第六教学楼,2019-04-01,09:00-10:00,0.0
第六教学楼,2019-04-01,10:00-11:00,0.0
第六教学楼,2019-04-01,11:00-12:00,0.0
第六教学楼,2019-04-01,12:00-13:00,0.0
第六教学楼,2019-04-01,13:00-14:00,0.0
第六教学楼,2019-04-01,14:00-15:00,0.0
第六教学楼,2019-04-01,15:00-16:00,0.0
第六教学楼,2019-04-01,16:00-17:00,0.0
第六教学楼,2019-04-01,17:00-18:00,0.0
第六教学楼,2019-04-01,18:00-19:00,0.0
第六教学楼,2019-04-01,19:00-20:00,0.0
第六教学楼,2019-04-01,20:00-21:00,0.0
第六教学楼,2019-04-01,21:00-22:00,0.0
第六教学楼,2019-04-01,22:00-23:00,0.0
第六教学楼,2019-04-01,23:00-24:00,0.0
第六教学楼,2019-04-02,00:00-01:00,0.0
第六教学楼,2019-04-02,01:00-02:00,0.0
第六教学楼,2019-04-02,02:00-03:00,0.0
第六教学楼,2019-04-02,03:00-04:00,0.0
第六教学楼,2019-04-02,04:00-05:00,0.0
第六教学楼,2019-04-02,05:00-06:00,0.0
第六教学楼,2019-04-02,06:00-07:00,0.0
第六教学楼,2019-04-02,07:00-08:00,0.0
第六教学楼,2019-04-02,08:00-09:00,0.0
第六教学楼,2019-04-02,09:00-10:00,0.0
第六教学楼,2019-04-02,10:00-11:00,0.0
第六教学楼,2019-04-02,11:00-12:00,0.0
第六教学楼,2019-04-02,12:00-13:00,0.0
第六教学楼,2019-04-02,13:00-14:00,0.0
第六教学楼,2019-04-02,14:00-15:00,0.0
第六教学楼,2019-04-02,15:00-16:00,0.0
第六教学楼,2019-04-02,16:00-17:00,0.0
第六教学楼,2019-04-02,17:00-18:00,0.0
第六教学楼,2019-04-02,18:00-19:00,0.0
第六教学楼,2019-04-02,19:00-20:00,0.0
第六教学楼,2019-04-02,20:00-21:00,0.0
第六教学楼,2019-04-02,21:00-22:00,0.0
第六教学楼,2019-04-02,22:00-23:00,0.0
第六教学楼,2019-04-02,23:00-24:00,0.0
第六教学楼,2019-04-03,00:00-01:00,0.0
第六教学楼,2019-04-03,01:00-02:00,0.0
第六教学楼,2019-04-03,02:00-03:00,0.0
第六教学楼,2019-04-03,03:00-04:00,0.0
第六教学楼,2019-04-03,04:00-05:00,0.0
第六教学楼,2019-04-03,05:00-06:00,0.0
第六教学楼,2019-04-03,06:00-07:00,0.0
第六教学楼,2019-04-03,07:00-08:00,0.0
第六教学楼,2019-04-03,08:00-09:00,0.0
第六教学楼,2019-04-03,09:00-10:00,0.0
第六教学楼,2019-04-03,10:00-11:00,0.0
第六教学楼,2019-04-03,11:00-12:00,0.0
第六教学楼,2019-04-03,12:00-13:00,0.0
第六教学楼,2019-04-03,13:00-14:00,0.0
第六教学楼,2019-04-03,14:00-15:00,0.0
第六教学楼,2019-04-03,15:00-16:00,0.0
第六教学楼,2019-04-03,16:00-17:00,0.0
第六教学楼,2019-04-03,17:00-18:00,0.0
第六教学楼,2019-04-03,18:00-19:00,0.0
第六教学楼,2019-04-03,19:00-20:00,0.0
第六教学楼,2019-04-03,20:00-21:00,0.0
第六教学楼,2019-04-03,21:00-22:00,0.0
第六教学楼,2019-04-03,22:00-23:00,0.0
第六教学楼,2019-04-03,23:00-24:00,0.0
第六教学楼,2019-04-04,00:00-01:00,0.0
第六教学楼,2019-04-04,01:00-02:00,0.0
第六教学楼,2019-04-04,02:00-03:00,0.0
第六教学楼,2019-04-04,03:00-04:00,0.0
第六教学楼,2019-04-04,04:00-05:00,0.0
第六教学楼,2019-04-04,05:00-06:00,0.0
第六教学楼,2019-04-04,06:00-07:00,0.0
第六教学楼,2019-04-04,07:00-08:00,0.0
第六教学楼,2019-04-04,08:00-09:00,0.0
第六教学楼,2019-04-04,09:00-10:00,0.0
第六教学楼,2019-04-04,10:00-11:00,0.0
第六教学楼,2019-04-04,11:00-12:00,0.0
第六教学楼,2019-04-04,12:00-13:00,20.0
第六教学楼,2019-04-04,13:00-14:00,0.0
第六教学楼,2019-04-04,14:00-15:00,0.0
第六教学楼,2019-04-04,15:00-16:00,0.0
第六教学楼,2019-04-04,16:00-17:00,0.0
第六教学楼,2019-04-04,17:00-18:00,0.0
第六教学楼,2019-04-04,18:00-19:00,0.0
第六教学楼,2019-04-04,19:00-20:00,0.0
第六教学楼,2019-04-04,20:00-21:00,0.0
第六教学楼,2019-04-04,21:00-22:00,0.0
第六教学楼,2019-04-04,22:00-23:00,0.0
第六教学楼,2019-04-04,23:00-24:00,0.0
第六教学楼,2019-04-05,00:00-01:00,0.0
第六教学楼,2019-04-05,01:00-02:00,0.0
第六教学楼,2019-04-05,02:00-03:00,0.0
第六教学楼,2019-04-05,03:00-04:00,0.0
第六教学楼,2019-04-05,04:00-05:00,0.0
第六教学楼,2019-04-05,05:00-06:00,0.0
第六教学楼,2019-04-05,06:00-07:00,0.0
第六教学楼,2019-04-05,07:00-08:00,0.0
第六教学楼,2019-04-05,08:00-09:00,0.0
第六教学楼,2019-04-05,09:00-10:00,0.0
第六教学楼,2019-04-05,10:00-11:00,0.0
第六教学楼,2019-04-05,11:00-12:00,0.0
第六教学楼,2019-04-05,12:00-13:00,0.0
第六教学楼,2019-04-05,13:00-14:00,0.0
第六教学楼,2019-04-05,14:00-15:00,0.0
第六教学楼,2019-04-05,15:00-16:00,0.0
第六教学楼,2019-04-05,16:00-17:00,0.0
第六教学楼,2019-04-05,17:00-18:00,0.0
第六教学楼,2019-04-05,18:00-19:00,0.0
第六教学楼,2019-04-05,19:00-20:00,0.0
第六教学楼,2019-04-05,20:00-21:00,0.0
第六教学楼,2019-04-05,21:00-22:00,0.0
第六教学楼,2019-04-05,22:00-23:00,0.0
第六教学楼,2019-04-05,23:00-24:00,0.0
第六教学楼,2019-04-06,00:00-01:00,0.0
第六教学楼,2019-04-06,01:00-02:00,0.0
第六教学楼,2019-04-06,02:00-03:00,0.0
第六教学楼,2019-04-06,03:00-04:00,0.0
第六教学楼,2019-04-06,04:00-05:00,0.0
第六教学楼,2019-04-06,05:00-06:00,0.0
第六教学楼,2019-04-06,06:00-07:00,0.0
第六教学楼,2019-04-06,07:00-08:00,0.0
第六教学楼,2019-04-06,08:00-09:00,0.0
第六教学楼,2019-04-06,09:00-10:00,0.0
第六教学楼,2019-04-06,10:00-11:00,0.0
第六教学楼,2019-04-06,11:00-12:00,0.0
第六教学楼,2019-04-06,12:00-13:00,0.0
第六教学楼,2019-04-06,13:00-14:00,0.0
第六教学楼,2019-04-06,14:00-15:00,0.0
第六教学楼,2019-04-06,15:00-16:00,0.0
第六教学楼,2019-04-06,16:00-17:00,0.0
第六教学楼,2019-04-06,17:00-18:00,0.0
第六教学楼,2019-04-06,18:00-19:00,0.0
第六教学楼,2019-04-06,19:00-20:00,0.0
第六教学楼,2019-04-06,20:00-21:00,0.0
第六教学楼,2019-04-06,21:00-22:00,0.0
第六教学楼,2019-04-06,22:00-23:00,0.0
第六教学楼,2019-04-06,23:00-24:00,0.0
第六教学楼,2019-04-07,00:00-01:00,0.0
第六教学楼,2019-04-07,01:00-02:00,0.0
第六教学楼,2019-04-07,02:00-03:00,0.0
第六教学楼,2019-04-07,03:00-04:00,0.0
第六教学楼,2019-04-07,04:00-05:00,0.0
第六教学楼,2019-04-07,05:00-06:00,0.0
第六教学楼,2019-04-07,06:00-07:00,0.0
第六教学楼,2019-04-07,07:00-08:00,0.0
第六教学楼,2019-04-07,08:00-09:00,0.0
第六教学楼,2019-04-07,09:00-10:00,0.0
第六教学楼,2019-04-07,10:00-11:00,0.0
第六教学楼,2019-04-07,11:00-12:00,0.0
第六教学楼,2019-04-07,12:00-13:00,0.0
第六教学楼,2019-04-07,13:00-14:00,0.0
第六教学楼,2019-04-07,14:00-15:00,0.0
第六教学楼,2019-04-07,15:00-16:00,0.0
第六教学楼,2019-04-07,16:00-17:00,0.0
第六教学楼,2019-04-07,17:00-18:00,0.0
第六教学楼,2019-04-07,18:00-19:00,0.0
第六教学楼,2019-04-07,19:00-20:00,0.0
第六教学楼,2019-04-07,20:00-21:00,0.0
第六教学楼,2019-04-07,21:00-22:00,0.0
第六教学楼,2019-04-07,22:00-23:00,0.0
第六教学楼,2019-04-07,23:00-24:00,0.0
第六教学楼,2019-04-08,00:00-01:00,0.0
第六教学楼,2019-04-08,01:00-02:00,0.0
第六教学楼,2019-04-08,02:00-03:00,0.0
第六教学楼,2019-04-08,03:00-04:00,0.0
第六教学楼,2019-04-08,04:00-05:00,0.0
第六教学楼,2019-04-08,05:00-06:00,0.0
第六教学楼,2019-04-08,06:00-07:00,0.0
第六教学楼,2019-04-08,07:00-08:00,0.0
第六教学楼,2019-04-08,08:00-09:00,0.0
第六教学楼,2019-04-08,09:00-10:00,0.0
第六教学楼,2019-04-08,10:00-11:00,0.0
第六教学楼,2019-04-08,11:00-12:00,0.0
第六教学楼,2019-04-08,12:00-13:00,0.0
第六教学楼,2019-04-08,13:00-14:00,0.0
第六教学楼,2019-04-08,14:00-15:00,0.0
第六教学楼,2019-04-08,15:00-16:00,0.0
第六教学楼,2019-04-08,16:00-17:00,0.0
第六教学楼,2019-04-08,17:00-18:00,0.0
第六教学楼,2019-04-08,18:00-19:00,0.0
第六教学楼,2019-04-08,19:00-20:00,0.0
第六教学楼,2019-04-08,20:00-21:00,0.0
第六教学楼,2019-04-08,21:00-22:00,0.0
第六教学楼,2019-04-08,22:00-23:00,0.0
第六教学楼,2019-04-08,23:00-24:00,0.0
第六教学楼,2019-04-09,00:00-01:00,0.0
第六教学楼,2019-04-09,01:00-02:00,0.0
第六教学楼,2019-04-09,02:00-03:00,0.0
第六教学楼,2019-04-09,03:00-04:00,0.0
第六教学楼,2019-04-09,04:00-05:00,0.0
第六教学楼,2019-04-09,05:00-06:00,0.0
第六教学楼,2019-04-09,06:00-07:00,0.0
第六教学楼,2019-04-09,07:00-08:00,0.0
第六教学楼,2019-04-09,08:00-09:00,0.0
第六教学楼,2019-04-09,09:00-10:00,0.0
第六教学楼,2019-04-09,10:00-11:00,0.0
第六教学楼,2019-04-09,11:00-12:00,0.0
第六教学楼,2019-04-09,12:00-13:00,0.0
第六教学楼,2019-04-09,13:00-14:00,0.0
第六教学楼,2019-04-09,14:00-15:00,0.0
第六教学楼,2019-04-09,15:00-16:00,0.0
第六教学楼,2019-04-09,16:00-17:00,0.0
第六教学楼,2019-04-09,17:00-18:00,0.0
第六教学楼,2019-04-09,18:00-19:00,0.0
第六教学楼,2019-04-09,19:00-20:00,0.0
第六教学楼,2019-04-09,20:00-21:00,0.0
第六教学楼,2019-04-09,21:00-22:00,0.0
第六教学楼,2019-04-09,22:00-23:00,0.0
第六教学楼,2019-04-09,23:00-24:00,0.0
第六教学楼,2019-04-10,00:00-01:00,0.0
第六教学楼,2019-04-10,01:00-02:00,0.0
第六教学楼,2019-04-10,02:00-03:00,0.0
第六教学楼,2019-04-10,03:00-04:00,0.0
第六教学楼,2019-04-10,04:00-05:00,0.0
第六教学楼,2019-04-10,05:00-06:00,0.0
第六教学楼,2019-04-10,06:00-07:00,0.0
第六教学楼,2019-04-10,07:00-08:00,0.0
第六教学楼,2019-04-10,08:00-09:00,0.0
第六教学楼,2019-04-10,09:00-10:00,0.0
第六教学楼,2019-04-10,10:00-11:00,0.0
第六教学楼,2019-04-10,11:00-12:00,0.0
第六教学楼,2019-04-10,12:00-13:00,0.0
第六教学楼,2019-04-10,13:00-14:00,0.0
第六教学楼,2019-04-10,14:00-15:00,0.0
第六教学楼,2019-04-10,15:00-16:00,0.0
第六教学楼,2019-04-10,16:00-17:00,0.0
第六教学楼,2019-04-10,17:00-18:00,0.0
第六教学楼,2019-04-10,18:00-19:00,0.0
第六教学楼,2019-04-10,19:00-20:00,0.0
第六教学楼,2019-04-10,20:00-21:00,0.0
第六教学楼,2019-04-10,21:00-22:00,0.0
第六教学楼,2019-04-10,22:00-23:00,0.0
第六教学楼,2019-04-10,23:00-24:00,0.0
第六教学楼,2019-04-11,00:00-01:00,0.0
第六教学楼,2019-04-11,01:00-02:00,0.0
第六教学楼,2019-04-11,02:00-03:00,0.0
第六教学楼,2019-04-11,03:00-04:00,0.0
第六教学楼,2019-04-11,04:00-05:00,0.0
第六教学楼,2019-04-11,05:00-06:00,0.0
第六教学楼,2019-04-11,06:00-07:00,0.0
第六教学楼,2019-04-11,07:00-08:00,0.0
第六教学楼,2019-04-11,08:00-09:00,0.0
第六教学楼,2019-04-11,09:00-10:00,0.0
第六教学楼,2019-04-11,10:00-11:00,0.0
第六教学楼,2019-04-11,11:00-12:00,0.0
第六教学楼,2019-04-11,12:00-13:00,0.0
第六教学楼,2019-04-11,13:00-14:00,0.0
第六教学楼,2019-04-11,14:00-15:00,0.0
第六教学楼,2019-04-11,15:00-16:00,0.0
第六教学楼,2019-04-11,16:00-17:00,0.0
第六教学楼,2019-04-11,17:00-18:00,0.0
第六教学楼,2019-04-11,18:00-19:00,0.0
第六教学楼,2019-04-11,19:00-20:00,0.0
第六教学楼,2019-04-11,20:00-21:00,0.0
第六教学楼,2019-04-11,21:00-22:00,0.0
第六教学楼,2019-04-11,22:00-23:00,0.0
第六教学楼,2019-04-11,23:00-24:00,0.0
第六教学楼,2019-04-12,00:00-01:00,0.0
第六教学楼,2019-04-12,01:00-02:00,0.0
第六教学楼,2019-04-12,02:00-03:00,0.0
第六教学楼,2019-04-12,03:00-04:00,0.0
第六教学楼,2019-04-12,04:00-05:00,0.0
第六教学楼,2019-04-12,05:00-06:00,0.0
第六教学楼,2019-04-12,06:00-07:00,0.0
第六教学楼,2019-04-12,07:00-08:00,0.0
第六教学楼,2019-04-12,08:00-09:00,0.0
第六教学楼,2019-04-12,09:00-10:00,0.0
第六教学楼,2019-04-12,10:00-11:00,0.0
第六教学楼,2019-04-12,11:00-12:00,0.0
第六教学楼,2019-04-12,12:00-13:00,0.0
第六教学楼,2019-04-12,13:00-14:00,0.0
第六教学楼,2019-04-12,14:00-15:00,0.0
第六教学楼,2019-04-12,15:00-16:00,0.0
第六教学楼,2019-04-12,16:00-17:00,0.0
第六教学楼,2019-04-12,17:00-18:00,0.0
第六教学楼,2019-04-12,18:00-19:00,0.0
第六教学楼,2019-04-12,19:00-20:00,0.0
第六教学楼,2019-04-12,20:00-21:00,0.0
第六教学楼,2019-04-12,21:00-22:00,0.0
第六教学楼,2019-04-12,22:00-23:00,0.0
第六教学楼,2019-04-12,23:00-24:00,0.0
第六教学楼,2019-04-13,00:00-01:00,0.0
第六教学楼,2019-04-13,01:00-02:00,0.0
第六教学楼,2019-04-13,02:00-03:00,0.0
第六教学楼,2019-04-13,03:00-04:00,0.0
第六教学楼,2019-04-13,04:00-05:00,0.0
第六教学楼,2019-04-13,05:00-06:00,0.0
第六教学楼,2019-04-13,06:00-07:00,0.0
第六教学楼,2019-04-13,07:00-08:00,0.0
第六教学楼,2019-04-13,08:00-09:00,0.0
第六教学楼,2019-04-13,09:00-10:00,0.0
第六教学楼,2019-04-13,10:00-11:00,0.0
第六教学楼,2019-04-13,11:00-12:00,0.0
第六教学楼,2019-04-13,12:00-13:00,0.0
第六教学楼,2019-04-13,13:00-14:00,0.0
第六教学楼,2019-04-13,14:00-15:00,0.0
第六教学楼,2019-04-13,15:00-16:00,0.0
第六教学楼,2019-04-13,16:00-17:00,0.0
第六教学楼,2019-04-13,17:00-18:00,0.0
第六教学楼,2019-04-13,18:00-19:00,0.0
第六教学楼,2019-04-13,19:00-20:00,0.0
第六教学楼,2019-04-13,20:00-21:00,0.0
第六教学楼,2019-04-13,21:00-22:00,0.0
第六教学楼,2019-04-13,22:00-23:00,0.0
第六教学楼,2019-04-13,23:00-24:00,0.0
第六教学楼,2019-04-14,00:00-01:00,0.0
第六教学楼,2019-04-14,01:00-02:00,0.0
第六教学楼,2019-04-14,02:00-03:00,0.0
第六教学楼,2019-04-14,03:00-04:00,0.0
第六教学楼,2019-04-14,04:00-05:00,0.0
第六教学楼,2019-04-14,05:00-06:00,0.0
第六教学楼,2019-04-14,06:00-07:00,0.0
第六教学楼,2019-04-14,07:00-08:00,0.0
第六教学楼,2019-04-14,08:00-09:00,0.0
第六教学楼,2019-04-14,09:00-10:00,0.0
第六教学楼,2019-04-14,10:00-11:00,0.0
第六教学楼,2019-04-14,11:00-12:00,0.0
第六教学楼,2019-04-14,12:00-13:00,0.0
第六教学楼,2019-04-14,13:00-14:00,0.0
第六教学楼,2019-04-14,14:00-15:00,0.0
第六教学楼,2019-04-14,15:00-16:00,0.0
第六教学楼,2019-04-14,16:00-17:00,0.0
第六教学楼,2019-04-14,17:00-18:00,0.0
第六教学楼,2019-04-14,18:00-19:00,0.0
第六教学楼,2019-04-14,19:00-20:00,0.0
第六教学楼,2019-04-14,20:00-21:00,0.0
第六教学楼,2019-04-14,21:00-22:00,0.0
第六教学楼,2019-04-14,22:00-23:00,0.0
第六教学楼,2019-04-14,23:00-24:00,0.0
第六教学楼,2019-04-15,00:00-01:00,0.0
第六教学楼,2019-04-15,01:00-02:00,0.0
第六教学楼,2019-04-15,02:00-03:00,0.0
第六教学楼,2019-04-15,03:00-04:00,0.0
第六教学楼,2019-04-15,04:00-05:00,0.0
第六教学楼,2019-04-15,05:00-06:00,0.0
第六教学楼,2019-04-15,06:00-07:00,0.0
第六教学楼,2019-04-15,07:00-08:00,0.0
第六教学楼,2019-04-15,08:00-09:00,0.0
第六教学楼,2019-04-15,09:00-10:00,0.0
第六教学楼,2019-04-15,10:00-11:00,0.0
第六教学楼,2019-04-15,11:00-12:00,0.0
第六教学楼,2019-04-15,12:00-13:00,0.0
第六教学楼,2019-04-15,13:00-14:00,0.0
第六教学楼,2019-04-15,14:00-15:00,0.0
第六教学楼,2019-04-15,15:00-16:00,0.0
第六教学楼,2019-04-15,16:00-17:00,0.0
第六教学楼,2019-04-15,17:00-18:00,0.0
第六教学楼,2019-04-15,18:00-19:00,0.0
第六教学楼,2019-04-15,19:00-20:00,0.0
第六教学楼,2019-04-15,20:00-21:00,0.0
第六教学楼,2019-04-15,21:00-22:00,0.0
第六教学楼,2019-04-15,22:00-23:00,0.0
第六教学楼,2019-04-15,23:00-24:00,0.0
第六教学楼,2019-04-16,00:00-01:00,0.0
第六教学楼,2019-04-16,01:00-02:00,0.0
第六教学楼,2019-04-16,02:00-03:00,0.0
第六教学楼,2019-04-16,03:00-04:00,0.0
第六教学楼,2019-04-16,04:00-05:00,0.0
第六教学楼,2019-04-16,05:00-06:00,0.0
第六教学楼,2019-04-16,06:00-07:00,0.0
第六教学楼,2019-04-16,07:00-08:00,0.0
第六教学楼,2019-04-16,08:00-09:00,0.0
第六教学楼,2019-04-16,09:00-10:00,0.0
第六教学楼,2019-04-16,10:00-11:00,0.0
第六教学楼,2019-04-16,11:00-12:00,0.0
第六教学楼,2019-04-16,12:00-13:00,0.0
第六教学楼,2019-04-16,13:00-14:00,0.0
第六教学楼,2019-04-16,14:00-15:00,0.0
第六教学楼,2019-04-16,15:00-16:00,0.0
第六教学楼,2019-04-16,16:00-17:00,0.0
第六教学楼,2019-04-16,17:00-18:00,0.0
第六教学楼,2019-04-16,18:00-19:00,0.0
第六教学楼,2019-04-16,19:00-20:00,0.0
第六教学楼,2019-04-16,20:00-21:00,0.0
第六教学楼,2019-04-16,21:00-22:00,0.0
第六教学楼,2019-04-16,22:00-23:00,0.0
第六教学楼,2019-04-16,23:00-24:00,0.0
第六教学楼,2019-04-17,00:00-01:00,0.0
第六教学楼,2019-04-17,01:00-02:00,0.0
第六教学楼,2019-04-17,02:00-03:00,0.0
第六教学楼,2019-04-17,03:00-04:00,0.0
第六教学楼,2019-04-17,04:00-05:00,0.0
第六教学楼,2019-04-17,05:00-06:00,0.0
第六教学楼,2019-04-17,06:00-07:00,0.0
第六教学楼,2019-04-17,07:00-08:00,0.0
第六教学楼,2019-04-17,08:00-09:00,0.0
第六教学楼,2019-04-17,09:00-10:00,0.0
第六教学楼,2019-04-17,10:00-11:00,0.0
第六教学楼,2019-04-17,11:00-12:00,0.0
第六教学楼,2019-04-17,12:00-13:00,0.0
第六教学楼,2019-04-17,13:00-14:00,0.0
第六教学楼,2019-04-17,14:00-15:00,0.0
第六教学楼,2019-04-17,15:00-16:00,0.0
第六教学楼,2019-04-17,16:00-17:00,0.0
第六教学楼,2019-04-17,17:00-18:00,0.0
第六教学楼,2019-04-17,18:00-19:00,0.0
第六教学楼,2019-04-17,19:00-20:00,0.0
第六教学楼,2019-04-17,20:00-21:00,0.0
第六教学楼,2019-04-17,21:00-22:00,0.0
第六教学楼,2019-04-17,22:00-23:00,0.0
第六教学楼,2019-04-17,23:00-24:00,0.0
第六教学楼,2019-04-18,00:00-01:00,0.0
第六教学楼,2019-04-18,01:00-02:00,0.0
第六教学楼,2019-04-18,02:00-03:00,0.0
第六教学楼,2019-04-18,03:00-04:00,0.0
第六教学楼,2019-04-18,04:00-05:00,0.0
第六教学楼,2019-04-18,05:00-06:00,0.0
第六教学楼,2019-04-18,06:00-07:00,0.0
第六教学楼,2019-04-18,07:00-08:00,0.0
第六教学楼,2019-04-18,08:00-09:00,0.0
第六教学楼,2019-04-18,09:00-10:00,0.0
第六教学楼,2019-04-18,10:00-11:00,0.0
第六教学楼,2019-04-18,11:00-12:00,0.0
第六教学楼,2019-04-18,12:00-13:00,0.0
第六教学楼,2019-04-18,13:00-14:00,0.0
第六教学楼,2019-04-18,14:00-15:00,0.0
第六教学楼,2019-04-18,15:00-16:00,0.0
第六教学楼,2019-04-18,16:00-17:00,0.0
第六教学楼,2019-04-18,17:00-18:00,0.0
第六教学楼,2019-04-18,18:00-19:00,0.0
第六教学楼,2019-04-18,19:00-20:00,0.0
第六教学楼,2019-04-18,20:00-21:00,0.0
第六教学楼,2019-04-18,21:00-22:00,0.0
第六教学楼,2019-04-18,22:00-23:00,0.0
第六教学楼,2019-04-18,23:00-24:00,0.0
第六教学楼,2019-04-19,00:00-01:00,0.0
第六教学楼,2019-04-19,01:00-02:00,0.0
第六教学楼,2019-04-19,02:00-03:00,0.0
第六教学楼,2019-04-19,03:00-04:00,0.0
第六教学楼,2019-04-19,04:00-05:00,0.0
第六教学楼,2019-04-19,05:00-06:00,0.0
第六教学楼,2019-04-19,06:00-07:00,0.0
第六教学楼,2019-04-19,07:00-08:00,0.0
第六教学楼,2019-04-19,08:00-09:00,0.0
第六教学楼,2019-04-19,09:00-10:00,0.0
第六教学楼,2019-04-19,10:00-11:00,0.0
第六教学楼,2019-04-19,11:00-12:00,0.0
第六教学楼,2019-04-19,12:00-13:00,0.0
第六教学楼,2019-04-19,13:00-14:00,0.0
第六教学楼,2019-04-19,14:00-15:00,0.0
第六教学楼,2019-04-19,15:00-16:00,0.0
第六教学楼,2019-04-19,16:00-17:00,0.0
第六教学楼,2019-04-19,17:00-18:00,0.0
第六教学楼,2019-04-19,18:00-19:00,0.0
第六教学楼,2019-04-19,19:00-20:00,0.0
第六教学楼,2019-04-19,20:00-21:00,0.0
第六教学楼,2019-04-19,21:00-22:00,0.0
第六教学楼,2019-04-19,22:00-23:00,0.0
第六教学楼,2019-04-19,23:00-24:00,0.0
第六教学楼,2019-04-20,00:00-01:00,0.0
第六教学楼,2019-04-20,01:00-02:00,0.0
第六教学楼,2019-04-20,02:00-03:00,0.0
第六教学楼,2019-04-20,03:00-04:00,0.0
第六教学楼,2019-04-20,04:00-05:00,0.0
第六教学楼,2019-04-20,05:00-06:00,0.0
第六教学楼,2019-04-20,06:00-07:00,0.0
第六教学楼,2019-04-20,07:00-08:00,0.0
第六教学楼,2019-04-20,08:00-09:00,0.0
第六教学楼,2019-04-20,09:00-10:00,0.0
第六教学楼,2019-04-20,10:00-11:00,0.0
第六教学楼,2019-04-20,11:00-12:00,0.0
第六教学楼,2019-04-20,12:00-13:00,0.0
第六教学楼,2019-04-20,13:00-14:00,0.0
第六教学楼,2019-04-20,14:00-15:00,0.0
第六教学楼,2019-04-20,15:00-16:00,0.0
第六教学楼,2019-04-20,16:00-17:00,0.0
第六教学楼,2019-04-20,17:00-18:00,0.0
第六教学楼,2019-04-20,18:00-19:00,0.0
第六教学楼,2019-04-20,19:00-20:00,0.0
第六教学楼,2019-04-20,20:00-21:00,0.0
第六教学楼,2019-04-20,21:00-22:00,0.0
第六教学楼,2019-04-20,22:00-23:00,0.0
第六教学楼,2019-04-20,23:00-24:00,0.0
第六教学楼,2019-04-21,00:00-01:00,0.0
第六教学楼,2019-04-21,01:00-02:00,0.0
第六教学楼,2019-04-21,02:00-03:00,0.0
第六教学楼,2019-04-21,03:00-04:00,0.0
第六教学楼,2019-04-21,04:00-05:00,0.0
第六教学楼,2019-04-21,05:00-06:00,0.0
第六教学楼,2019-04-21,06:00-07:00,0.0
第六教学楼,2019-04-21,07:00-08:00,0.0
第六教学楼,2019-04-21,08:00-09:00,0.0
第六教学楼,2019-04-21,09:00-10:00,0.0
第六教学楼,2019-04-21,10:00-11:00,0.0
第六教学楼,2019-04-21,11:00-12:00,0.0
第六教学楼,2019-04-21,12:00-13:00,0.0
第六教学楼,2019-04-21,13:00-14:00,0.0
第六教学楼,2019-04-21,14:00-15:00,0.0
第六教学楼,2019-04-21,15:00-16:00,0.0
第六教学楼,2019-04-21,16:00-17:00,0.0
第六教学楼,2019-04-21,17:00-18:00,0.0
第六教学楼,2019-04-21,18:00-19:00,0.0
第六教学楼,2019-04-21,19:00-20:00,0.0
第六教学楼,2019-04-21,20:00-21:00,0.0
第六教学楼,2019-04-21,21:00-22:00,0.0
第六教学楼,2019-04-21,22:00-23:00,0.0
第六教学楼,2019-04-21,23:00-24:00,0.0
第六教学楼,2019-04-22,00:00-01:00,0.0
第六教学楼,2019-04-22,01:00-02:00,0.0
第六教学楼,2019-04-22,02:00-03:00,0.0
第六教学楼,2019-04-22,03:00-04:00,0.0
第六教学楼,2019-04-22,04:00-05:00,0.0
第六教学楼,2019-04-22,05:00-06:00,0.0
第六教学楼,2019-04-22,06:00-07:00,0.0
第六教学楼,2019-04-22,07:00-08:00,0.0
第六教学楼,2019-04-22,08:00-09:00,0.0
第六教学楼,2019-04-22,09:00-10:00,0.0
第六教学楼,2019-04-22,10:00-11:00,0.0
第六教学楼,2019-04-22,11:00-12:00,0.0
第六教学楼,2019-04-22,12:00-13:00,0.0
第六教学楼,2019-04-22,13:00-14:00,0.0
第六教学楼,2019-04-22,14:00-15:00,0.0
第六教学楼,2019-04-22,15:00-16:00,0.0
第六教学楼,2019-04-22,16:00-17:00,0.0
第六教学楼,2019-04-22,17:00-18:00,0.0
第六教学楼,2019-04-22,18:00-19:00,0.0
第六教学楼,2019-04-22,19:00-20:00,0.0
第六教学楼,2019-04-22,20:00-21:00,0.0
第六教学楼,2019-04-22,21:00-22:00,0.0
第六教学楼,2019-04-22,22:00-23:00,20.0
第六教学楼,2019-04-22,23:00-24:00,0.0
第六教学楼,2019-04-23,00:00-01:00,0.0
第六教学楼,2019-04-23,01:00-02:00,0.0
第六教学楼,2019-04-23,02:00-03:00,0.0
第六教学楼,2019-04-23,03:00-04:00,0.0
第六教学楼,2019-04-23,04:00-05:00,0.0
第六教学楼,2019-04-23,05:00-06:00,0.0
第六教学楼,2019-04-23,06:00-07:00,0.0
第六教学楼,2019-04-23,07:00-08:00,0.0
第六教学楼,2019-04-23,08:00-09:00,0.0
第六教学楼,2019-04-23,09:00-10:00,0.0
第六教学楼,2019-04-23,10:00-11:00,0.0
第六教学楼,2019-04-23,11:00-12:00,0.0
第六教学楼,2019-04-23,12:00-13:00,0.0
第六教学楼,2019-04-23,13:00-14:00,0.0
第六教学楼,2019-04-23,14:00-15:00,0.0
第六教学楼,2019-04-23,15:00-16:00,0.0
第六教学楼,2019-04-23,16:00-17:00,0.0
第六教学楼,2019-04-23,17:00-18:00,0.0
第六教学楼,2019-04-23,18:00-19:00,0.0
第六教学楼,2019-04-23,19:00-20:00,0.0
第六教学楼,2019-04-23,20:00-21:00,0.0
第六教学楼,2019-04-23,21:00-22:00,0.0
第六教学楼,2019-04-23,22:00-23:00,0.0
第六教学楼,2019-04-23,23:00-24:00,0.0
第六教学楼,2019-04-24,00:00-01:00,0.0
第六教学楼,2019-04-24,01:00-02:00,0.0
第六教学楼,2019-04-24,02:00-03:00,0.0
第六教学楼,2019-04-24,03:00-04:00,0.0
第六教学楼,2019-04-24,04:00-05:00,0.0
第六教学楼,2019-04-24,05:00-06:00,0.0
第六教学楼,2019-04-24,06:00-07:00,0.0
第六教学楼,2019-04-24,07:00-08:00,0.0
第六教学楼,2019-04-24,08:00-09:00,0.0
第六教学楼,2019-04-24,09:00-10:00,0.0
第六教学楼,2019-04-24,10:00-11:00,0.0
第六教学楼,2019-04-24,11:00-12:00,0.0
第六教学楼,2019-04-24,12:00-13:00,0.0
第六教学楼,2019-04-24,13:00-14:00,0.0
第六教学楼,2019-04-24,14:00-15:00,0.0
第六教学楼,2019-04-24,15:00-16:00,0.0
第六教学楼,2019-04-24,16:00-17:00,0.0
第六教学楼,2019-04-24,17:00-18:00,0.0
第六教学楼,2019-04-24,18:00-19:00,0.0
第六教学楼,2019-04-24,19:00-20:00,0.0
第六教学楼,2019-04-24,20:00-21:00,0.0
第六教学楼,2019-04-24,21:00-22:00,0.0
第六教学楼,2019-04-24,22:00-23:00,0.0
第六教学楼,2019-04-24,23:00-24:00,0.0
第六教学楼,2019-04-25,00:00-01:00,0.0
第六教学楼,2019-04-25,01:00-02:00,0.0
第六教学楼,2019-04-25,02:00-03:00,0.0
第六教学楼,2019-04-25,03:00-04:00,0.0
第六教学楼,2019-04-25,04:00-05:00,0.0
第六教学楼,2019-04-25,05:00-06:00,0.0
第六教学楼,2019-04-25,06:00-07:00,0.0
第六教学楼,2019-04-25,07:00-08:00,0.0
第六教学楼,2019-04-25,08:00-09:00,0.0
第六教学楼,2019-04-25,09:00-10:00,0.0
第六教学楼,2019-04-25,10:00-11:00,0.0
第六教学楼,2019-04-25,11:00-12:00,0.0
第六教学楼,2019-04-25,12:00-13:00,0.0
第六教学楼,2019-04-25,13:00-14:00,0.0
第六教学楼,2019-04-25,14:00-15:00,0.0
第六教学楼,2019-04-25,15:00-16:00,0.0
第六教学楼,2019-04-25,16:00-17:00,0.0
第六教学楼,2019-04-25,17:00-18:00,0.0
第六教学楼,2019-04-25,18:00-19:00,0.0
第六教学楼,2019-04-25,19:00-20:00,0.0
第六教学楼,2019-04-25,20:00-21:00,0.0
第六教学楼,2019-04-25,21:00-22:00,0.0
第六教学楼,2019-04-25,22:00-23:00,0.0
第六教学楼,2019-04-25,23:00-24:00,0.0
第六教学楼,2019-04-26,00:00-01:00,0.0
第六教学楼,2019-04-26,01:00-02:00,0.0
第六教学楼,2019-04-26,02:00-03:00,0.0
第六教学楼,2019-04-26,03:00-04:00,0.0
第六教学楼,2019-04-26,04:00-05:00,0.0
第六教学楼,2019-04-26,05:00-06:00,0.0
第六教学楼,2019-04-26,06:00-07:00,0.0
第六教学楼,2019-04-26,07:00-08:00,0.0
第六教学楼,2019-04-26,08:00-09:00,0.0
第六教学楼,2019-04-26,09:00-10:00,0.0
第六教学楼,2019-04-26,10:00-11:00,0.0
第六教学楼,2019-04-26,11:00-12:00,0.0
第六教学楼,2019-04-26,12:00-13:00,0.0
第六教学楼,2019-04-26,13:00-14:00,0.0
第六教学楼,2019-04-26,14:00-15:00,0.0
第六教学楼,2019-04-26,15:00-16:00,0.0
第六教学楼,2019-04-26,16:00-17:00,0.0
第六教学楼,2019-04-26,17:00-18:00,0.0
第六教学楼,2019-04-26,18:00-19:00,0.0
第六教学楼,2019-04-26,19:00-20:00,0.0
第六教学楼,2019-04-26,20:00-21:00,0.0
第六教学楼,2019-04-26,21:00-22:00,0.0
第六教学楼,2019-04-26,22:00-23:00,0.0
第六教学楼,2019-04-26,23:00-24:00,0.0
第六教学楼,2019-04-27,00:00-01:00,0.0
第六教学楼,2019-04-27,01:00-02:00,0.0
第六教学楼,2019-04-27,02:00-03:00,0.0
第六教学楼,2019-04-27,03:00-04:00,0.0
第六教学楼,2019-04-27,04:00-05:00,0.0
第六教学楼,2019-04-27,05:00-06:00,0.0
第六教学楼,2019-04-27,06:00-07:00,0.0
第六教学楼,2019-04-27,07:00-08:00,0.0
第六教学楼,2019-04-27,08:00-09:00,0.0
第六教学楼,2019-04-27,09:00-10:00,0.0
第六教学楼,2019-04-27,10:00-11:00,0.0
第六教学楼,2019-04-27,11:00-12:00,0.0
第六教学楼,2019-04-27,12:00-13:00,0.0
第六教学楼,2019-04-27,13:00-14:00,0.0
第六教学楼,2019-04-27,14:00-15:00,0.0
第六教学楼,2019-04-27,15:00-16:00,0.0
第六教学楼,2019-04-27,16:00-17:00,0.0
第六教学楼,2019-04-27,17:00-18:00,0.0
第六教学楼,2019-04-27,18:00-19:00,0.0
第六教学楼,2019-04-27,19:00-20:00,0.0
第六教学楼,2019-04-27,20:00-21:00,0.0
第六教学楼,2019-04-27,21:00-22:00,0.0
第六教学楼,2019-04-27,22:00-23:00,0.0
第六教学楼,2019-04-27,23:00-24:00,0.0
第六教学楼,2019-04-28,00:00-01:00,0.0
第六教学楼,2019-04-28,01:00-02:00,0.0
第六教学楼,2019-04-28,02:00-03:00,0.0
第六教学楼,2019-04-28,03:00-04:00,0.0
第六教学楼,2019-04-28,04:00-05:00,0.0
第六教学楼,2019-04-28,05:00-06:00,0.0
第六教学楼,2019-04-28,06:00-07:00,0.0
第六教学楼,2019-04-28,07:00-08:00,0.0
第六教学楼,2019-04-28,08:00-09:00,0.0
第六教学楼,2019-04-28,09:00-10:00,0.0
第六教学楼,2019-04-28,10:00-11:00,0.0
第六教学楼,2019-04-28,11:00-12:00,0.0
第六教学楼,2019-04-28,12:00-13:00,0.0
第六教学楼,2019-04-28,13:00-14:00,0.0
第六教学楼,2019-04-28,14:00-15:00,0.0
第六教学楼,2019-04-28,15:00-16:00,0.0
第六教学楼,2019-04-28,16:00-17:00,0.0
第六教学楼,2019-04-28,17:00-18:00,0.0
第六教学楼,2019-04-28,18:00-19:00,0.0
第六教学楼,2019-04-28,19:00-20:00,0.0
第六教学楼,2019-04-28,20:00-21:00,0.0
第六教学楼,2019-04-28,21:00-22:00,0.0
第六教学楼,2019-04-28,22:00-23:00,0.0
第六教学楼,2019-04-28,23:00-24:00,0.0
第六教学楼,2019-04-29,00:00-01:00,0.0
第六教学楼,2019-04-29,01:00-02:00,0.0
第六教学楼,2019-04-29,02:00-03:00,0.0
第六教学楼,2019-04-29,03:00-04:00,0.0
第六教学楼,2019-04-29,04:00-05:00,0.0
第六教学楼,2019-04-29,05:00-06:00,0.0
第六教学楼,2019-04-29,06:00-07:00,0.0
第六教学楼,2019-04-29,07:00-08:00,0.0
第六教学楼,2019-04-29,08:00-09:00,0.0
第六教学楼,2019-04-29,09:00-10:00,0.0
第六教学楼,2019-04-29,10:00-11:00,0.0
第六教学楼,2019-04-29,11:00-12:00,0.0
第六教学楼,2019-04-29,12:00-13:00,0.0
第六教学楼,2019-04-29,13:00-14:00,0.0
第六教学楼,2019-04-29,14:00-15:00,0.0
第六教学楼,2019-04-29,15:00-16:00,0.0
第六教学楼,2019-04-29,16:00-17:00,0.0
第六教学楼,2019-04-29,17:00-18:00,0.0
第六教学楼,2019-04-29,18:00-19:00,0.0
第六教学楼,2019-04-29,19:00-20:00,0.0
第六教学楼,2019-04-29,20:00-21:00,0.0
第六教学楼,2019-04-29,21:00-22:00,0.0
第六教学楼,2019-04-29,22:00-23:00,0.0
第六教学楼,2019-04-29,23:00-24:00,0.0
第六教学楼,2019-04-30,00:00-01:00,0.0
第六教学楼,2019-04-30,01:00-02:00,0.0
第六教学楼,2019-04-30,02:00-03:00,0.0
第六教学楼,2019-04-30,03:00-04:00,0.0
第六教学楼,2019-04-30,04:00-05:00,0.0
第六教学楼,2019-04-30,05:00-06:00,0.0
第六教学楼,2019-04-30,06:00-07:00,0.0
第六教学楼,2019-04-30,07:00-08:00,0.0
第六教学楼,2019-04-30,08:00-09:00,0.0
第六教学楼,2019-04-30,09:00-10:00,0.0
第六教学楼,2019-04-30,10:00-11:00,0.0
第六教学楼,2019-04-30,11:00-12:00,0.0
第六教学楼,2019-04-30,12:00-13:00,0.0
第六教学楼,2019-04-30,13:00-14:00,0.0
第六教学楼,2019-04-30,14:00-15:00,0.0
第六教学楼,2019-04-30,15:00-16:00,0.0
第六教学楼,2019-04-30,16:00-17:00,0.0
第六教学楼,2019-04-30,17:00-18:00,0.0
第六教学楼,2019-04-30,18:00-19:00,0.0
第六教学楼,2019-04-30,19:00-20:00,0.0
第六教学楼,2019-04-30,20:00-21:00,0.0
第六教学楼,2019-04-30,21:00-22:00,0.0
第六教学楼,2019-04-30,22:00-23:00,0.0
第六教学楼,2019-04-30,23:00-24:00,0.0
第四教学楼,2019-04-01,00:00-01:00,0.0
第四教学楼,2019-04-01,01:00-02:00,0.0
第四教学楼,2019-04-01,02:00-03:00,0.0
第四教学楼,2019-04-01,03:00-04:00,0.0
第四教学楼,2019-04-01,04:00-05:00,0.0
第四教学楼,2019-04-01,05:00-06:00,0.0
第四教学楼,2019-04-01,06:00-07:00,0.0
第四教学楼,2019-04-01,07:00-08:00,0.0
第四教学楼,2019-04-01,08:00-09:00,0.0
第四教学楼,2019-04-01,09:00-10:00,0.0
第四教学楼,2019-04-01,10:00-11:00,0.0
第四教学楼,2019-04-01,11:00-12:00,0.0
第四教学楼,2019-04-01,12:00-13:00,0.0
第四教学楼,2019-04-01,13:00-14:00,0.0
第四教学楼,2019-04-01,14:00-15:00,0.0
第四教学楼,2019-04-01,15:00-16:00,0.0
第四教学楼,2019-04-01,16:00-17:00,0.0
第四教学楼,2019-04-01,17:00-18:00,0.0
第四教学楼,2019-04-01,18:00-19:00,0.0
第四教学楼,2019-04-01,19:00-20:00,0.0
第四教学楼,2019-04-01,20:00-21:00,0.0
第四教学楼,2019-04-01,21:00-22:00,0.0
第四教学楼,2019-04-01,22:00-23:00,0.0
第四教学楼,2019-04-01,23:00-24:00,0.0
第四教学楼,2019-04-02,00:00-01:00,0.0
第四教学楼,2019-04-02,01:00-02:00,0.0
第四教学楼,2019-04-02,02:00-03:00,0.0
第四教学楼,2019-04-02,03:00-04:00,0.0
第四教学楼,2019-04-02,04:00-05:00,0.0
第四教学楼,2019-04-02,05:00-06:00,0.0
第四教学楼,2019-04-02,06:00-07:00,0.0
第四教学楼,2019-04-02,07:00-08:00,0.0
第四教学楼,2019-04-02,08:00-09:00,0.0
第四教学楼,2019-04-02,09:00-10:00,0.0
第四教学楼,2019-04-02,10:00-11:00,0.0
第四教学楼,2019-04-02,11:00-12:00,0.0
第四教学楼,2019-04-02,12:00-13:00,0.0
第四教学楼,2019-04-02,13:00-14:00,0.0
第四教学楼,2019-04-02,14:00-15:00,0.0
第四教学楼,2019-04-02,15:00-16:00,0.0
第四教学楼,2019-04-02,16:00-17:00,0.0
第四教学楼,2019-04-02,17:00-18:00,0.0
第四教学楼,2019-04-02,18:00-19:00,0.0
第四教学楼,2019-04-02,19:00-20:00,0.0
第四教学楼,2019-04-02,20:00-21:00,0.0
第四教学楼,2019-04-02,21:00-22:00,0.0
第四教学楼,2019-04-02,22:00-23:00,0.0
第四教学楼,2019-04-02,23:00-24:00,0.0
第四教学楼,2019-04-03,00:00-01:00,0.0
第四教学楼,2019-04-03,01:00-02:00,0.0
第四教学楼,2019-04-03,02:00-03:00,0.0
第四教学楼,2019-04-03,03:00-04:00,0.0
第四教学楼,2019-04-03,04:00-05:00,0.0
第四教学楼,2019-04-03,05:00-06:00,0.0
第四教学楼,2019-04-03,06:00-07:00,0.0
第四教学楼,2019-04-03,07:00-08:00,0.0
第四教学楼,2019-04-03,08:00-09:00,0.0
第四教学楼,2019-04-03,09:00-10:00,0.0
第四教学楼,2019-04-03,10:00-11:00,0.0
第四教学楼,2019-04-03,11:00-12:00,0.0
第四教学楼,2019-04-03,12:00-13:00,0.0
第四教学楼,2019-04-03,13:00-14:00,0.0
第四教学楼,2019-04-03,14:00-15:00,0.0
第四教学楼,2019-04-03,15:00-16:00,0.0
第四教学楼,2019-04-03,16:00-17:00,0.0
第四教学楼,2019-04-03,17:00-18:00,0.0
第四教学楼,2019-04-03,18:00-19:00,0.0
第四教学楼,2019-04-03,19:00-20:00,0.0
第四教学楼,2019-04-03,20:00-21:00,0.0
第四教学楼,2019-04-03,21:00-22:00,0.0
第四教学楼,2019-04-03,22:00-23:00,0.0
第四教学楼,2019-04-03,23:00-24:00,0.0
第四教学楼,2019-04-04,00:00-01:00,0.0
第四教学楼,2019-04-04,01:00-02:00,0.0
第四教学楼,2019-04-04,02:00-03:00,0.0
第四教学楼,2019-04-04,03:00-04:00,0.0
第四教学楼,2019-04-04,04:00-05:00,0.0
第四教学楼,2019-04-04,05:00-06:00,0.0
第四教学楼,2019-04-04,06:00-07:00,0.0
第四教学楼,2019-04-04,07:00-08:00,0.0
第四教学楼,2019-04-04,08:00-09:00,0.0
第四教学楼,2019-04-04,09:00-10:00,0.0
第四教学楼,2019-04-04,10:00-11:00,0.0
第四教学楼,2019-04-04,11:00-12:00,0.0
第四教学楼,2019-04-04,12:00-13:00,0.0
第四教学楼,2019-04-04,13:00-14:00,0.0
第四教学楼,2019-04-04,14:00-15:00,0.0
第四教学楼,2019-04-04,15:00-16:00,0.0
第四教学楼,2019-04-04,16:00-17:00,0.0
第四教学楼,2019-04-04,17:00-18:00,0.0
第四教学楼,2019-04-04,18:00-19:00,0.0
第四教学楼,2019-04-04,19:00-20:00,0.0
第四教学楼,2019-04-04,20:00-21:00,0.0
第四教学楼,2019-04-04,21:00-22:00,0.0
第四教学楼,2019-04-04,22:00-23:00,0.0
第四教学楼,2019-04-04,23:00-24:00,0.0
第四教学楼,2019-04-05,00:00-01:00,0.0
第四教学楼,2019-04-05,01:00-02:00,0.0
第四教学楼,2019-04-05,02:00-03:00,0.0
第四教学楼,2019-04-05,03:00-04:00,0.0
第四教学楼,2019-04-05,04:00-05:00,0.0
第四教学楼,2019-04-05,05:00-06:00,0.0
第四教学楼,2019-04-05,06:00-07:00,0.0
第四教学楼,2019-04-05,07:00-08:00,0.0
第四教学楼,2019-04-05,08:00-09:00,0.0
第四教学楼,2019-04-05,09:00-10:00,0.0
第四教学楼,2019-04-05,10:00-11:00,0.0
第四教学楼,2019-04-05,11:00-12:00,0.0
第四教学楼,2019-04-05,12:00-13:00,0.0
第四教学楼,2019-04-05,13:00-14:00,0.0
第四教学楼,2019-04-05,14:00-15:00,0.0
第四教学楼,2019-04-05,15:00-16:00,0.0
第四教学楼,2019-04-05,16:00-17:00,0.0
第四教学楼,2019-04-05,17:00-18:00,0.0
第四教学楼,2019-04-05,18:00-19:00,0.0
第四教学楼,2019-04-05,19:00-20:00,0.0
第四教学楼,2019-04-05,20:00-21:00,0.0
第四教学楼,2019-04-05,21:00-22:00,0.0
第四教学楼,2019-04-05,22:00-23:00,0.0
第四教学楼,2019-04-05,23:00-24:00,0.0
第四教学楼,2019-04-06,00:00-01:00,0.0
第四教学楼,2019-04-06,01:00-02:00,0.0
第四教学楼,2019-04-06,02:00-03:00,0.0
第四教学楼,2019-04-06,03:00-04:00,0.0
第四教学楼,2019-04-06,04:00-05:00,0.0
第四教学楼,2019-04-06,05:00-06:00,0.0
第四教学楼,2019-04-06,06:00-07:00,0.0
第四教学楼,2019-04-06,07:00-08:00,0.0
第四教学楼,2019-04-06,08:00-09:00,0.0
第四教学楼,2019-04-06,09:00-10:00,0.0
第四教学楼,2019-04-06,10:00-11:00,0.0
第四教学楼,2019-04-06,11:00-12:00,0.0
第四教学楼,2019-04-06,12:00-13:00,0.0
第四教学楼,2019-04-06,13:00-14:00,0.0
第四教学楼,2019-04-06,14:00-15:00,0.0
第四教学楼,2019-04-06,15:00-16:00,0.0
第四教学楼,2019-04-06,16:00-17:00,0.0
第四教学楼,2019-04-06,17:00-18:00,0.0
第四教学楼,2019-04-06,18:00-19:00,0.0
第四教学楼,2019-04-06,19:00-20:00,0.0
第四教学楼,2019-04-06,20:00-21:00,0.0
第四教学楼,2019-04-06,21:00-22:00,0.0
第四教学楼,2019-04-06,22:00-23:00,0.0
第四教学楼,2019-04-06,23:00-24:00,0.0
第四教学楼,2019-04-07,00:00-01:00,0.0
第四教学楼,2019-04-07,01:00-02:00,0.0
第四教学楼,2019-04-07,02:00-03:00,0.0
第四教学楼,2019-04-07,03:00-04:00,0.0
第四教学楼,2019-04-07,04:00-05:00,0.0
第四教学楼,2019-04-07,05:00-06:00,0.0
第四教学楼,2019-04-07,06:00-07:00,0.0
第四教学楼,2019-04-07,07:00-08:00,0.0
第四教学楼,2019-04-07,08:00-09:00,0.0
第四教学楼,2019-04-07,09:00-10:00,0.0
第四教学楼,2019-04-07,10:00-11:00,0.0
第四教学楼,2019-04-07,11:00-12:00,0.0
第四教学楼,2019-04-07,12:00-13:00,0.0
第四教学楼,2019-04-07,13:00-14:00,0.0
第四教学楼,2019-04-07,14:00-15:00,0.0
第四教学楼,2019-04-07,15:00-16:00,0.0
第四教学楼,2019-04-07,16:00-17:00,0.0
第四教学楼,2019-04-07,17:00-18:00,0.0
第四教学楼,2019-04-07,18:00-19:00,0.0
第四教学楼,2019-04-07,19:00-20:00,0.0
第四教学楼,2019-04-07,20:00-21:00,0.0
第四教学楼,2019-04-07,21:00-22:00,0.0
第四教学楼,2019-04-07,22:00-23:00,0.0
第四教学楼,2019-04-07,23:00-24:00,0.0
第四教学楼,2019-04-08,00:00-01:00,0.0
第四教学楼,2019-04-08,01:00-02:00,0.0
第四教学楼,2019-04-08,02:00-03:00,0.0
第四教学楼,2019-04-08,03:00-04:00,0.0
第四教学楼,2019-04-08,04:00-05:00,0.0
第四教学楼,2019-04-08,05:00-06:00,0.0
第四教学楼,2019-04-08,06:00-07:00,0.0
第四教学楼,2019-04-08,07:00-08:00,0.0
第四教学楼,2019-04-08,08:00-09:00,0.0
第四教学楼,2019-04-08,09:00-10:00,0.0
第四教学楼,2019-04-08,10:00-11:00,0.0
第四教学楼,2019-04-08,11:00-12:00,0.0
第四教学楼,2019-04-08,12:00-13:00,0.0
第四教学楼,2019-04-08,13:00-14:00,0.0
第四教学楼,2019-04-08,14:00-15:00,0.0
第四教学楼,2019-04-08,15:00-16:00,0.0
第四教学楼,2019-04-08,16:00-17:00,0.0
第四教学楼,2019-04-08,17:00-18:00,0.0
第四教学楼,2019-04-08,18:00-19:00,0.0
第四教学楼,2019-04-08,19:00-20:00,0.0
第四教学楼,2019-04-08,20:00-21:00,0.0
第四教学楼,2019-04-08,21:00-22:00,0.0
第四教学楼,2019-04-08,22:00-23:00,0.0
第四教学楼,2019-04-08,23:00-24:00,0.0
第四教学楼,2019-04-09,00:00-01:00,0.0
第四教学楼,2019-04-09,01:00-02:00,0.0
第四教学楼,2019-04-09,02:00-03:00,0.0
第四教学楼,2019-04-09,03:00-04:00,0.0
第四教学楼,2019-04-09,04:00-05:00,0.0
第四教学楼,2019-04-09,05:00-06:00,0.0
第四教学楼,2019-04-09,06:00-07:00,0.0
第四教学楼,2019-04-09,07:00-08:00,0.0
第四教学楼,2019-04-09,08:00-09:00,0.0
第四教学楼,2019-04-09,09:00-10:00,0.0
第四教学楼,2019-04-09,10:00-11:00,0.0
第四教学楼,2019-04-09,11:00-12:00,0.0
第四教学楼,2019-04-09,12:00-13:00,10.0
第四教学楼,2019-04-09,13:00-14:00,0.0
第四教学楼,2019-04-09,14:00-15:00,0.0
第四教学楼,2019-04-09,15:00-16:00,0.0
第四教学楼,2019-04-09,16:00-17:00,0.0
第四教学楼,2019-04-09,17:00-18:00,0.0
第四教学楼,2019-04-09,18:00-19:00,0.0
第四教学楼,2019-04-09,19:00-20:00,0.0
第四教学楼,2019-04-09,20:00-21:00,0.0
第四教学楼,2019-04-09,21:00-22:00,0.0
第四教学楼,2019-04-09,22:00-23:00,0.0
第四教学楼,2019-04-09,23:00-24:00,0.0
第四教学楼,2019-04-10,00:00-01:00,0.0
第四教学楼,2019-04-10,01:00-02:00,0.0
第四教学楼,2019-04-10,02:00-03:00,0.0
第四教学楼,2019-04-10,03:00-04:00,0.0
第四教学楼,2019-04-10,04:00-05:00,0.0
第四教学楼,2019-04-10,05:00-06:00,0.0
第四教学楼,2019-04-10,06:00-07:00,0.0
第四教学楼,2019-04-10,07:00-08:00,0.0
第四教学楼,2019-04-10,08:00-09:00,0.0
第四教学楼,2019-04-10,09:00-10:00,0.0
第四教学楼,2019-04-10,10:00-11:00,0.0
第四教学楼,2019-04-10,11:00-12:00,0.0
第四教学楼,2019-04-10,12:00-13:00,0.0
第四教学楼,2019-04-10,13:00-14:00,0.0
第四教学楼,2019-04-10,14:00-15:00,0.0
第四教学楼,2019-04-10,15:00-16:00,0.0
第四教学楼,2019-04-10,16:00-17:00,0.0
第四教学楼,2019-04-10,17:00-18:00,0.0
第四教学楼,2019-04-10,18:00-19:00,0.0
第四教学楼,2019-04-10,19:00-20:00,0.0
第四教学楼,2019-04-10,20:00-21:00,0.0
第四教学楼,2019-04-10,21:00-22:00,0.0
第四教学楼,2019-04-10,22:00-23:00,0.0
第四教学楼,2019-04-10,23:00-24:00,0.0
第四教学楼,2019-04-11,00:00-01:00,0.0
第四教学楼,2019-04-11,01:00-02:00,0.0
第四教学楼,2019-04-11,02:00-03:00,0.0
第四教学楼,2019-04-11,03:00-04:00,0.0
第四教学楼,2019-04-11,04:00-05:00,0.0
第四教学楼,2019-04-11,05:00-06:00,0.0
第四教学楼,2019-04-11,06:00-07:00,0.0
第四教学楼,2019-04-11,07:00-08:00,0.0
第四教学楼,2019-04-11,08:00-09:00,0.0
第四教学楼,2019-04-11,09:00-10:00,0.0
第四教学楼,2019-04-11,10:00-11:00,0.0
第四教学楼,2019-04-11,11:00-12:00,0.0
第四教学楼,2019-04-11,12:00-13:00,0.0
第四教学楼,2019-04-11,13:00-14:00,0.0
第四教学楼,2019-04-11,14:00-15:00,0.0
第四教学楼,2019-04-11,15:00-16:00,0.0
第四教学楼,2019-04-11,16:00-17:00,0.0
第四教学楼,2019-04-11,17:00-18:00,0.0
第四教学楼,2019-04-11,18:00-19:00,0.0
第四教学楼,2019-04-11,19:00-20:00,0.0
第四教学楼,2019-04-11,20:00-21:00,0.0
第四教学楼,2019-04-11,21:00-22:00,0.0
第四教学楼,2019-04-11,22:00-23:00,0.0
第四教学楼,2019-04-11,23:00-24:00,0.0
第四教学楼,2019-04-12,00:00-01:00,0.0
第四教学楼,2019-04-12,01:00-02:00,0.0
第四教学楼,2019-04-12,02:00-03:00,0.0
第四教学楼,2019-04-12,03:00-04:00,0.0
第四教学楼,2019-04-12,04:00-05:00,0.0
第四教学楼,2019-04-12,05:00-06:00,0.0
第四教学楼,2019-04-12,06:00-07:00,0.0
第四教学楼,2019-04-12,07:00-08:00,0.0
第四教学楼,2019-04-12,08:00-09:00,0.0
第四教学楼,2019-04-12,09:00-10:00,0.0
第四教学楼,2019-04-12,10:00-11:00,0.0
第四教学楼,2019-04-12,11:00-12:00,0.0
第四教学楼,2019-04-12,12:00-13:00,0.0
第四教学楼,2019-04-12,13:00-14:00,0.0
第四教学楼,2019-04-12,14:00-15:00,0.0
第四教学楼,2019-04-12,15:00-16:00,0.0
第四教学楼,2019-04-12,16:00-17:00,0.0
第四教学楼,2019-04-12,17:00-18:00,0.0
第四教学楼,2019-04-12,18:00-19:00,0.0
第四教学楼,2019-04-12,19:00-20:00,0.0
第四教学楼,2019-04-12,20:00-21:00,0.0
第四教学楼,2019-04-12,21:00-22:00,0.0
第四教学楼,2019-04-12,22:00-23:00,0.0
第四教学楼,2019-04-12,23:00-24:00,0.0
第四教学楼,2019-04-13,00:00-01:00,0.0
第四教学楼,2019-04-13,01:00-02:00,0.0
第四教学楼,2019-04-13,02:00-03:00,0.0
第四教学楼,2019-04-13,03:00-04:00,0.0
第四教学楼,2019-04-13,04:00-05:00,0.0
第四教学楼,2019-04-13,05:00-06:00,0.0
第四教学楼,2019-04-13,06:00-07:00,0.0
第四教学楼,2019-04-13,07:00-08:00,0.0
第四教学楼,2019-04-13,08:00-09:00,0.0
第四教学楼,2019-04-13,09:00-10:00,0.0
第四教学楼,2019-04-13,10:00-11:00,0.0
第四教学楼,2019-04-13,11:00-12:00,0.0
第四教学楼,2019-04-13,12:00-13:00,0.0
第四教学楼,2019-04-13,13:00-14:00,0.0
第四教学楼,2019-04-13,14:00-15:00,0.0
第四教学楼,2019-04-13,15:00-16:00,0.0
第四教学楼,2019-04-13,16:00-17:00,0.0
第四教学楼,2019-04-13,17:00-18:00,0.0
第四教学楼,2019-04-13,18:00-19:00,0.0
第四教学楼,2019-04-13,19:00-20:00,0.0
第四教学楼,2019-04-13,20:00-21:00,0.0
第四教学楼,2019-04-13,21:00-22:00,0.0
第四教学楼,2019-04-13,22:00-23:00,0.0
第四教学楼,2019-04-13,23:00-24:00,0.0
第四教学楼,2019-04-14,00:00-01:00,0.0
第四教学楼,2019-04-14,01:00-02:00,0.0
第四教学楼,2019-04-14,02:00-03:00,0.0
第四教学楼,2019-04-14,03:00-04:00,0.0
第四教学楼,2019-04-14,04:00-05:00,0.0
第四教学楼,2019-04-14,05:00-06:00,0.0
第四教学楼,2019-04-14,06:00-07:00,0.0
第四教学楼,2019-04-14,07:00-08:00,0.0
第四教学楼,2019-04-14,08:00-09:00,0.0
第四教学楼,2019-04-14,09:00-10:00,0.0
第四教学楼,2019-04-14,10:00-11:00,0.0
第四教学楼,2019-04-14,11:00-12:00,0.0
第四教学楼,2019-04-14,12:00-13:00,0.0
第四教学楼,2019-04-14,13:00-14:00,0.0
第四教学楼,2019-04-14,14:00-15:00,0.0
第四教学楼,2019-04-14,15:00-16:00,0.0
第四教学楼,2019-04-14,16:00-17:00,0.0
第四教学楼,2019-04-14,17:00-18:00,0.0
第四教学楼,2019-04-14,18:00-19:00,0.0
第四教学楼,2019-04-14,19:00-20:00,0.0
第四教学楼,2019-04-14,20:00-21:00,0.0
第四教学楼,2019-04-14,21:00-22:00,0.0
第四教学楼,2019-04-14,22:00-23:00,0.0
第四教学楼,2019-04-14,23:00-24:00,0.0
第四教学楼,2019-04-15,00:00-01:00,0.0
第四教学楼,2019-04-15,01:00-02:00,0.0
第四教学楼,2019-04-15,02:00-03:00,0.0
第四教学楼,2019-04-15,03:00-04:00,0.0
第四教学楼,2019-04-15,04:00-05:00,0.0
第四教学楼,2019-04-15,05:00-06:00,0.0
第四教学楼,2019-04-15,06:00-07:00,0.0
第四教学楼,2019-04-15,07:00-08:00,0.0
第四教学楼,2019-04-15,08:00-09:00,0.0
第四教学楼,2019-04-15,09:00-10:00,0.0
第四教学楼,2019-04-15,10:00-11:00,0.0
第四教学楼,2019-04-15,11:00-12:00,0.0
第四教学楼,2019-04-15,12:00-13:00,0.0
第四教学楼,2019-04-15,13:00-14:00,0.0
第四教学楼,2019-04-15,14:00-15:00,0.0
第四教学楼,2019-04-15,15:00-16:00,0.0
第四教学楼,2019-04-15,16:00-17:00,0.0
第四教学楼,2019-04-15,17:00-18:00,0.0
第四教学楼,2019-04-15,18:00-19:00,0.0
第四教学楼,2019-04-15,19:00-20:00,0.0
第四教学楼,2019-04-15,20:00-21:00,0.0
第四教学楼,2019-04-15,21:00-22:00,0.0
第四教学楼,2019-04-15,22:00-23:00,0.0
第四教学楼,2019-04-15,23:00-24:00,0.0
第四教学楼,2019-04-16,00:00-01:00,0.0
第四教学楼,2019-04-16,01:00-02:00,0.0
第四教学楼,2019-04-16,02:00-03:00,0.0
第四教学楼,2019-04-16,03:00-04:00,0.0
第四教学楼,2019-04-16,04:00-05:00,0.0
第四教学楼,2019-04-16,05:00-06:00,0.0
第四教学楼,2019-04-16,06:00-07:00,0.0
第四教学楼,2019-04-16,07:00-08:00,0.0
第四教学楼,2019-04-16,08:00-09:00,0.0
第四教学楼,2019-04-16,09:00-10:00,0.0
第四教学楼,2019-04-16,10:00-11:00,0.0
第四教学楼,2019-04-16,11:00-12:00,0.0
第四教学楼,2019-04-16,12:00-13:00,0.0
第四教学楼,2019-04-16,13:00-14:00,0.0
第四教学楼,2019-04-16,14:00-15:00,0.0
第四教学楼,2019-04-16,15:00-16:00,0.0
第四教学楼,2019-04-16,16:00-17:00,0.0
第四教学楼,2019-04-16,17:00-18:00,0.0
第四教学楼,2019-04-16,18:00-19:00,0.0
第四教学楼,2019-04-16,19:00-20:00,0.0
第四教学楼,2019-04-16,20:00-21:00,0.0
第四教学楼,2019-04-16,21:00-22:00,0.0
第四教学楼,2019-04-16,22:00-23:00,0.0
第四教学楼,2019-04-16,23:00-24:00,0.0
第四教学楼,2019-04-17,00:00-01:00,0.0
第四教学楼,2019-04-17,01:00-02:00,0.0
第四教学楼,2019-04-17,02:00-03:00,0.0
第四教学楼,2019-04-17,03:00-04:00,0.0
第四教学楼,2019-04-17,04:00-05:00,0.0
第四教学楼,2019-04-17,05:00-06:00,0.0
第四教学楼,2019-04-17,06:00-07:00,0.0
第四教学楼,2019-04-17,07:00-08:00,0.0
第四教学楼,2019-04-17,08:00-09:00,0.0
第四教学楼,2019-04-17,09:00-10:00,0.0
第四教学楼,2019-04-17,10:00-11:00,0.0
第四教学楼,2019-04-17,11:00-12:00,0.0
第四教学楼,2019-04-17,12:00-13:00,0.0
第四教学楼,2019-04-17,13:00-14:00,0.0
第四教学楼,2019-04-17,14:00-15:00,0.0
第四教学楼,2019-04-17,15:00-16:00,0.0
第四教学楼,2019-04-17,16:00-17:00,0.0
第四教学楼,2019-04-17,17:00-18:00,0.0
第四教学楼,2019-04-17,18:00-19:00,0.0
第四教学楼,2019-04-17,19:00-20:00,0.0
第四教学楼,2019-04-17,20:00-21:00,0.0
第四教学楼,2019-04-17,21:00-22:00,0.0
第四教学楼,2019-04-17,22:00-23:00,0.0
第四教学楼,2019-04-17,23:00-24:00,0.0
第四教学楼,2019-04-18,00:00-01:00,0.0
第四教学楼,2019-04-18,01:00-02:00,0.0
第四教学楼,2019-04-18,02:00-03:00,0.0
第四教学楼,2019-04-18,03:00-04:00,0.0
第四教学楼,2019-04-18,04:00-05:00,0.0
第四教学楼,2019-04-18,05:00-06:00,0.0
第四教学楼,2019-04-18,06:00-07:00,0.0
第四教学楼,2019-04-18,07:00-08:00,0.0
第四教学楼,2019-04-18,08:00-09:00,0.0
第四教学楼,2019-04-18,09:00-10:00,0.0
第四教学楼,2019-04-18,10:00-11:00,0.0
第四教学楼,2019-04-18,11:00-12:00,0.0
第四教学楼,2019-04-18,12:00-13:00,0.0
第四教学楼,2019-04-18,13:00-14:00,0.0
第四教学楼,2019-04-18,14:00-15:00,0.0
第四教学楼,2019-04-18,15:00-16:00,0.0
第四教学楼,2019-04-18,16:00-17:00,0.0
第四教学楼,2019-04-18,17:00-18:00,0.0
第四教学楼,2019-04-18,18:00-19:00,0.0
第四教学楼,2019-04-18,19:00-20:00,0.0
第四教学楼,2019-04-18,20:00-21:00,0.0
第四教学楼,2019-04-18,21:00-22:00,0.0
第四教学楼,2019-04-18,22:00-23:00,0.0
第四教学楼,2019-04-18,23:00-24:00,0.0
第四教学楼,2019-04-19,00:00-01:00,0.0
第四教学楼,2019-04-19,01:00-02:00,0.0
第四教学楼,2019-04-19,02:00-03:00,0.0
第四教学楼,2019-04-19,03:00-04:00,0.0
第四教学楼,2019-04-19,04:00-05:00,0.0
第四教学楼,2019-04-19,05:00-06:00,0.0
第四教学楼,2019-04-19,06:00-07:00,0.0
第四教学楼,2019-04-19,07:00-08:00,0.0
第四教学楼,2019-04-19,08:00-09:00,0.0
第四教学楼,2019-04-19,09:00-10:00,0.0
第四教学楼,2019-04-19,10:00-11:00,0.0
第四教学楼,2019-04-19,11:00-12:00,0.0
第四教学楼,2019-04-19,12:00-13:00,0.0
第四教学楼,2019-04-19,13:00-14:00,0.0
第四教学楼,2019-04-19,14:00-15:00,0.0
第四教学楼,2019-04-19,15:00-16:00,0.0
第四教学楼,2019-04-19,16:00-17:00,0.0
第四教学楼,2019-04-19,17:00-18:00,0.0
第四教学楼,2019-04-19,18:00-19:00,0.0
第四教学楼,2019-04-19,19:00-20:00,0.0
第四教学楼,2019-04-19,20:00-21:00,0.0
第四教学楼,2019-04-19,21:00-22:00,0.0
第四教学楼,2019-04-19,22:00-23:00,0.0
第四教学楼,2019-04-19,23:00-24:00,0.0
第四教学楼,2019-04-20,00:00-01:00,0.0
第四教学楼,2019-04-20,01:00-02:00,0.0
第四教学楼,2019-04-20,02:00-03:00,0.0
第四教学楼,2019-04-20,03:00-04:00,0.0
第四教学楼,2019-04-20,04:00-05:00,0.0
第四教学楼,2019-04-20,05:00-06:00,0.0
第四教学楼,2019-04-20,06:00-07:00,0.0
第四教学楼,2019-04-20,07:00-08:00,0.0
第四教学楼,2019-04-20,08:00-09:00,0.0
第四教学楼,2019-04-20,09:00-10:00,0.0
第四教学楼,2019-04-20,10:00-11:00,0.0
第四教学楼,2019-04-20,11:00-12:00,0.0
第四教学楼,2019-04-20,12:00-13:00,0.0
第四教学楼,2019-04-20,13:00-14:00,0.0
第四教学楼,2019-04-20,14:00-15:00,0.0
第四教学楼,2019-04-20,15:00-16:00,0.0
第四教学楼,2019-04-20,16:00-17:00,0.0
第四教学楼,2019-04-20,17:00-18:00,0.0
第四教学楼,2019-04-20,18:00-19:00,0.0
第四教学楼,2019-04-20,19:00-20:00,0.0
第四教学楼,2019-04-20,20:00-21:00,0.0
第四教学楼,2019-04-20,21:00-22:00,0.0
第四教学楼,2019-04-20,22:00-23:00,0.0
第四教学楼,2019-04-20,23:00-24:00,0.0
第四教学楼,2019-04-21,00:00-01:00,0.0
第四教学楼,2019-04-21,01:00-02:00,0.0
第四教学楼,2019-04-21,02:00-03:00,0.0
第四教学楼,2019-04-21,03:00-04:00,0.0
第四教学楼,2019-04-21,04:00-05:00,0.0
第四教学楼,2019-04-21,05:00-06:00,0.0
第四教学楼,2019-04-21,06:00-07:00,0.0
第四教学楼,2019-04-21,07:00-08:00,0.0
第四教学楼,2019-04-21,08:00-09:00,0.0
第四教学楼,2019-04-21,09:00-10:00,0.0
第四教学楼,2019-04-21,10:00-11:00,0.0
第四教学楼,2019-04-21,11:00-12:00,0.0
第四教学楼,2019-04-21,12:00-13:00,0.0
第四教学楼,2019-04-21,13:00-14:00,0.0
第四教学楼,2019-04-21,14:00-15:00,0.0
第四教学楼,2019-04-21,15:00-16:00,0.0
第四教学楼,2019-04-21,16:00-17:00,0.0
第四教学楼,2019-04-21,17:00-18:00,0.0
第四教学楼,2019-04-21,18:00-19:00,0.0
第四教学楼,2019-04-21,19:00-20:00,0.0
第四教学楼,2019-04-21,20:00-21:00,0.0
第四教学楼,2019-04-21,21:00-22:00,0.0
第四教学楼,2019-04-21,22:00-23:00,0.0
第四教学楼,2019-04-21,23:00-24:00,0.0
第四教学楼,2019-04-22,00:00-01:00,0.0
第四教学楼,2019-04-22,01:00-02:00,0.0
第四教学楼,2019-04-22,02:00-03:00,0.0
第四教学楼,2019-04-22,03:00-04:00,0.0
第四教学楼,2019-04-22,04:00-05:00,0.0
第四教学楼,2019-04-22,05:00-06:00,0.0
第四教学楼,2019-04-22,06:00-07:00,0.0
第四教学楼,2019-04-22,07:00-08:00,0.0
第四教学楼,2019-04-22,08:00-09:00,0.0
第四教学楼,2019-04-22,09:00-10:00,0.0
第四教学楼,2019-04-22,10:00-11:00,0.0
第四教学楼,2019-04-22,11:00-12:00,0.0
第四教学楼,2019-04-22,12:00-13:00,0.0
第四教学楼,2019-04-22,13:00-14:00,0.0
第四教学楼,2019-04-22,14:00-15:00,0.0
第四教学楼,2019-04-22,15:00-16:00,0.0
第四教学楼,2019-04-22,16:00-17:00,0.0
第四教学楼,2019-04-22,17:00-18:00,0.0
第四教学楼,2019-04-22,18:00-19:00,0.0
第四教学楼,2019-04-22,19:00-20:00,0.0
第四教学楼,2019-04-22,20:00-21:00,0.0
第四教学楼,2019-04-22,21:00-22:00,0.0
第四教学楼,2019-04-22,22:00-23:00,0.0
第四教学楼,2019-04-22,23:00-24:00,0.0
第四教学楼,2019-04-23,00:00-01:00,0.0
第四教学楼,2019-04-23,01:00-02:00,0.0
第四教学楼,2019-04-23,02:00-03:00,0.0
第四教学楼,2019-04-23,03:00-04:00,0.0
第四教学楼,2019-04-23,04:00-05:00,0.0
第四教学楼,2019-04-23,05:00-06:00,0.0
第四教学楼,2019-04-23,06:00-07:00,0.0
第四教学楼,2019-04-23,07:00-08:00,0.0
第四教学楼,2019-04-23,08:00-09:00,0.0
第四教学楼,2019-04-23,09:00-10:00,0.0
第四教学楼,2019-04-23,10:00-11:00,0.0
第四教学楼,2019-04-23,11:00-12:00,0.0
第四教学楼,2019-04-23,12:00-13:00,0.0
第四教学楼,2019-04-23,13:00-14:00,0.0
第四教学楼,2019-04-23,14:00-15:00,0.0
第四教学楼,2019-04-23,15:00-16:00,0.0
第四教学楼,2019-04-23,16:00-17:00,0.0
第四教学楼,2019-04-23,17:00-18:00,0.0
第四教学楼,2019-04-23,18:00-19:00,0.0
第四教学楼,2019-04-23,19:00-20:00,0.0
第四教学楼,2019-04-23,20:00-21:00,0.0
第四教学楼,2019-04-23,21:00-22:00,0.0
第四教学楼,2019-04-23,22:00-23:00,0.0
第四教学楼,2019-04-23,23:00-24:00,0.0
第四教学楼,2019-04-24,00:00-01:00,0.0
第四教学楼,2019-04-24,01:00-02:00,0.0
第四教学楼,2019-04-24,02:00-03:00,0.0
第四教学楼,2019-04-24,03:00-04:00,0.0
第四教学楼,2019-04-24,04:00-05:00,0.0
第四教学楼,2019-04-24,05:00-06:00,0.0
第四教学楼,2019-04-24,06:00-07:00,0.0
第四教学楼,2019-04-24,07:00-08:00,0.0
第四教学楼,2019-04-24,08:00-09:00,0.0
第四教学楼,2019-04-24,09:00-10:00,0.0
第四教学楼,2019-04-24,10:00-11:00,0.0
第四教学楼,2019-04-24,11:00-12:00,0.0
第四教学楼,2019-04-24,12:00-13:00,0.0
第四教学楼,2019-04-24,13:00-14:00,0.0
第四教学楼,2019-04-24,14:00-15:00,0.0
第四教学楼,2019-04-24,15:00-16:00,0.0
第四教学楼,2019-04-24,16:00-17:00,0.0
第四教学楼,2019-04-24,17:00-18:00,0.0
第四教学楼,2019-04-24,18:00-19:00,0.0
第四教学楼,2019-04-24,19:00-20:00,0.0
第四教学楼,2019-04-24,20:00-21:00,0.0
第四教学楼,2019-04-24,21:00-22:00,0.0
第四教学楼,2019-04-24,22:00-23:00,0.0
第四教学楼,2019-04-24,23:00-24:00,0.0
第四教学楼,2019-04-25,00:00-01:00,0.0
第四教学楼,2019-04-25,01:00-02:00,0.0
第四教学楼,2019-04-25,02:00-03:00,0.0
第四教学楼,2019-04-25,03:00-04:00,0.0
第四教学楼,2019-04-25,04:00-05:00,0.0
第四教学楼,2019-04-25,05:00-06:00,0.0
第四教学楼,2019-04-25,06:00-07:00,0.0
第四教学楼,2019-04-25,07:00-08:00,0.0
第四教学楼,2019-04-25,08:00-09:00,0.0
第四教学楼,2019-04-25,09:00-10:00,0.0
第四教学楼,2019-04-25,10:00-11:00,0.0
第四教学楼,2019-04-25,11:00-12:00,0.0
第四教学楼,2019-04-25,12:00-13:00,0.0
第四教学楼,2019-04-25,13:00-14:00,0.0
第四教学楼,2019-04-25,14:00-15:00,0.0
第四教学楼,2019-04-25,15:00-16:00,0.0
第四教学楼,2019-04-25,16:00-17:00,0.0
第四教学楼,2019-04-25,17:00-18:00,0.0
第四教学楼,2019-04-25,18:00-19:00,0.0
第四教学楼,2019-04-25,19:00-20:00,0.0
第四教学楼,2019-04-25,20:00-21:00,0.0
第四教学楼,2019-04-25,21:00-22:00,0.0
第四教学楼,2019-04-25,22:00-23:00,0.0
第四教学楼,2019-04-25,23:00-24:00,0.0
第四教学楼,2019-04-26,00:00-01:00,0.0
第四教学楼,2019-04-26,01:00-02:00,0.0
第四教学楼,2019-04-26,02:00-03:00,0.0
第四教学楼,2019-04-26,03:00-04:00,0.0
第四教学楼,2019-04-26,04:00-05:00,0.0
第四教学楼,2019-04-26,05:00-06:00,0.0
第四教学楼,2019-04-26,06:00-07:00,0.0
第四教学楼,2019-04-26,07:00-08:00,0.0
第四教学楼,2019-04-26,08:00-09:00,0.0
第四教学楼,2019-04-26,09:00-10:00,0.0
第四教学楼,2019-04-26,10:00-11:00,0.0
第四教学楼,2019-04-26,11:00-12:00,0.0
第四教学楼,2019-04-26,12:00-13:00,0.0
第四教学楼,2019-04-26,13:00-14:00,0.0
第四教学楼,2019-04-26,14:00-15:00,0.0
第四教学楼,2019-04-26,15:00-16:00,0.0
第四教学楼,2019-04-26,16:00-17:00,0.0
第四教学楼,2019-04-26,17:00-18:00,0.0
第四教学楼,2019-04-26,18:00-19:00,0.0
第四教学楼,2019-04-26,19:00-20:00,0.0
第四教学楼,2019-04-26,20:00-21:00,0.0
第四教学楼,2019-04-26,21:00-22:00,0.0
第四教学楼,2019-04-26,22:00-23:00,0.0
第四教学楼,2019-04-26,23:00-24:00,0.0
第四教学楼,2019-04-27,00:00-01:00,0.0
第四教学楼,2019-04-27,01:00-02:00,0.0
第四教学楼,2019-04-27,02:00-03:00,0.0
第四教学楼,2019-04-27,03:00-04:00,0.0
第四教学楼,2019-04-27,04:00-05:00,0.0
第四教学楼,2019-04-27,05:00-06:00,0.0
第四教学楼,2019-04-27,06:00-07:00,0.0
第四教学楼,2019-04-27,07:00-08:00,0.0
第四教学楼,2019-04-27,08:00-09:00,0.0
第四教学楼,2019-04-27,09:00-10:00,0.0
第四教学楼,2019-04-27,10:00-11:00,0.0
第四教学楼,2019-04-27,11:00-12:00,0.0
第四教学楼,2019-04-27,12:00-13:00,0.0
第四教学楼,2019-04-27,13:00-14:00,0.0
第四教学楼,2019-04-27,14:00-15:00,0.0
第四教学楼,2019-04-27,15:00-16:00,0.0
第四教学楼,2019-04-27,16:00-17:00,0.0
第四教学楼,2019-04-27,17:00-18:00,0.0
第四教学楼,2019-04-27,18:00-19:00,0.0
第四教学楼,2019-04-27,19:00-20:00,0.0
第四教学楼,2019-04-27,20:00-21:00,0.0
第四教学楼,2019-04-27,21:00-22:00,0.0
第四教学楼,2019-04-27,22:00-23:00,0.0
第四教学楼,2019-04-27,23:00-24:00,0.0
第四教学楼,2019-04-28,00:00-01:00,0.0
第四教学楼,2019-04-28,01:00-02:00,0.0
第四教学楼,2019-04-28,02:00-03:00,0.0
第四教学楼,2019-04-28,03:00-04:00,0.0
第四教学楼,2019-04-28,04:00-05:00,0.0
第四教学楼,2019-04-28,05:00-06:00,0.0
第四教学楼,2019-04-28,06:00-07:00,0.0
第四教学楼,2019-04-28,07:00-08:00,0.0
第四教学楼,2019-04-28,08:00-09:00,0.0
第四教学楼,2019-04-28,09:00-10:00,0.0
第四教学楼,2019-04-28,10:00-11:00,0.0
第四教学楼,2019-04-28,11:00-12:00,0.0
第四教学楼,2019-04-28,12:00-13:00,0.0
第四教学楼,2019-04-28,13:00-14:00,0.0
第四教学楼,2019-04-28,14:00-15:00,0.0
第四教学楼,2019-04-28,15:00-16:00,0.0
第四教学楼,2019-04-28,16:00-17:00,0.0
第四教学楼,2019-04-28,17:00-18:00,0.0
第四教学楼,2019-04-28,18:00-19:00,0.0
第四教学楼,2019-04-28,19:00-20:00,0.0
第四教学楼,2019-04-28,20:00-21:00,0.0
第四教学楼,2019-04-28,21:00-22:00,0.0
第四教学楼,2019-04-28,22:00-23:00,0.0
第四教学楼,2019-04-28,23:00-24:00,0.0
第四教学楼,2019-04-29,00:00-01:00,0.0
第四教学楼,2019-04-29,01:00-02:00,0.0
第四教学楼,2019-04-29,02:00-03:00,0.0
第四教学楼,2019-04-29,03:00-04:00,0.0
第四教学楼,2019-04-29,04:00-05:00,0.0
第四教学楼,2019-04-29,05:00-06:00,0.0
第四教学楼,2019-04-29,06:00-07:00,0.0
第四教学楼,2019-04-29,07:00-08:00,0.0
第四教学楼,2019-04-29,08:00-09:00,0.0
第四教学楼,2019-04-29,09:00-10:00,0.0
第四教学楼,2019-04-29,10:00-11:00,0.0
第四教学楼,2019-04-29,11:00-12:00,0.0
第四教学楼,2019-04-29,12:00-13:00,0.0
第四教学楼,2019-04-29,13:00-14:00,0.0
第四教学楼,2019-04-29,14:00-15:00,0.0
第四教学楼,2019-04-29,15:00-16:00,0.0
第四教学楼,2019-04-29,16:00-17:00,0.0
第四教学楼,2019-04-29,17:00-18:00,0.0
第四教学楼,2019-04-29,18:00-19:00,0.0
第四教学楼,2019-04-29,19:00-20:00,0.0
第四教学楼,2019-04-29,20:00-21:00,0.0
第四教学楼,2019-04-29,21:00-22:00,0.0
第四教学楼,2019-04-29,22:00-23:00,0.0
第四教学楼,2019-04-29,23:00-24:00,0.0
第四教学楼,2019-04-30,00:00-01:00,0.0
第四教学楼,2019-04-30,01:00-02:00,0.0
第四教学楼,2019-04-30,02:00-03:00,0.0
第四教学楼,2019-04-30,03:00-04:00,0.0
第四教学楼,2019-04-30,04:00-05:00,0.0
第四教学楼,2019-04-30,05:00-06:00,0.0
第四教学楼,2019-04-30,06:00-07:00,0.0
第四教学楼,2019-04-30,07:00-08:00,0.0
第四教学楼,2019-04-30,08:00-09:00,0.0
第四教学楼,2019-04-30,09:00-10:00,0.0
第四教学楼,2019-04-30,10:00-11:00,0.0
第四教学楼,2019-04-30,11:00-12:00,0.0
第四教学楼,2019-04-30,12:00-13:00,0.0
第四教学楼,2019-04-30,13:00-14:00,0.0
第四教学楼,2019-04-30,14:00-15:00,0.0
第四教学楼,2019-04-30,15:00-16:00,0.0
第四教学楼,2019-04-30,16:00-17:00,0.0
第四教学楼,2019-04-30,17:00-18:00,0.0
第四教学楼,2019-04-30,18:00-19:00,0.0
第四教学楼,2019-04-30,19:00-20:00,0.0
第四教学楼,2019-04-30,20:00-21:00,0.0
第四教学楼,2019-04-30,21:00-22:00,0.0
第四教学楼,2019-04-30,22:00-23:00,0.0
第四教学楼,2019-04-30,23:00-24:00,0.0
第四食堂,2019-04-01,00:00-01:00,0.0
第四食堂,2019-04-01,01:00-02:00,0.0
第四食堂,2019-04-01,02:00-03:00,0.0
第四食堂,2019-04-01,03:00-04:00,0.0
第四食堂,2019-04-01,04:00-05:00,0.0
第四食堂,2019-04-01,05:00-06:00,0.0
第四食堂,2019-04-01,06:00-07:00,0.0
第四食堂,2019-04-01,07:00-08:00,0.0
第四食堂,2019-04-01,08:00-09:00,0.0
第四食堂,2019-04-01,09:00-10:00,53.0
第四食堂,2019-04-01,10:00-11:00,216.0
第四食堂,2019-04-01,11:00-12:00,6183.5
第四食堂,2019-04-01,12:00-13:00,3438.5
第四食堂,2019-04-01,13:00-14:00,208.0
第四食堂,2019-04-01,14:00-15:00,39.0
第四食堂,2019-04-01,15:00-16:00,0.0
第四食堂,2019-04-01,16:00-17:00,728.0
第四食堂,2019-04-01,17:00-18:00,1685.5
第四食堂,2019-04-01,18:00-19:00,3506.0
第四食堂,2019-04-01,19:00-20:00,1047.5
第四食堂,2019-04-01,20:00-21:00,85.5
第四食堂,2019-04-01,21:00-22:00,60.5
第四食堂,2019-04-01,22:00-23:00,3.0
第四食堂,2019-04-01,23:00-24:00,0.0
第四食堂,2019-04-02,00:00-01:00,0.0
第四食堂,2019-04-02,01:00-02:00,0.0
第四食堂,2019-04-02,02:00-03:00,0.0
第四食堂,2019-04-02,03:00-04:00,0.0
第四食堂,2019-04-02,04:00-05:00,0.0
第四食堂,2019-04-02,05:00-06:00,0.0
第四食堂,2019-04-02,06:00-07:00,0.0
第四食堂,2019-04-02,07:00-08:00,0.0
第四食堂,2019-04-02,08:00-09:00,0.0
第四食堂,2019-04-02,09:00-10:00,60.0
第四食堂,2019-04-02,10:00-11:00,275.5
第四食堂,2019-04-02,11:00-12:00,7421.0
第四食堂,2019-04-02,12:00-13:00,3242.5
第四食堂,2019-04-02,13:00-14:00,149.0
第四食堂,2019-04-02,14:00-15:00,18.0
第四食堂,2019-04-02,15:00-16:00,83.0
第四食堂,2019-04-02,16:00-17:00,742.5
第四食堂,2019-04-02,17:00-18:00,2169.0
第四食堂,2019-04-02,18:00-19:00,4659.0
第四食堂,2019-04-02,19:00-20:00,1506.5
第四食堂,2019-04-02,20:00-21:00,231.0
第四食堂,2019-04-02,21:00-22:00,131.0
第四食堂,2019-04-02,22:00-23:00,68.0
第四食堂,2019-04-02,23:00-24:00,0.0
第四食堂,2019-04-03,00:00-01:00,0.0
第四食堂,2019-04-03,01:00-02:00,0.0
第四食堂,2019-04-03,02:00-03:00,0.0
第四食堂,2019-04-03,03:00-04:00,0.0
第四食堂,2019-04-03,04:00-05:00,0.0
第四食堂,2019-04-03,05:00-06:00,0.0
第四食堂,2019-04-03,06:00-07:00,0.0
第四食堂,2019-04-03,07:00-08:00,0.0
第四食堂,2019-04-03,08:00-09:00,0.0
第四食堂,2019-04-03,09:00-10:00,0.0
第四食堂,2019-04-03,10:00-11:00,0.0
第四食堂,2019-04-03,11:00-12:00,473.5
第四食堂,2019-04-03,12:00-13:00,5800.0
第四食堂,2019-04-03,13:00-14:00,2709.0
第四食堂,2019-04-03,14:00-15:00,198.5
第四食堂,2019-04-03,15:00-16:00,106.5
第四食堂,2019-04-03,16:00-17:00,886.5
第四食堂,2019-04-03,17:00-18:00,3797.0
第四食堂,2019-04-03,18:00-19:00,4601.0
第四食堂,2019-04-03,19:00-20:00,887.5
第四食堂,2019-04-03,20:00-21:00,45.0
第四食堂,2019-04-03,21:00-22:00,59.5
第四食堂,2019-04-03,22:00-23:00,53.0
第四食堂,2019-04-03,23:00-24:00,13.0
第四食堂,2019-04-04,00:00-01:00,0.0
第四食堂,2019-04-04,01:00-02:00,0.0
第四食堂,2019-04-04,02:00-03:00,0.0
第四食堂,2019-04-04,03:00-04:00,0.0
第四食堂,2019-04-04,04:00-05:00,0.0
第四食堂,2019-04-04,05:00-06:00,0.0
第四食堂,2019-04-04,06:00-07:00,0.0
第四食堂,2019-04-04,07:00-08:00,0.0
第四食堂,2019-04-04,08:00-09:00,0.0
第四食堂,2019-04-04,09:00-10:00,76.0
第四食堂,2019-04-04,10:00-11:00,326.0
第四食堂,2019-04-04,11:00-12:00,6724.2
第四食堂,2019-04-04,12:00-13:00,3830.5
第四食堂,2019-04-04,13:00-14:00,1091.5
第四食堂,2019-04-04,14:00-15:00,98.0
第四食堂,2019-04-04,15:00-16:00,61.0
第四食堂,2019-04-04,16:00-17:00,589.0
第四食堂,2019-04-04,17:00-18:00,4261.0
第四食堂,2019-04-04,18:00-19:00,3596.0
第四食堂,2019-04-04,19:00-20:00,1110.5
第四食堂,2019-04-04,20:00-21:00,50.0
第四食堂,2019-04-04,21:00-22:00,104.5
第四食堂,2019-04-04,22:00-23:00,76.0
第四食堂,2019-04-04,23:00-24:00,0.0
第四食堂,2019-04-05,00:00-01:00,0.0
第四食堂,2019-04-05,01:00-02:00,0.0
第四食堂,2019-04-05,02:00-03:00,0.0
第四食堂,2019-04-05,03:00-04:00,0.0
第四食堂,2019-04-05,04:00-05:00,0.0
第四食堂,2019-04-05,05:00-06:00,0.0
第四食堂,2019-04-05,06:00-07:00,0.0
第四食堂,2019-04-05,07:00-08:00,0.0
第四食堂,2019-04-05,08:00-09:00,0.0
第四食堂,2019-04-05,09:00-10:00,0.0
第四食堂,2019-04-05,10:00-11:00,0.0
第四食堂,2019-04-05,11:00-12:00,0.0
第四食堂,2019-04-05,12:00-13:00,0.0
第四食堂,2019-04-05,13:00-14:00,0.0
第四食堂,2019-04-05,14:00-15:00,0.0
第四食堂,2019-04-05,15:00-16:00,0.0
第四食堂,2019-04-05,16:00-17:00,0.0
第四食堂,2019-04-05,17:00-18:00,0.0
第四食堂,2019-04-05,18:00-19:00,0.0
第四食堂,2019-04-05,19:00-20:00,0.0
第四食堂,2019-04-05,20:00-21:00,0.0
第四食堂,2019-04-05,21:00-22:00,0.0
第四食堂,2019-04-05,22:00-23:00,0.0
第四食堂,2019-04-05,23:00-24:00,0.0
第四食堂,2019-04-06,00:00-01:00,0.0
第四食堂,2019-04-06,01:00-02:00,0.0
第四食堂,2019-04-06,02:00-03:00,0.0
第四食堂,2019-04-06,03:00-04:00,0.0
第四食堂,2019-04-06,04:00-05:00,0.0
第四食堂,2019-04-06,05:00-06:00,0.0
第四食堂,2019-04-06,06:00-07:00,0.0
第四食堂,2019-04-06,07:00-08:00,0.0
第四食堂,2019-04-06,08:00-09:00,0.0
第四食堂,2019-04-06,09:00-10:00,0.0
第四食堂,2019-04-06,10:00-11:00,0.0
第四食堂,2019-04-06,11:00-12:00,0.0
第四食堂,2019-04-06,12:00-13:00,0.0
第四食堂,2019-04-06,13:00-14:00,0.0
第四食堂,2019-04-06,14:00-15:00,0.0
第四食堂,2019-04-06,15:00-16:00,0.0
第四食堂,2019-04-06,16:00-17:00,0.0
第四食堂,2019-04-06,17:00-18:00,0.0
第四食堂,2019-04-06,18:00-19:00,0.0
第四食堂,2019-04-06,19:00-20:00,0.0
第四食堂,2019-04-06,20:00-21:00,0.0
第四食堂,2019-04-06,21:00-22:00,0.0
第四食堂,2019-04-06,22:00-23:00,0.0
第四食堂,2019-04-06,23:00-24:00,0.0
第四食堂,2019-04-07,00:00-01:00,0.0
第四食堂,2019-04-07,01:00-02:00,0.0
第四食堂,2019-04-07,02:00-03:00,0.0
第四食堂,2019-04-07,03:00-04:00,0.0
第四食堂,2019-04-07,04:00-05:00,0.0
第四食堂,2019-04-07,05:00-06:00,0.0
第四食堂,2019-04-07,06:00-07:00,0.0
第四食堂,2019-04-07,07:00-08:00,0.0
第四食堂,2019-04-07,08:00-09:00,0.0
第四食堂,2019-04-07,09:00-10:00,0.0
第四食堂,2019-04-07,10:00-11:00,0.0
第四食堂,2019-04-07,11:00-12:00,0.0
第四食堂,2019-04-07,12:00-13:00,0.0
第四食堂,2019-04-07,13:00-14:00,20.0
第四食堂,2019-04-07,14:00-15:00,92.0
第四食堂,2019-04-07,15:00-16:00,11.0
第四食堂,2019-04-07,16:00-17:00,56.0
第四食堂,2019-04-07,17:00-18:00,286.5
第四食堂,2019-04-07,18:00-19:00,1417.5
第四食堂,2019-04-07,19:00-20:00,1679.0
第四食堂,2019-04-07,20:00-21:00,495.0
第四食堂,2019-04-07,21:00-22:00,104.0
第四食堂,2019-04-07,22:00-23:00,0.0
第四食堂,2019-04-07,23:00-24:00,0.0
第四食堂,2019-04-08,00:00-01:00,0.0
第四食堂,2019-04-08,01:00-02:00,0.0
第四食堂,2019-04-08,02:00-03:00,0.0
第四食堂,2019-04-08,03:00-04:00,0.0
第四食堂,2019-04-08,04:00-05:00,0.0
第四食堂,2019-04-08,05:00-06:00,0.0
第四食堂,2019-04-08,06:00-07:00,0.0
第四食堂,2019-04-08,07:00-08:00,0.0
第四食堂,2019-04-08,08:00-09:00,0.0
第四食堂,2019-04-08,09:00-10:00,54.0
第四食堂,2019-04-08,10:00-11:00,118.5
第四食堂,2019-04-08,11:00-12:00,6754.5
第四食堂,2019-04-08,12:00-13:00,4165.5
第四食堂,2019-04-08,13:00-14:00,204.5
第四食堂,2019-04-08,14:00-15:00,0.0
第四食堂,2019-04-08,15:00-16:00,149.0
第四食堂,2019-04-08,16:00-17:00,1096.5
第四食堂,2019-04-08,17:00-18:00,2241.5
第四食堂,2019-04-08,18:00-19:00,5237.5
第四食堂,2019-04-08,19:00-20:00,1252.5
第四食堂,2019-04-08,20:00-21:00,97.0
第四食堂,2019-04-08,21:00-22:00,103.0
第四食堂,2019-04-08,22:00-23:00,13.0
第四食堂,2019-04-08,23:00-24:00,0.0
第四食堂,2019-04-09,00:00-01:00,0.0
第四食堂,2019-04-09,01:00-02:00,0.0
第四食堂,2019-04-09,02:00-03:00,0.0
第四食堂,2019-04-09,03:00-04:00,0.0
第四食堂,2019-04-09,04:00-05:00,0.0
第四食堂,2019-04-09,05:00-06:00,0.0
第四食堂,2019-04-09,06:00-07:00,0.0
第四食堂,2019-04-09,07:00-08:00,0.0
第四食堂,2019-04-09,08:00-09:00,0.0
第四食堂,2019-04-09,09:00-10:00,19.0
第四食堂,2019-04-09,10:00-11:00,178.0
第四食堂,2019-04-09,11:00-12:00,7192.5
第四食堂,2019-04-09,12:00-13:00,3512.5
第四食堂,2019-04-09,13:00-14:00,175.5
第四食堂,2019-04-09,14:00-15:00,5.0
第四食堂,2019-04-09,15:00-16:00,16.0
第四食堂,2019-04-09,16:00-17:00,1223.0
第四食堂,2019-04-09,17:00-18:00,3073.0
第四食堂,2019-04-09,18:00-19:00,4458.0
第四食堂,2019-04-09,19:00-20:00,740.5
第四食堂,2019-04-09,20:00-21:00,60.0
第四食堂,2019-04-09,21:00-22:00,39.0
第四食堂,2019-04-09,22:00-23:00,49.5
第四食堂,2019-04-09,23:00-24:00,0.0
第四食堂,2019-04-10,00:00-01:00,0.0
第四食堂,2019-04-10,01:00-02:00,0.0
第四食堂,2019-04-10,02:00-03:00,0.0
第四食堂,2019-04-10,03:00-04:00,0.0
第四食堂,2019-04-10,04:00-05:00,0.0
第四食堂,2019-04-10,05:00-06:00,0.0
第四食堂,2019-04-10,06:00-07:00,0.0
第四食堂,2019-04-10,07:00-08:00,0.0
第四食堂,2019-04-10,08:00-09:00,0.0
第四食堂,2019-04-10,09:00-10:00,29.0
第四食堂,2019-04-10,10:00-11:00,118.5
第四食堂,2019-04-10,11:00-12:00,6906.0
第四食堂,2019-04-10,12:00-13:00,4139.5
第四食堂,2019-04-10,13:00-14:00,262.5
第四食堂,2019-04-10,14:00-15:00,0.0
第四食堂,2019-04-10,15:00-16:00,816.5
第四食堂,2019-04-10,16:00-17:00,1281.5
第四食堂,2019-04-10,17:00-18:00,2793.0
第四食堂,2019-04-10,18:00-19:00,4694.0
第四食堂,2019-04-10,19:00-20:00,1182.0
第四食堂,2019-04-10,20:00-21:00,80.0
第四食堂,2019-04-10,21:00-22:00,241.0
第四食堂,2019-04-10,22:00-23:00,33.5
第四食堂,2019-04-10,23:00-24:00,0.0
第四食堂,2019-04-11,00:00-01:00,0.0
第四食堂,2019-04-11,01:00-02:00,0.0
第四食堂,2019-04-11,02:00-03:00,0.0
第四食堂,2019-04-11,03:00-04:00,0.0
第四食堂,2019-04-11,04:00-05:00,0.0
第四食堂,2019-04-11,05:00-06:00,0.0
第四食堂,2019-04-11,06:00-07:00,0.0
第四食堂,2019-04-11,07:00-08:00,0.0
第四食堂,2019-04-11,08:00-09:00,0.0
第四食堂,2019-04-11,09:00-10:00,51.0
第四食堂,2019-04-11,10:00-11:00,84.0
第四食堂,2019-04-11,11:00-12:00,6904.0
第四食堂,2019-04-11,12:00-13:00,4462.0
第四食堂,2019-04-11,13:00-14:00,343.0
第四食堂,2019-04-11,14:00-15:00,50.5
第四食堂,2019-04-11,15:00-16:00,93.5
第四食堂,2019-04-11,16:00-17:00,550.0
第四食堂,2019-04-11,17:00-18:00,3712.5
第四食堂,2019-04-11,18:00-19:00,3974.0
第四食堂,2019-04-11,19:00-20:00,1191.0
第四食堂,2019-04-11,20:00-21:00,130.0
第四食堂,2019-04-11,21:00-22:00,38.0
第四食堂,2019-04-11,22:00-23:00,40.0
第四食堂,2019-04-11,23:00-24:00,0.0
第四食堂,2019-04-12,00:00-01:00,0.0
第四食堂,2019-04-12,01:00-02:00,0.0
第四食堂,2019-04-12,02:00-03:00,0.0
第四食堂,2019-04-12,03:00-04:00,0.0
第四食堂,2019-04-12,04:00-05:00,0.0
第四食堂,2019-04-12,05:00-06:00,0.0
第四食堂,2019-04-12,06:00-07:00,0.0
第四食堂,2019-04-12,07:00-08:00,0.0
第四食堂,2019-04-12,08:00-09:00,0.0
第四食堂,2019-04-12,09:00-10:00,41.0
第四食堂,2019-04-12,10:00-11:00,92.0
第四食堂,2019-04-12,11:00-12:00,6007.5
第四食堂,2019-04-12,12:00-13:00,3861.5
第四食堂,2019-04-12,13:00-14:00,345.0
第四食堂,2019-04-12,14:00-15:00,0.0
第四食堂,2019-04-12,15:00-16:00,176.0
第四食堂,2019-04-12,16:00-17:00,1022.0
第四食堂,2019-04-12,17:00-18:00,2078.0
第四食堂,2019-04-12,18:00-19:00,3459.5
第四食堂,2019-04-12,19:00-20:00,1040.5
第四食堂,2019-04-12,20:00-21:00,220.5
第四食堂,2019-04-12,21:00-22:00,43.0
第四食堂,2019-04-12,22:00-23:00,27.5
第四食堂,2019-04-12,23:00-24:00,2.5
第四食堂,2019-04-13,00:00-01:00,0.0
第四食堂,2019-04-13,01:00-02:00,0.0
第四食堂,2019-04-13,02:00-03:00,0.0
第四食堂,2019-04-13,03:00-04:00,0.0
第四食堂,2019-04-13,04:00-05:00,0.0
第四食堂,2019-04-13,05:00-06:00,0.0
第四食堂,2019-04-13,06:00-07:00,0.0
第四食堂,2019-04-13,07:00-08:00,0.0
第四食堂,2019-04-13,08:00-09:00,0.0
第四食堂,2019-04-13,09:00-10:00,0.0
第四食堂,2019-04-13,10:00-11:00,255.5
第四食堂,2019-04-13,11:00-12:00,2406.5
第四食堂,2019-04-13,12:00-13:00,2552.0
第四食堂,2019-04-13,13:00-14:00,350.5
第四食堂,2019-04-13,14:00-15:00,126.0
第四食堂,2019-04-13,15:00-16:00,47.0
第四食堂,2019-04-13,16:00-17:00,188.0
第四食堂,2019-04-13,17:00-18:00,2443.0
第四食堂,2019-04-13,18:00-19:00,2420.5
第四食堂,2019-04-13,19:00-20:00,665.5
第四食堂,2019-04-13,20:00-21:00,62.0
第四食堂,2019-04-13,21:00-22:00,68.0
第四食堂,2019-04-13,22:00-23:00,22.0
第四食堂,2019-04-13,23:00-24:00,0.0
第四食堂,2019-04-14,00:00-01:00,0.0
第四食堂,2019-04-14,01:00-02:00,0.0
第四食堂,2019-04-14,02:00-03:00,0.0
第四食堂,2019-04-14,03:00-04:00,0.0
第四食堂,2019-04-14,04:00-05:00,0.0
第四食堂,2019-04-14,05:00-06:00,0.0
第四食堂,2019-04-14,06:00-07:00,0.0
第四食堂,2019-04-14,07:00-08:00,0.0
第四食堂,2019-04-14,08:00-09:00,0.0
第四食堂,2019-04-14,09:00-10:00,0.0
第四食堂,2019-04-14,10:00-11:00,118.0
第四食堂,2019-04-14,11:00-12:00,2818.5
第四食堂,2019-04-14,12:00-13:00,2463.5
第四食堂,2019-04-14,13:00-14:00,484.5
第四食堂,2019-04-14,14:00-15:00,17.0
第四食堂,2019-04-14,15:00-16:00,38.0
第四食堂,2019-04-14,16:00-17:00,129.0
第四食堂,2019-04-14,17:00-18:00,1806.0
第四食堂,2019-04-14,18:00-19:00,3069.5
第四食堂,2019-04-14,19:00-20:00,1455.0
第四食堂,2019-04-14,20:00-21:00,243.0
第四食堂,2019-04-14,21:00-22:00,36.0
第四食堂,2019-04-14,22:00-23:00,23.0
第四食堂,2019-04-14,23:00-24:00,0.0
第四食堂,2019-04-15,00:00-01:00,0.0
第四食堂,2019-04-15,01:00-02:00,0.0
第四食堂,2019-04-15,02:00-03:00,0.0
第四食堂,2019-04-15,03:00-04:00,0.0
第四食堂,2019-04-15,04:00-05:00,0.0
第四食堂,2019-04-15,05:00-06:00,0.0
第四食堂,2019-04-15,06:00-07:00,0.0
第四食堂,2019-04-15,07:00-08:00,0.0
第四食堂,2019-04-15,08:00-09:00,0.0
第四食堂,2019-04-15,09:00-10:00,70.5
第四食堂,2019-04-15,10:00-11:00,191.0
第四食堂,2019-04-15,11:00-12:00,6578.0
第四食堂,2019-04-15,12:00-13:00,4008.0
第四食堂,2019-04-15,13:00-14:00,183.5
第四食堂,2019-04-15,14:00-15:00,0.0
第四食堂,2019-04-15,15:00-16:00,67.0
第四食堂,2019-04-15,16:00-17:00,1209.0
第四食堂,2019-04-15,17:00-18:00,2432.5
第四食堂,2019-04-15,18:00-19:00,4392.0
第四食堂,2019-04-15,19:00-20:00,1523.5
第四食堂,2019-04-15,20:00-21:00,41.0
第四食堂,2019-04-15,21:00-22:00,75.0
第四食堂,2019-04-15,22:00-23:00,28.0
第四食堂,2019-04-15,23:00-24:00,0.0
第四食堂,2019-04-16,00:00-01:00,0.0
第四食堂,2019-04-16,01:00-02:00,0.0
第四食堂,2019-04-16,02:00-03:00,0.0
第四食堂,2019-04-16,03:00-04:00,0.0
第四食堂,2019-04-16,04:00-05:00,0.0
第四食堂,2019-04-16,05:00-06:00,0.0
第四食堂,2019-04-16,06:00-07:00,0.0
第四食堂,2019-04-16,07:00-08:00,0.0
第四食堂,2019-04-16,08:00-09:00,1.0
第四食堂,2019-04-16,09:00-10:00,74.0
第四食堂,2019-04-16,10:00-11:00,219.0
第四食堂,2019-04-16,11:00-12:00,7785.0
第四食堂,2019-04-16,12:00-13:00,3481.5
第四食堂,2019-04-16,13:00-14:00,187.5
第四食堂,2019-04-16,14:00-15:00,39.0
第四食堂,2019-04-16,15:00-16:00,6.0
第四食堂,2019-04-16,16:00-17:00,1175.5
第四食堂,2019-04-16,17:00-18:00,2340.9
第四食堂,2019-04-16,18:00-19:00,4981.0
第四食堂,2019-04-16,19:00-20:00,1252.5
第四食堂,2019-04-16,20:00-21:00,136.0
第四食堂,2019-04-16,21:00-22:00,112.5
第四食堂,2019-04-16,22:00-23:00,21.5
第四食堂,2019-04-16,23:00-24:00,0.0
第四食堂,2019-04-17,00:00-01:00,0.0
第四食堂,2019-04-17,01:00-02:00,0.0
第四食堂,2019-04-17,02:00-03:00,0.0
第四食堂,2019-04-17,03:00-04:00,0.0
第四食堂,2019-04-17,04:00-05:00,0.0
第四食堂,2019-04-17,05:00-06:00,0.0
第四食堂,2019-04-17,06:00-07:00,0.0
第四食堂,2019-04-17,07:00-08:00,0.0
第四食堂,2019-04-17,08:00-09:00,4.0
第四食堂,2019-04-17,09:00-10:00,40.0
第四食堂,2019-04-17,10:00-11:00,223.0
第四食堂,2019-04-17,11:00-12:00,7506.0
第四食堂,2019-04-17,12:00-13:00,3296.0
第四食堂,2019-04-17,13:00-14:00,247.0
第四食堂,2019-04-17,14:00-15:00,0.0
第四食堂,2019-04-17,15:00-16:00,28.0
第四食堂,2019-04-17,16:00-17:00,1071.0
第四食堂,2019-04-17,17:00-18:00,2982.5
第四食堂,2019-04-17,18:00-19:00,3673.5
第四食堂,2019-04-17,19:00-20:00,842.0
第四食堂,2019-04-17,20:00-21:00,70.5
第四食堂,2019-04-17,21:00-22:00,106.0
第四食堂,2019-04-17,22:00-23:00,23.0
第四食堂,2019-04-17,23:00-24:00,0.0
第四食堂,2019-04-18,00:00-01:00,0.0
第四食堂,2019-04-18,01:00-02:00,0.0
第四食堂,2019-04-18,02:00-03:00,0.0
第四食堂,2019-04-18,03:00-04:00,0.0
第四食堂,2019-04-18,04:00-05:00,0.0
第四食堂,2019-04-18,05:00-06:00,0.0
第四食堂,2019-04-18,06:00-07:00,0.0
第四食堂,2019-04-18,07:00-08:00,0.0
第四食堂,2019-04-18,08:00-09:00,0.0
第四食堂,2019-04-18,09:00-10:00,49.0
第四食堂,2019-04-18,10:00-11:00,300.5
第四食堂,2019-04-18,11:00-12:00,6958.0
第四食堂,2019-04-18,12:00-13:00,3250.0
第四食堂,2019-04-18,13:00-14:00,396.5
第四食堂,2019-04-18,14:00-15:00,89.5
第四食堂,2019-04-18,15:00-16:00,60.0
第四食堂,2019-04-18,16:00-17:00,438.0
第四食堂,2019-04-18,17:00-18:00,3572.5
第四食堂,2019-04-18,18:00-19:00,3485.0
第四食堂,2019-04-18,19:00-20:00,1576.0
第四食堂,2019-04-18,20:00-21:00,165.0
第四食堂,2019-04-18,21:00-22:00,67.0
第四食堂,2019-04-18,22:00-23:00,61.0
第四食堂,2019-04-18,23:00-24:00,5.0
第四食堂,2019-04-19,00:00-01:00,0.0
第四食堂,2019-04-19,01:00-02:00,0.0
第四食堂,2019-04-19,02:00-03:00,0.0
第四食堂,2019-04-19,03:00-04:00,0.0
第四食堂,2019-04-19,04:00-05:00,0.0
第四食堂,2019-04-19,05:00-06:00,0.0
第四食堂,2019-04-19,06:00-07:00,0.0
第四食堂,2019-04-19,07:00-08:00,0.0
第四食堂,2019-04-19,08:00-09:00,0.0
第四食堂,2019-04-19,09:00-10:00,43.0
第四食堂,2019-04-19,10:00-11:00,232.0
第四食堂,2019-04-19,11:00-12:00,5357.0
第四食堂,2019-04-19,12:00-13:00,3723.5
第四食堂,2019-04-19,13:00-14:00,248.5
第四食堂,2019-04-19,14:00-15:00,0.0
第四食堂,2019-04-19,15:00-16:00,93.0
第四食堂,2019-04-19,16:00-17:00,1018.5
第四食堂,2019-04-19,17:00-18:00,2154.5
第四食堂,2019-04-19,18:00-19:00,2853.5
第四食堂,2019-04-19,19:00-20:00,879.0
第四食堂,2019-04-19,20:00-21:00,157.5
第四食堂,2019-04-19,21:00-22:00,96.0
第四食堂,2019-04-19,22:00-23:00,49.0
第四食堂,2019-04-19,23:00-24:00,14.0
第四食堂,2019-04-20,00:00-01:00,0.0
第四食堂,2019-04-20,01:00-02:00,0.0
第四食堂,2019-04-20,02:00-03:00,0.0
第四食堂,2019-04-20,03:00-04:00,0.0
第四食堂,2019-04-20,04:00-05:00,0.0
第四食堂,2019-04-20,05:00-06:00,0.0
第四食堂,2019-04-20,06:00-07:00,0.0
第四食堂,2019-04-20,07:00-08:00,0.0
第四食堂,2019-04-20,08:00-09:00,0.0
第四食堂,2019-04-20,09:00-10:00,32.0
第四食堂,2019-04-20,10:00-11:00,214.0
第四食堂,2019-04-20,11:00-12:00,2798.0
第四食堂,2019-04-20,12:00-13:00,3192.5
第四食堂,2019-04-20,13:00-14:00,441.5
第四食堂,2019-04-20,14:00-15:00,53.0
第四食堂,2019-04-20,15:00-16:00,19.0
第四食堂,2019-04-20,16:00-17:00,226.0
第四食堂,2019-04-20,17:00-18:00,1821.5
第四食堂,2019-04-20,18:00-19:00,2080.5
第四食堂,2019-04-20,19:00-20:00,633.0
第四食堂,2019-04-20,20:00-21:00,59.5
第四食堂,2019-04-20,21:00-22:00,39.0
第四食堂,2019-04-20,22:00-23:00,30.0
第四食堂,2019-04-20,23:00-24:00,0.0
第四食堂,2019-04-21,00:00-01:00,0.0
第四食堂,2019-04-21,01:00-02:00,0.0
第四食堂,2019-04-21,02:00-03:00,0.0
第四食堂,2019-04-21,03:00-04:00,0.0
第四食堂,2019-04-21,04:00-05:00,0.0
第四食堂,2019-04-21,05:00-06:00,0.0
第四食堂,2019-04-21,06:00-07:00,0.0
第四食堂,2019-04-21,07:00-08:00,0.0
第四食堂,2019-04-21,08:00-09:00,0.0
第四食堂,2019-04-21,09:00-10:00,16.0
第四食堂,2019-04-21,10:00-11:00,209.5
第四食堂,2019-04-21,11:00-12:00,2541.1
第四食堂,2019-04-21,12:00-13:00,2879.5
第四食堂,2019-04-21,13:00-14:00,391.0
第四食堂,2019-04-21,14:00-15:00,102.0
第四食堂,2019-04-21,15:00-16:00,22.0
第四食堂,2019-04-21,16:00-17:00,414.0
第四食堂,2019-04-21,17:00-18:00,2077.0
第四食堂,2019-04-21,18:00-19:00,2483.0
第四食堂,2019-04-21,19:00-20:00,653.5
第四食堂,2019-04-21,20:00-21:00,86.0
第四食堂,2019-04-21,21:00-22:00,42.0
第四食堂,2019-04-21,22:00-23:00,10.0
第四食堂,2019-04-21,23:00-24:00,0.0
第四食堂,2019-04-22,00:00-01:00,0.0
第四食堂,2019-04-22,01:00-02:00,0.0
第四食堂,2019-04-22,02:00-03:00,0.0
第四食堂,2019-04-22,03:00-04:00,0.0
第四食堂,2019-04-22,04:00-05:00,0.0
第四食堂,2019-04-22,05:00-06:00,0.0
第四食堂,2019-04-22,06:00-07:00,0.0
第四食堂,2019-04-22,07:00-08:00,0.0
第四食堂,2019-04-22,08:00-09:00,0.0
第四食堂,2019-04-22,09:00-10:00,69.5
第四食堂,2019-04-22,10:00-11:00,146.5
第四食堂,2019-04-22,11:00-12:00,5294.0
第四食堂,2019-04-22,12:00-13:00,3486.5
第四食堂,2019-04-22,13:00-14:00,218.5
第四食堂,2019-04-22,14:00-15:00,0.0
第四食堂,2019-04-22,15:00-16:00,66.0
第四食堂,2019-04-22,16:00-17:00,1605.0
第四食堂,2019-04-22,17:00-18:00,2644.0
第四食堂,2019-04-22,18:00-19:00,4260.0
第四食堂,2019-04-22,19:00-20:00,874.5
第四食堂,2019-04-22,20:00-21:00,56.0
第四食堂,2019-04-22,21:00-22:00,61.0
第四食堂,2019-04-22,22:00-23:00,26.5
第四食堂,2019-04-22,23:00-24:00,0.0
第四食堂,2019-04-23,00:00-01:00,0.0
第四食堂,2019-04-23,01:00-02:00,0.0
第四食堂,2019-04-23,02:00-03:00,0.0
第四食堂,2019-04-23,03:00-04:00,0.0
第四食堂,2019-04-23,04:00-05:00,0.0
第四食堂,2019-04-23,05:00-06:00,0.0
第四食堂,2019-04-23,06:00-07:00,0.0
第四食堂,2019-04-23,07:00-08:00,0.0
第四食堂,2019-04-23,08:00-09:00,0.0
第四食堂,2019-04-23,09:00-10:00,67.0
第四食堂,2019-04-23,10:00-11:00,137.5
第四食堂,2019-04-23,11:00-12:00,6472.5
第四食堂,2019-04-23,12:00-13:00,3705.5
第四食堂,2019-04-23,13:00-14:00,255.5
第四食堂,2019-04-23,14:00-15:00,19.0
第四食堂,2019-04-23,15:00-16:00,26.0
第四食堂,2019-04-23,16:00-17:00,1402.5
第四食堂,2019-04-23,17:00-18:00,2548.5
第四食堂,2019-04-23,18:00-19:00,4387.5
第四食堂,2019-04-23,19:00-20:00,735.0
第四食堂,2019-04-23,20:00-21:00,57.5
第四食堂,2019-04-23,21:00-22:00,84.0
第四食堂,2019-04-23,22:00-23:00,15.0
第四食堂,2019-04-23,23:00-24:00,0.0
第四食堂,2019-04-24,00:00-01:00,26.0
第四食堂,2019-04-24,01:00-02:00,20.0
第四食堂,2019-04-24,02:00-03:00,0.0
第四食堂,2019-04-24,03:00-04:00,0.0
第四食堂,2019-04-24,04:00-05:00,0.0
第四食堂,2019-04-24,05:00-06:00,0.0
第四食堂,2019-04-24,06:00-07:00,0.0
第四食堂,2019-04-24,07:00-08:00,0.0
第四食堂,2019-04-24,08:00-09:00,0.0
第四食堂,2019-04-24,09:00-10:00,24.5
第四食堂,2019-04-24,10:00-11:00,158.5
第四食堂,2019-04-24,11:00-12:00,6500.4
第四食堂,2019-04-24,12:00-13:00,3527.0
第四食堂,2019-04-24,13:00-14:00,159.5
第四食堂,2019-04-24,14:00-15:00,0.0
第四食堂,2019-04-24,15:00-16:00,26.0
第四食堂,2019-04-24,16:00-17:00,1330.5
第四食堂,2019-04-24,17:00-18:00,2774.5
第四食堂,2019-04-24,18:00-19:00,2509.5
第四食堂,2019-04-24,19:00-20:00,882.5
第四食堂,2019-04-24,20:00-21:00,136.0
第四食堂,2019-04-24,21:00-22:00,52.0
第四食堂,2019-04-24,22:00-23:00,39.0
第四食堂,2019-04-24,23:00-24:00,0.0
第四食堂,2019-04-25,00:00-01:00,0.0
第四食堂,2019-04-25,01:00-02:00,0.0
第四食堂,2019-04-25,02:00-03:00,0.0
第四食堂,2019-04-25,03:00-04:00,0.0
第四食堂,2019-04-25,04:00-05:00,0.0
第四食堂,2019-04-25,05:00-06:00,0.0
第四食堂,2019-04-25,06:00-07:00,0.0
第四食堂,2019-04-25,07:00-08:00,0.0
第四食堂,2019-04-25,08:00-09:00,0.0
第四食堂,2019-04-25,09:00-10:00,31.0
第四食堂,2019-04-25,10:00-11:00,282.0
第四食堂,2019-04-25,11:00-12:00,5973.5
第四食堂,2019-04-25,12:00-13:00,3904.5
第四食堂,2019-04-25,13:00-14:00,255.5
第四食堂,2019-04-25,14:00-15:00,29.0
第四食堂,2019-04-25,15:00-16:00,27.0
第四食堂,2019-04-25,16:00-17:00,490.0
第四食堂,2019-04-25,17:00-18:00,2437.0
第四食堂,2019-04-25,18:00-19:00,3042.0
第四食堂,2019-04-25,19:00-20:00,1313.0
第四食堂,2019-04-25,20:00-21:00,116.0
第四食堂,2019-04-25,21:00-22:00,51.0
第四食堂,2019-04-25,22:00-23:00,46.0
第四食堂,2019-04-25,23:00-24:00,0.0
第四食堂,2019-04-26,00:00-01:00,0.0
第四食堂,2019-04-26,01:00-02:00,0.0
第四食堂,2019-04-26,02:00-03:00,0.0
第四食堂,2019-04-26,03:00-04:00,0.0
第四食堂,2019-04-26,04:00-05:00,0.0
第四食堂,2019-04-26,05:00-06:00,0.0
第四食堂,2019-04-26,06:00-07:00,0.0
第四食堂,2019-04-26,07:00-08:00,0.0
第四食堂,2019-04-26,08:00-09:00,0.0
第四食堂,2019-04-26,09:00-10:00,44.0
第四食堂,2019-04-26,10:00-11:00,298.5
第四食堂,2019-04-26,11:00-12:00,5769.5
第四食堂,2019-04-26,12:00-13:00,3119.0
第四食堂,2019-04-26,13:00-14:00,237.0
第四食堂,2019-04-26,14:00-15:00,0.0
第四食堂,2019-04-26,15:00-16:00,53.0
第四食堂,2019-04-26,16:00-17:00,464.5
第四食堂,2019-04-26,17:00-18:00,1592.0
第四食堂,2019-04-26,18:00-19:00,2168.0
第四食堂,2019-04-26,19:00-20:00,993.5
第四食堂,2019-04-26,20:00-21:00,148.0
第四食堂,2019-04-26,21:00-22:00,21.5
第四食堂,2019-04-26,22:00-23:00,0.0
第四食堂,2019-04-26,23:00-24:00,0.0
第四食堂,2019-04-27,00:00-01:00,0.0
第四食堂,2019-04-27,01:00-02:00,0.0
第四食堂,2019-04-27,02:00-03:00,0.0
第四食堂,2019-04-27,03:00-04:00,0.0
第四食堂,2019-04-27,04:00-05:00,0.0
第四食堂,2019-04-27,05:00-06:00,0.0
第四食堂,2019-04-27,06:00-07:00,0.0
第四食堂,2019-04-27,07:00-08:00,0.0
第四食堂,2019-04-27,08:00-09:00,0.0
第四食堂,2019-04-27,09:00-10:00,0.0
第四食堂,2019-04-27,10:00-11:00,0.0
第四食堂,2019-04-27,11:00-12:00,0.0
第四食堂,2019-04-27,12:00-13:00,0.0
第四食堂,2019-04-27,13:00-14:00,0.0
第四食堂,2019-04-27,14:00-15:00,0.0
第四食堂,2019-04-27,15:00-16:00,0.0
第四食堂,2019-04-27,16:00-17:00,0.0
第四食堂,2019-04-27,17:00-18:00,0.0
第四食堂,2019-04-27,18:00-19:00,0.0
第四食堂,2019-04-27,19:00-20:00,0.0
第四食堂,2019-04-27,20:00-21:00,0.0
第四食堂,2019-04-27,21:00-22:00,0.0
第四食堂,2019-04-27,22:00-23:00,0.0
第四食堂,2019-04-27,23:00-24:00,0.0
第四食堂,2019-04-28,00:00-01:00,0.0
第四食堂,2019-04-28,01:00-02:00,0.0
第四食堂,2019-04-28,02:00-03:00,0.0
第四食堂,2019-04-28,03:00-04:00,0.0
第四食堂,2019-04-28,04:00-05:00,0.0
第四食堂,2019-04-28,05:00-06:00,0.0
第四食堂,2019-04-28,06:00-07:00,0.0
第四食堂,2019-04-28,07:00-08:00,0.0
第四食堂,2019-04-28,08:00-09:00,0.0
第四食堂,2019-04-28,09:00-10:00,0.0
第四食堂,2019-04-28,10:00-11:00,0.0
第四食堂,2019-04-28,11:00-12:00,0.0
第四食堂,2019-04-28,12:00-13:00,0.0
第四食堂,2019-04-28,13:00-14:00,0.0
第四食堂,2019-04-28,14:00-15:00,0.0
第四食堂,2019-04-28,15:00-16:00,0.0
第四食堂,2019-04-28,16:00-17:00,0.0
第四食堂,2019-04-28,17:00-18:00,0.0
第四食堂,2019-04-28,18:00-19:00,0.0
第四食堂,2019-04-28,19:00-20:00,0.0
第四食堂,2019-04-28,20:00-21:00,0.0
第四食堂,2019-04-28,21:00-22:00,0.0
第四食堂,2019-04-28,22:00-23:00,0.0
第四食堂,2019-04-28,23:00-24:00,0.0
第四食堂,2019-04-29,00:00-01:00,0.0
第四食堂,2019-04-29,01:00-02:00,0.0
第四食堂,2019-04-29,02:00-03:00,0.0
第四食堂,2019-04-29,03:00-04:00,0.0
第四食堂,2019-04-29,04:00-05:00,0.0
第四食堂,2019-04-29,05:00-06:00,0.0
第四食堂,2019-04-29,06:00-07:00,0.0
第四食堂,2019-04-29,07:00-08:00,0.0
第四食堂,2019-04-29,08:00-09:00,0.0
第四食堂,2019-04-29,09:00-10:00,0.0
第四食堂,2019-04-29,10:00-11:00,180.5
第四食堂,2019-04-29,11:00-12:00,3343.0
第四食堂,2019-04-29,12:00-13:00,2794.0
第四食堂,2019-04-29,13:00-14:00,284.0
第四食堂,2019-04-29,14:00-15:00,29.0
第四食堂,2019-04-29,15:00-16:00,34.0
第四食堂,2019-04-29,16:00-17:00,139.0
第四食堂,2019-04-29,17:00-18:00,1694.0
第四食堂,2019-04-29,18:00-19:00,3072.5
第四食堂,2019-04-29,19:00-20:00,1170.5
第四食堂,2019-04-29,20:00-21:00,210.0
第四食堂,2019-04-29,21:00-22:00,40.0
第四食堂,2019-04-29,22:00-23:00,51.0
第四食堂,2019-04-29,23:00-24:00,0.0
第四食堂,2019-04-30,00:00-01:00,0.0
第四食堂,2019-04-30,01:00-02:00,0.0
第四食堂,2019-04-30,02:00-03:00,0.0
第四食堂,2019-04-30,03:00-04:00,0.0
第四食堂,2019-04-30,04:00-05:00,0.0
第四食堂,2019-04-30,05:00-06:00,0.0
第四食堂,2019-04-30,06:00-07:00,0.0
第四食堂,2019-04-30,07:00-08:00,0.0
第四食堂,2019-04-30,08:00-09:00,0.0
第四食堂,2019-04-30,09:00-10:00,0.0
第四食堂,2019-04-30,10:00-11:00,170.0
第四食堂,2019-04-30,11:00-12:00,3177.5
第四食堂,2019-04-30,12:00-13:00,3085.5
第四食堂,2019-04-30,13:00-14:00,139.0
第四食堂,2019-04-30,14:00-15:00,41.0
第四食堂,2019-04-30,15:00-16:00,33.0
第四食堂,2019-04-30,16:00-17:00,345.5
第四食堂,2019-04-30,17:00-18:00,2083.5
第四食堂,2019-04-30,18:00-19:00,3526.9
第四食堂,2019-04-30,19:00-20:00,1300.5
第四食堂,2019-04-30,20:00-21:00,154.0
第四食堂,2019-04-30,21:00-22:00,75.0
第四食堂,2019-04-30,22:00-23:00,15.0
第四食堂,2019-04-30,23:00-24:00,0.0
红太阳超市,2019-04-01,00:00-01:00,0.0
红太阳超市,2019-04-01,01:00-02:00,0.0
红太阳超市,2019-04-01,02:00-03:00,0.0
红太阳超市,2019-04-01,03:00-04:00,0.0
红太阳超市,2019-04-01,04:00-05:00,0.0
红太阳超市,2019-04-01,05:00-06:00,0.0
红太阳超市,2019-04-01,06:00-07:00,0.0
红太阳超市,2019-04-01,07:00-08:00,65.0
红太阳超市,2019-04-01,08:00-09:00,29.5
红太阳超市,2019-04-01,09:00-10:00,128.7
红太阳超市,2019-04-01,10:00-11:00,67.9
红太阳超市,2019-04-01,11:00-12:00,123.5
红太阳超市,2019-04-01,12:00-13:00,188.4
红太阳超市,2019-04-01,13:00-14:00,89.1
红太阳超市,2019-04-01,14:00-15:00,96.3
红太阳超市,2019-04-01,15:00-16:00,35.5
红太阳超市,2019-04-01,16:00-17:00,246.4
红太阳超市,2019-04-01,17:00-18:00,142.8
红太阳超市,2019-04-01,18:00-19:00,302.3
红太阳超市,2019-04-01,19:00-20:00,140.5
红太阳超市,2019-04-01,20:00-21:00,158.0
红太阳超市,2019-04-01,21:00-22:00,245.7
红太阳超市,2019-04-01,22:00-23:00,196.5
红太阳超市,2019-04-01,23:00-24:00,16.6
红太阳超市,2019-04-02,00:00-01:00,0.0
红太阳超市,2019-04-02,01:00-02:00,0.0
红太阳超市,2019-04-02,02:00-03:00,0.0
红太阳超市,2019-04-02,03:00-04:00,0.0
红太阳超市,2019-04-02,04:00-05:00,0.0
红太阳超市,2019-04-02,05:00-06:00,0.0
红太阳超市,2019-04-02,06:00-07:00,0.0
红太阳超市,2019-04-02,07:00-08:00,0.0
红太阳超市,2019-04-02,08:00-09:00,55.5
红太阳超市,2019-04-02,09:00-10:00,23.0
红太阳超市,2019-04-02,10:00-11:00,47.5
红太阳超市,2019-04-02,11:00-12:00,24.5
红太阳超市,2019-04-02,12:00-13:00,219.2
红太阳超市,2019-04-02,13:00-14:00,243.6
红太阳超市,2019-04-02,14:00-15:00,26.2
红太阳超市,2019-04-02,15:00-16:00,72.4
红太阳超市,2019-04-02,16:00-17:00,58.5
红太阳超市,2019-04-02,17:00-18:00,249.3
红太阳超市,2019-04-02,18:00-19:00,134.8
红太阳超市,2019-04-02,19:00-20:00,269.8
红太阳超市,2019-04-02,20:00-21:00,149.0
红太阳超市,2019-04-02,21:00-22:00,79.0
红太阳超市,2019-04-02,22:00-23:00,157.5
红太阳超市,2019-04-02,23:00-24:00,204.3
红太阳超市,2019-04-03,00:00-01:00,0.0
红太阳超市,2019-04-03,01:00-02:00,0.0
红太阳超市,2019-04-03,02:00-03:00,0.0
红太阳超市,2019-04-03,03:00-04:00,0.0
红太阳超市,2019-04-03,04:00-05:00,0.0
红太阳超市,2019-04-03,05:00-06:00,0.0
红太阳超市,2019-04-03,06:00-07:00,0.0
红太阳超市,2019-04-03,07:00-08:00,60.5
红太阳超市,2019-04-03,08:00-09:00,29.3
红太阳超市,2019-04-03,09:00-10:00,14.0
红太阳超市,2019-04-03,10:00-11:00,41.5
红太阳超市,2019-04-03,11:00-12:00,29.0
红太阳超市,2019-04-03,12:00-13:00,161.5
红太阳超市,2019-04-03,13:00-14:00,196.7
红太阳超市,2019-04-03,14:00-15:00,93.5
红太阳超市,2019-04-03,15:00-16:00,139.8
红太阳超市,2019-04-03,16:00-17:00,19.9
红太阳超市,2019-04-03,17:00-18:00,226.6
红太阳超市,2019-04-03,18:00-19:00,158.5
红太阳超市,2019-04-03,19:00-20:00,225.8
红太阳超市,2019-04-03,20:00-21:00,114.4
红太阳超市,2019-04-03,21:00-22:00,34.5
红太阳超市,2019-04-03,22:00-23:00,275.5
红太阳超市,2019-04-03,23:00-24:00,173.5
红太阳超市,2019-04-04,00:00-01:00,0.0
红太阳超市,2019-04-04,01:00-02:00,0.0
红太阳超市,2019-04-04,02:00-03:00,0.0
红太阳超市,2019-04-04,03:00-04:00,0.0
红太阳超市,2019-04-04,04:00-05:00,0.0
红太阳超市,2019-04-04,05:00-06:00,0.0
红太阳超市,2019-04-04,06:00-07:00,0.0
红太阳超市,2019-04-04,07:00-08:00,0.0
红太阳超市,2019-04-04,08:00-09:00,35.5
红太阳超市,2019-04-04,09:00-10:00,15.0
红太阳超市,2019-04-04,10:00-11:00,66.0
红太阳超市,2019-04-04,11:00-12:00,47.5
红太阳超市,2019-04-04,12:00-13:00,137.6
红太阳超市,2019-04-04,13:00-14:00,239.0
红太阳超市,2019-04-04,14:00-15:00,152.5
红太阳超市,2019-04-04,15:00-16:00,106.0
红太阳超市,2019-04-04,16:00-17:00,146.0
红太阳超市,2019-04-04,17:00-18:00,66.8
红太阳超市,2019-04-04,18:00-19:00,227.3
红太阳超市,2019-04-04,19:00-20:00,215.5
红太阳超市,2019-04-04,20:00-21:00,176.5
红太阳超市,2019-04-04,21:00-22:00,39.0
红太阳超市,2019-04-04,22:00-23:00,210.0
红太阳超市,2019-04-04,23:00-24:00,213.8
红太阳超市,2019-04-05,00:00-01:00,0.0
红太阳超市,2019-04-05,01:00-02:00,0.0
红太阳超市,2019-04-05,02:00-03:00,0.0
红太阳超市,2019-04-05,03:00-04:00,0.0
红太阳超市,2019-04-05,04:00-05:00,0.0
红太阳超市,2019-04-05,05:00-06:00,0.0
红太阳超市,2019-04-05,06:00-07:00,0.0
红太阳超市,2019-04-05,07:00-08:00,38.0
红太阳超市,2019-04-05,08:00-09:00,96.0
红太阳超市,2019-04-05,09:00-10:00,51.0
红太阳超市,2019-04-05,10:00-11:00,60.5
红太阳超市,2019-04-05,11:00-12:00,190.5
红太阳超市,2019-04-05,12:00-13:00,526.9
红太阳超市,2019-04-05,13:00-14:00,108.7
红太阳超市,2019-04-05,14:00-15:00,97.0
红太阳超市,2019-04-05,15:00-16:00,48.2
红太阳超市,2019-04-05,16:00-17:00,92.7
红太阳超市,2019-04-05,17:00-18:00,158.5
红太阳超市,2019-04-05,18:00-19:00,299.1
红太阳超市,2019-04-05,19:00-20:00,242.3
红太阳超市,2019-04-05,20:00-21:00,115.5
红太阳超市,2019-04-05,21:00-22:00,154.8
红太阳超市,2019-04-05,22:00-23:00,112.7
红太阳超市,2019-04-05,23:00-24:00,0.0
红太阳超市,2019-04-06,00:00-01:00,0.0
红太阳超市,2019-04-06,01:00-02:00,0.0
红太阳超市,2019-04-06,02:00-03:00,0.0
红太阳超市,2019-04-06,03:00-04:00,0.0
红太阳超市,2019-04-06,04:00-05:00,0.0
红太阳超市,2019-04-06,05:00-06:00,0.0
红太阳超市,2019-04-06,06:00-07:00,0.0
红太阳超市,2019-04-06,07:00-08:00,20.0
红太阳超市,2019-04-06,08:00-09:00,15.2
红太阳超市,2019-04-06,09:00-10:00,65.0
红太阳超市,2019-04-06,10:00-11:00,49.5
红太阳超市,2019-04-06,11:00-12:00,148.0
红太阳超市,2019-04-06,12:00-13:00,180.1
红太阳超市,2019-04-06,13:00-14:00,110.0
红太阳超市,2019-04-06,14:00-15:00,84.6
红太阳超市,2019-04-06,15:00-16:00,45.25
红太阳超市,2019-04-06,16:00-17:00,38.0
红太阳超市,2019-04-06,17:00-18:00,225.0
红太阳超市,2019-04-06,18:00-19:00,221.5
红太阳超市,2019-04-06,19:00-20:00,105.5
红太阳超市,2019-04-06,20:00-21:00,49.0
红太阳超市,2019-04-06,21:00-22:00,124.7
红太阳超市,2019-04-06,22:00-23:00,177.1
红太阳超市,2019-04-06,23:00-24:00,0.0
红太阳超市,2019-04-07,00:00-01:00,0.0
红太阳超市,2019-04-07,01:00-02:00,0.0
红太阳超市,2019-04-07,02:00-03:00,0.0
红太阳超市,2019-04-07,03:00-04:00,0.0
红太阳超市,2019-04-07,04:00-05:00,0.0
红太阳超市,2019-04-07,05:00-06:00,0.0
红太阳超市,2019-04-07,06:00-07:00,0.0
红太阳超市,2019-04-07,07:00-08:00,10.5
红太阳超市,2019-04-07,08:00-09:00,28.1
红太阳超市,2019-04-07,09:00-10:00,77.0
红太阳超市,2019-04-07,10:00-11:00,63.0
红太阳超市,2019-04-07,11:00-12:00,125.9
红太阳超市,2019-04-07,12:00-13:00,360.5
红太阳超市,2019-04-07,13:00-14:00,105.5
红太阳超市,2019-04-07,14:00-15:00,78.5
红太阳超市,2019-04-07,15:00-16:00,38.5
红太阳超市,2019-04-07,16:00-17:00,112.7
红太阳超市,2019-04-07,17:00-18:00,93.7
红太阳超市,2019-04-07,18:00-19:00,88.0
红太阳超市,2019-04-07,19:00-20:00,153.6
红太阳超市,2019-04-07,20:00-21:00,87.0
红太阳超市,2019-04-07,21:00-22:00,72.5
红太阳超市,2019-04-07,22:00-23:00,148.8
红太阳超市,2019-04-07,23:00-24:00,0.0
红太阳超市,2019-04-08,00:00-01:00,18.5
红太阳超市,2019-04-08,01:00-02:00,0.0
红太阳超市,2019-04-08,02:00-03:00,0.0
红太阳超市,2019-04-08,03:00-04:00,0.0
红太阳超市,2019-04-08,04:00-05:00,0.0
红太阳超市,2019-04-08,05:00-06:00,0.0
红太阳超市,2019-04-08,06:00-07:00,0.0
红太阳超市,2019-04-08,07:00-08:00,0.0
红太阳超市,2019-04-08,08:00-09:00,48.0
红太阳超市,2019-04-08,09:00-10:00,126.7
红太阳超市,2019-04-08,10:00-11:00,136.0
红太阳超市,2019-04-08,11:00-12:00,158.0
红太阳超市,2019-04-08,12:00-13:00,219.86
红太阳超市,2019-04-08,13:00-14:00,67.5
红太阳超市,2019-04-08,14:00-15:00,112.1
红太阳超市,2019-04-08,15:00-16:00,23.0
红太阳超市,2019-04-08,16:00-17:00,304.3
红太阳超市,2019-04-08,17:00-18:00,246.1
红太阳超市,2019-04-08,18:00-19:00,335.0
红太阳超市,2019-04-08,19:00-20:00,238.9
红太阳超市,2019-04-08,20:00-21:00,104.4
红太阳超市,2019-04-08,21:00-22:00,249.6
红太阳超市,2019-04-08,22:00-23:00,153.7
红太阳超市,2019-04-08,23:00-24:00,0.0
红太阳超市,2019-04-09,00:00-01:00,0.0
红太阳超市,2019-04-09,01:00-02:00,0.0
红太阳超市,2019-04-09,02:00-03:00,0.0
红太阳超市,2019-04-09,03:00-04:00,0.0
红太阳超市,2019-04-09,04:00-05:00,0.0
红太阳超市,2019-04-09,05:00-06:00,0.0
红太阳超市,2019-04-09,06:00-07:00,7.0
红太阳超市,2019-04-09,07:00-08:00,101.2
红太阳超市,2019-04-09,08:00-09:00,13.5
红太阳超市,2019-04-09,09:00-10:00,81.9
红太阳超市,2019-04-09,10:00-11:00,46.0
红太阳超市,2019-04-09,11:00-12:00,124.8
红太阳超市,2019-04-09,12:00-13:00,114.0
红太阳超市,2019-04-09,13:00-14:00,25.66
红太阳超市,2019-04-09,14:00-15:00,98.5
红太阳超市,2019-04-09,15:00-16:00,33.0
红太阳超市,2019-04-09,16:00-17:00,316.2
红太阳超市,2019-04-09,17:00-18:00,129.8
红太阳超市,2019-04-09,18:00-19:00,185.2
红太阳超市,2019-04-09,19:00-20:00,137.8
红太阳超市,2019-04-09,20:00-21:00,98.3
红太阳超市,2019-04-09,21:00-22:00,333.4
红太阳超市,2019-04-09,22:00-23:00,167.4
红太阳超市,2019-04-09,23:00-24:00,13.0
红太阳超市,2019-04-10,00:00-01:00,0.0
红太阳超市,2019-04-10,01:00-02:00,0.0
红太阳超市,2019-04-10,02:00-03:00,0.0
红太阳超市,2019-04-10,03:00-04:00,0.0
红太阳超市,2019-04-10,04:00-05:00,0.0
红太阳超市,2019-04-10,05:00-06:00,0.0
红太阳超市,2019-04-10,06:00-07:00,0.0
红太阳超市,2019-04-10,07:00-08:00,82.9
红太阳超市,2019-04-10,08:00-09:00,44.0
红太阳超市,2019-04-10,09:00-10:00,54.0
红太阳超市,2019-04-10,10:00-11:00,47.0
红太阳超市,2019-04-10,11:00-12:00,193.69
红太阳超市,2019-04-10,12:00-13:00,274.2
红太阳超市,2019-04-10,13:00-14:00,79.0
红太阳超市,2019-04-10,14:00-15:00,116.0
红太阳超市,2019-04-10,15:00-16:00,74.0
红太阳超市,2019-04-10,16:00-17:00,198.4
红太阳超市,2019-04-10,17:00-18:00,89.2
红太阳超市,2019-04-10,18:00-19:00,316.7
红太阳超市,2019-04-10,19:00-20:00,110.5
红太阳超市,2019-04-10,20:00-21:00,68.4
红太阳超市,2019-04-10,21:00-22:00,328.2
红太阳超市,2019-04-10,22:00-23:00,106.6
红太阳超市,2019-04-10,23:00-24:00,19.5
红太阳超市,2019-04-11,00:00-01:00,0.0
红太阳超市,2019-04-11,01:00-02:00,0.0
红太阳超市,2019-04-11,02:00-03:00,0.0
红太阳超市,2019-04-11,03:00-04:00,0.0
红太阳超市,2019-04-11,04:00-05:00,0.0
红太阳超市,2019-04-11,05:00-06:00,0.0
红太阳超市,2019-04-11,06:00-07:00,0.0
红太阳超市,2019-04-11,07:00-08:00,71.5
红太阳超市,2019-04-11,08:00-09:00,15.0
红太阳超市,2019-04-11,09:00-10:00,114.5
红太阳超市,2019-04-11,10:00-11:00,32.0
红太阳超市,2019-04-11,11:00-12:00,103.5
红太阳超市,2019-04-11,12:00-13:00,205.5
红太阳超市,2019-04-11,13:00-14:00,49.5
红太阳超市,2019-04-11,14:00-15:00,134.0
红太阳超市,2019-04-11,15:00-16:00,79.7
红太阳超市,2019-04-11,16:00-17:00,215.9
红太阳超市,2019-04-11,17:00-18:00,222.2
红太阳超市,2019-04-11,18:00-19:00,269.9
红太阳超市,2019-04-11,19:00-20:00,110.9
红太阳超市,2019-04-11,20:00-21:00,91.8
红太阳超市,2019-04-11,21:00-22:00,206.0
红太阳超市,2019-04-11,22:00-23:00,154.39
红太阳超市,2019-04-11,23:00-24:00,0.0
红太阳超市,2019-04-12,00:00-01:00,0.0
红太阳超市,2019-04-12,01:00-02:00,0.0
红太阳超市,2019-04-12,02:00-03:00,0.0
红太阳超市,2019-04-12,03:00-04:00,0.0
红太阳超市,2019-04-12,04:00-05:00,0.0
红太阳超市,2019-04-12,05:00-06:00,0.0
红太阳超市,2019-04-12,06:00-07:00,3.0
红太阳超市,2019-04-12,07:00-08:00,71.0
红太阳超市,2019-04-12,08:00-09:00,36.5
红太阳超市,2019-04-12,09:00-10:00,87.9
红太阳超市,2019-04-12,10:00-11:00,47.0
红太阳超市,2019-04-12,11:00-12:00,188.2
红太阳超市,2019-04-12,12:00-13:00,150.5
红太阳超市,2019-04-12,13:00-14:00,161.1
红太阳超市,2019-04-12,14:00-15:00,73.5
红太阳超市,2019-04-12,15:00-16:00,78.2
红太阳超市,2019-04-12,16:00-17:00,209.3
红太阳超市,2019-04-12,17:00-18:00,173.0
红太阳超市,2019-04-12,18:00-19:00,202.1
红太阳超市,2019-04-12,19:00-20:00,162.3
红太阳超市,2019-04-12,20:00-21:00,169.0
红太阳超市,2019-04-12,21:00-22:00,200.5
红太阳超市,2019-04-12,22:00-23:00,258.2
红太阳超市,2019-04-12,23:00-24:00,8.5
红太阳超市,2019-04-13,00:00-01:00,0.0
红太阳超市,2019-04-13,01:00-02:00,0.0
红太阳超市,2019-04-13,02:00-03:00,0.0
红太阳超市,2019-04-13,03:00-04:00,0.0
红太阳超市,2019-04-13,04:00-05:00,0.0
红太阳超市,2019-04-13,05:00-06:00,0.0
红太阳超市,2019-04-13,06:00-07:00,0.0
红太阳超市,2019-04-13,07:00-08:00,27.0
红太阳超市,2019-04-13,08:00-09:00,68.0
红太阳超市,2019-04-13,09:00-10:00,134.0
红太阳超市,2019-04-13,10:00-11:00,30.5
红太阳超市,2019-04-13,11:00-12:00,51.3
红太阳超市,2019-04-13,12:00-13:00,140.9
红太阳超市,2019-04-13,13:00-14:00,50.1
红太阳超市,2019-04-13,14:00-15:00,57.0
红太阳超市,2019-04-13,15:00-16:00,105.3
红太阳超市,2019-04-13,16:00-17:00,97.5
红太阳超市,2019-04-13,17:00-18:00,205.3
红太阳超市,2019-04-13,18:00-19:00,197.4
红太阳超市,2019-04-13,19:00-20:00,143.0
红太阳超市,2019-04-13,20:00-21:00,107.0
红太阳超市,2019-04-13,21:00-22:00,73.0
红太阳超市,2019-04-13,22:00-23:00,130.2
红太阳超市,2019-04-13,23:00-24:00,0.0
红太阳超市,2019-04-14,00:00-01:00,0.0
红太阳超市,2019-04-14,01:00-02:00,0.0
红太阳超市,2019-04-14,02:00-03:00,0.0
红太阳超市,2019-04-14,03:00-04:00,0.0
红太阳超市,2019-04-14,04:00-05:00,0.0
红太阳超市,2019-04-14,05:00-06:00,0.0
红太阳超市,2019-04-14,06:00-07:00,0.0
红太阳超市,2019-04-14,07:00-08:00,27.0
红太阳超市,2019-04-14,08:00-09:00,27.0
红太阳超市,2019-04-14,09:00-10:00,12.5
红太阳超市,2019-04-14,10:00-11:00,51.0
红太阳超市,2019-04-14,11:00-12:00,99.5
红太阳超市,2019-04-14,12:00-13:00,194.8
红太阳超市,2019-04-14,13:00-14:00,42.9
红太阳超市,2019-04-14,14:00-15:00,50.5
红太阳超市,2019-04-14,15:00-16:00,104.3
红太阳超市,2019-04-14,16:00-17:00,79.3
红太阳超市,2019-04-14,17:00-18:00,210.7
红太阳超市,2019-04-14,18:00-19:00,169.8
红太阳超市,2019-04-14,19:00-20:00,124.7
红太阳超市,2019-04-14,20:00-21:00,73.5
红太阳超市,2019-04-14,21:00-22:00,171.5
红太阳超市,2019-04-14,22:00-23:00,230.5
红太阳超市,2019-04-14,23:00-24:00,16.0
红太阳超市,2019-04-15,00:00-01:00,0.0
红太阳超市,2019-04-15,01:00-02:00,0.0
红太阳超市,2019-04-15,02:00-03:00,0.0
红太阳超市,2019-04-15,03:00-04:00,0.0
红太阳超市,2019-04-15,04:00-05:00,0.0
红太阳超市,2019-04-15,05:00-06:00,0.0
红太阳超市,2019-04-15,06:00-07:00,0.0
红太阳超市,2019-04-15,07:00-08:00,21.5
红太阳超市,2019-04-15,08:00-09:00,24.5
红太阳超市,2019-04-15,09:00-10:00,88.5
红太阳超市,2019-04-15,10:00-11:00,45.5
红太阳超市,2019-04-15,11:00-12:00,215.5
红太阳超市,2019-04-15,12:00-13:00,208.0
红太阳超市,2019-04-15,13:00-14:00,57.5
红太阳超市,2019-04-15,14:00-15:00,106.5
红太阳超市,2019-04-15,15:00-16:00,23.0
红太阳超市,2019-04-15,16:00-17:00,475.7
红太阳超市,2019-04-15,17:00-18:00,186.5
红太阳超市,2019-04-15,18:00-19:00,262.5
红太阳超市,2019-04-15,19:00-20:00,206.2
红太阳超市,2019-04-15,20:00-21:00,87.3
红太阳超市,2019-04-15,21:00-22:00,297.8
红太阳超市,2019-04-15,22:00-23:00,124.0
红太阳超市,2019-04-15,23:00-24:00,0.0
红太阳超市,2019-04-16,00:00-01:00,0.0
红太阳超市,2019-04-16,01:00-02:00,0.0
红太阳超市,2019-04-16,02:00-03:00,0.0
红太阳超市,2019-04-16,03:00-04:00,0.0
红太阳超市,2019-04-16,04:00-05:00,0.0
红太阳超市,2019-04-16,05:00-06:00,0.0
红太阳超市,2019-04-16,06:00-07:00,0.0
红太阳超市,2019-04-16,07:00-08:00,95.0
红太阳超市,2019-04-16,08:00-09:00,32.5
红太阳超市,2019-04-16,09:00-10:00,92.0
红太阳超市,2019-04-16,10:00-11:00,33.5
红太阳超市,2019-04-16,11:00-12:00,217.3
红太阳超市,2019-04-16,12:00-13:00,236.9
红太阳超市,2019-04-16,13:00-14:00,116.5
红太阳超市,2019-04-16,14:00-15:00,142.5
红太阳超市,2019-04-16,15:00-16:00,69.0
红太阳超市,2019-04-16,16:00-17:00,542.8
红太阳超市,2019-04-16,17:00-18:00,164.1
红太阳超市,2019-04-16,18:00-19:00,230.4
红太阳超市,2019-04-16,19:00-20:00,134.0
红太阳超市,2019-04-16,20:00-21:00,88.8
红太阳超市,2019-04-16,21:00-22:00,180.3
红太阳超市,2019-04-16,22:00-23:00,243.8
红太阳超市,2019-04-16,23:00-24:00,0.0
红太阳超市,2019-04-17,00:00-01:00,0.0
红太阳超市,2019-04-17,01:00-02:00,0.0
红太阳超市,2019-04-17,02:00-03:00,0.0
红太阳超市,2019-04-17,03:00-04:00,0.0
红太阳超市,2019-04-17,04:00-05:00,0.0
红太阳超市,2019-04-17,05:00-06:00,0.0
红太阳超市,2019-04-17,06:00-07:00,0.0
红太阳超市,2019-04-17,07:00-08:00,58.0
红太阳超市,2019-04-17,08:00-09:00,44.5
红太阳超市,2019-04-17,09:00-10:00,74.5
红太阳超市,2019-04-17,10:00-11:00,33.1
红太阳超市,2019-04-17,11:00-12:00,149.5
红太阳超市,2019-04-17,12:00-13:00,250.1
红太阳超市,2019-04-17,13:00-14:00,106.1
红太阳超市,2019-04-17,14:00-15:00,196.0
红太阳超市,2019-04-17,15:00-16:00,71.1
红太阳超市,2019-04-17,16:00-17:00,234.8
红太阳超市,2019-04-17,17:00-18:00,178.02
红太阳超市,2019-04-17,18:00-19:00,186.2
红太阳超市,2019-04-17,19:00-20:00,103.0
红太阳超市,2019-04-17,20:00-21:00,120.0
红太阳超市,2019-04-17,21:00-22:00,319.5
红太阳超市,2019-04-17,22:00-23:00,118.5
红太阳超市,2019-04-17,23:00-24:00,2.0
红太阳超市,2019-04-18,00:00-01:00,0.0
红太阳超市,2019-04-18,01:00-02:00,0.0
红太阳超市,2019-04-18,02:00-03:00,0.0
红太阳超市,2019-04-18,03:00-04:00,0.0
红太阳超市,2019-04-18,04:00-05:00,0.0
红太阳超市,2019-04-18,05:00-06:00,0.0
红太阳超市,2019-04-18,06:00-07:00,0.0
红太阳超市,2019-04-18,07:00-08:00,69.5
红太阳超市,2019-04-18,08:00-09:00,16.5
红太阳超市,2019-04-18,09:00-10:00,74.0
红太阳超市,2019-04-18,10:00-11:00,103.6
红太阳超市,2019-04-18,11:00-12:00,131.33
红太阳超市,2019-04-18,12:00-13:00,118.3
红太阳超市,2019-04-18,13:00-14:00,85.0
红太阳超市,2019-04-18,14:00-15:00,86.0
红太阳超市,2019-04-18,15:00-16:00,124.0
红太阳超市,2019-04-18,16:00-17:00,99.7
红太阳超市,2019-04-18,17:00-18:00,165.5
红太阳超市,2019-04-18,18:00-19:00,183.7
红太阳超市,2019-04-18,19:00-20:00,117.15
红太阳超市,2019-04-18,20:00-21:00,128.5
红太阳超市,2019-04-18,21:00-22:00,248.0
红太阳超市,2019-04-18,22:00-23:00,304.0
红太阳超市,2019-04-18,23:00-24:00,0.0
红太阳超市,2019-04-19,00:00-01:00,0.0
红太阳超市,2019-04-19,01:00-02:00,0.0
红太阳超市,2019-04-19,02:00-03:00,0.0
红太阳超市,2019-04-19,03:00-04:00,0.0
红太阳超市,2019-04-19,04:00-05:00,0.0
红太阳超市,2019-04-19,05:00-06:00,0.0
红太阳超市,2019-04-19,06:00-07:00,0.0
红太阳超市,2019-04-19,07:00-08:00,49.6
红太阳超市,2019-04-19,08:00-09:00,50.5
红太阳超市,2019-04-19,09:00-10:00,97.0
红太阳超市,2019-04-19,10:00-11:00,56.5
红太阳超市,2019-04-19,11:00-12:00,175.9
红太阳超市,2019-04-19,12:00-13:00,235.5
红太阳超市,2019-04-19,13:00-14:00,91.5
红太阳超市,2019-04-19,14:00-15:00,79.5
红太阳超市,2019-04-19,15:00-16:00,51.0
红太阳超市,2019-04-19,16:00-17:00,229.5
红太阳超市,2019-04-19,17:00-18:00,221.0
红太阳超市,2019-04-19,18:00-19:00,248.8
红太阳超市,2019-04-19,19:00-20:00,204.1
红太阳超市,2019-04-19,20:00-21:00,70.0
红太阳超市,2019-04-19,21:00-22:00,128.55
红太阳超市,2019-04-19,22:00-23:00,192.9
红太阳超市,2019-04-19,23:00-24:00,0.0
红太阳超市,2019-04-20,00:00-01:00,0.0
红太阳超市,2019-04-20,01:00-02:00,0.0
红太阳超市,2019-04-20,02:00-03:00,0.0
红太阳超市,2019-04-20,03:00-04:00,0.0
红太阳超市,2019-04-20,04:00-05:00,0.0
红太阳超市,2019-04-20,05:00-06:00,0.0
红太阳超市,2019-04-20,06:00-07:00,8.5
红太阳超市,2019-04-20,07:00-08:00,38.5
红太阳超市,2019-04-20,08:00-09:00,28.0
红太阳超市,2019-04-20,09:00-10:00,78.5
红太阳超市,2019-04-20,10:00-11:00,84.0
红太阳超市,2019-04-20,11:00-12:00,88.0
红太阳超市,2019-04-20,12:00-13:00,214.0
红太阳超市,2019-04-20,13:00-14:00,97.5
红太阳超市,2019-04-20,14:00-15:00,75.5
红太阳超市,2019-04-20,15:00-16:00,89.3
红太阳超市,2019-04-20,16:00-17:00,48.7
红太阳超市,2019-04-20,17:00-18:00,88.0
红太阳超市,2019-04-20,18:00-19:00,132.5
红太阳超市,2019-04-20,19:00-20:00,164.7
红太阳超市,2019-04-20,20:00-21:00,94.9
红太阳超市,2019-04-20,21:00-22:00,161.5
红太阳超市,2019-04-20,22:00-23:00,166.5
红太阳超市,2019-04-20,23:00-24:00,9.5
红太阳超市,2019-04-21,00:00-01:00,0.0
红太阳超市,2019-04-21,01:00-02:00,0.0
红太阳超市,2019-04-21,02:00-03:00,0.0
红太阳超市,2019-04-21,03:00-04:00,0.0
红太阳超市,2019-04-21,04:00-05:00,0.0
红太阳超市,2019-04-21,05:00-06:00,0.0
红太阳超市,2019-04-21,06:00-07:00,0.0
红太阳超市,2019-04-21,07:00-08:00,8.5
红太阳超市,2019-04-21,08:00-09:00,48.5
红太阳超市,2019-04-21,09:00-10:00,33.5
红太阳超市,2019-04-21,10:00-11:00,34.5
红太阳超市,2019-04-21,11:00-12:00,101.5
红太阳超市,2019-04-21,12:00-13:00,204.0
红太阳超市,2019-04-21,13:00-14:00,81.6
红太阳超市,2019-04-21,14:00-15:00,87.0
红太阳超市,2019-04-21,15:00-16:00,45.0
红太阳超市,2019-04-21,16:00-17:00,58.8
红太阳超市,2019-04-21,17:00-18:00,88.8
红太阳超市,2019-04-21,18:00-19:00,235.8
红太阳超市,2019-04-21,19:00-20:00,131.5
红太阳超市,2019-04-21,20:00-21:00,57.9
红太阳超市,2019-04-21,21:00-22:00,142.0
红太阳超市,2019-04-21,22:00-23:00,69.5
红太阳超市,2019-04-21,23:00-24:00,0.0
红太阳超市,2019-04-22,00:00-01:00,0.0
红太阳超市,2019-04-22,01:00-02:00,0.0
红太阳超市,2019-04-22,02:00-03:00,0.0
红太阳超市,2019-04-22,03:00-04:00,0.0
红太阳超市,2019-04-22,04:00-05:00,0.0
红太阳超市,2019-04-22,05:00-06:00,0.0
红太阳超市,2019-04-22,06:00-07:00,0.0
红太阳超市,2019-04-22,07:00-08:00,45.0
红太阳超市,2019-04-22,08:00-09:00,2.0
红太阳超市,2019-04-22,09:00-10:00,102.9
红太阳超市,2019-04-22,10:00-11:00,53.9
红太阳超市,2019-04-22,11:00-12:00,153.5
红太阳超市,2019-04-22,12:00-13:00,132.3
红太阳超市,2019-04-22,13:00-14:00,34.0
红太阳超市,2019-04-22,14:00-15:00,45.0
红太阳超市,2019-04-22,15:00-16:00,63.9
红太阳超市,2019-04-22,16:00-17:00,287.9
红太阳超市,2019-04-22,17:00-18:00,133.0
红太阳超市,2019-04-22,18:00-19:00,217.7
红太阳超市,2019-04-22,19:00-20:00,111.2
红太阳超市,2019-04-22,20:00-21:00,159.5
红太阳超市,2019-04-22,21:00-22:00,251.0
红太阳超市,2019-04-22,22:00-23:00,222.1
红太阳超市,2019-04-22,23:00-24:00,0.0
红太阳超市,2019-04-23,00:00-01:00,0.0
红太阳超市,2019-04-23,01:00-02:00,0.0
红太阳超市,2019-04-23,02:00-03:00,0.0
红太阳超市,2019-04-23,03:00-04:00,0.0
红太阳超市,2019-04-23,04:00-05:00,0.0
红太阳超市,2019-04-23,05:00-06:00,0.0
红太阳超市,2019-04-23,06:00-07:00,3.5
红太阳超市,2019-04-23,07:00-08:00,85.0
红太阳超市,2019-04-23,08:00-09:00,10.5
红太阳超市,2019-04-23,09:00-10:00,74.7
红太阳超市,2019-04-23,10:00-11:00,57.4
红太阳超市,2019-04-23,11:00-12:00,147.3
红太阳超市,2019-04-23,12:00-13:00,98.5
红太阳超市,2019-04-23,13:00-14:00,38.2
红太阳超市,2019-04-23,14:00-15:00,55.2
红太阳超市,2019-04-23,15:00-16:00,39.0
红太阳超市,2019-04-23,16:00-17:00,223.8
红太阳超市,2019-04-23,17:00-18:00,139.8
红太阳超市,2019-04-23,18:00-19:00,244.7
红太阳超市,2019-04-23,19:00-20:00,102.0
红太阳超市,2019-04-23,20:00-21:00,60.0
红太阳超市,2019-04-23,21:00-22:00,124.9
红太阳超市,2019-04-23,22:00-23:00,147.0
红太阳超市,2019-04-23,23:00-24:00,5.0
红太阳超市,2019-04-24,00:00-01:00,0.0
红太阳超市,2019-04-24,01:00-02:00,0.0
红太阳超市,2019-04-24,02:00-03:00,0.0
红太阳超市,2019-04-24,03:00-04:00,0.0
红太阳超市,2019-04-24,04:00-05:00,0.0
红太阳超市,2019-04-24,05:00-06:00,0.0
红太阳超市,2019-04-24,06:00-07:00,0.0
红太阳超市,2019-04-24,07:00-08:00,42.0
红太阳超市,2019-04-24,08:00-09:00,29.3
红太阳超市,2019-04-24,09:00-10:00,104.5
红太阳超市,2019-04-24,10:00-11:00,37.0
红太阳超市,2019-04-24,11:00-12:00,128.3
红太阳超市,2019-04-24,12:00-13:00,212.1
红太阳超市,2019-04-24,13:00-14:00,72.2
红太阳超市,2019-04-24,14:00-15:00,94.0
红太阳超市,2019-04-24,15:00-16:00,102.0
红太阳超市,2019-04-24,16:00-17:00,231.9
红太阳超市,2019-04-24,17:00-18:00,82.4
红太阳超市,2019-04-24,18:00-19:00,165.7
红太阳超市,2019-04-24,19:00-20:00,149.1
红太阳超市,2019-04-24,20:00-21:00,57.5
红太阳超市,2019-04-24,21:00-22:00,319.0
红太阳超市,2019-04-24,22:00-23:00,162.3
红太阳超市,2019-04-24,23:00-24:00,0.0
红太阳超市,2019-04-25,00:00-01:00,0.0
红太阳超市,2019-04-25,01:00-02:00,0.0
红太阳超市,2019-04-25,02:00-03:00,0.0
红太阳超市,2019-04-25,03:00-04:00,0.0
红太阳超市,2019-04-25,04:00-05:00,0.0
红太阳超市,2019-04-25,05:00-06:00,0.0
红太阳超市,2019-04-25,06:00-07:00,0.0
红太阳超市,2019-04-25,07:00-08:00,31.5
红太阳超市,2019-04-25,08:00-09:00,47.0
红太阳超市,2019-04-25,09:00-10:00,123.0
红太阳超市,2019-04-25,10:00-11:00,104.9
红太阳超市,2019-04-25,11:00-12:00,151.3
红太阳超市,2019-04-25,12:00-13:00,308.8
红太阳超市,2019-04-25,13:00-14:00,75.8
红太阳超市,2019-04-25,14:00-15:00,80.2
红太阳超市,2019-04-25,15:00-16:00,70.0
红太阳超市,2019-04-25,16:00-17:00,168.7
红太阳超市,2019-04-25,17:00-18:00,188.6
红太阳超市,2019-04-25,18:00-19:00,211.4
红太阳超市,2019-04-25,19:00-20:00,110.2
红太阳超市,2019-04-25,20:00-21:00,88.5
红太阳超市,2019-04-25,21:00-22:00,135.5
红太阳超市,2019-04-25,22:00-23:00,107.5
红太阳超市,2019-04-25,23:00-24:00,3.0
红太阳超市,2019-04-26,00:00-01:00,0.0
红太阳超市,2019-04-26,01:00-02:00,0.0
红太阳超市,2019-04-26,02:00-03:00,0.0
红太阳超市,2019-04-26,03:00-04:00,0.0
红太阳超市,2019-04-26,04:00-05:00,0.0
红太阳超市,2019-04-26,05:00-06:00,0.0
红太阳超市,2019-04-26,06:00-07:00,0.0
红太阳超市,2019-04-26,07:00-08:00,27.0
红太阳超市,2019-04-26,08:00-09:00,29.5
红太阳超市,2019-04-26,09:00-10:00,62.5
红太阳超市,2019-04-26,10:00-11:00,46.2
红太阳超市,2019-04-26,11:00-12:00,143.5
红太阳超市,2019-04-26,12:00-13:00,200.4
红太阳超市,2019-04-26,13:00-14:00,72.2
红太阳超市,2019-04-26,14:00-15:00,73.0
红太阳超市,2019-04-26,15:00-16:00,105.5
红太阳超市,2019-04-26,16:00-17:00,235.5
红太阳超市,2019-04-26,17:00-18:00,145.0
红太阳超市,2019-04-26,18:00-19:00,100.8
红太阳超市,2019-04-26,19:00-20:00,187.0
红太阳超市,2019-04-26,20:00-21:00,126.5
红太阳超市,2019-04-26,21:00-22:00,111.2
红太阳超市,2019-04-26,22:00-23:00,189.3
红太阳超市,2019-04-26,23:00-24:00,0.0
红太阳超市,2019-04-27,00:00-01:00,0.0
红太阳超市,2019-04-27,01:00-02:00,0.0
红太阳超市,2019-04-27,02:00-03:00,0.0
红太阳超市,2019-04-27,03:00-04:00,0.0
红太阳超市,2019-04-27,04:00-05:00,0.0
红太阳超市,2019-04-27,05:00-06:00,0.0
红太阳超市,2019-04-27,06:00-07:00,0.0
红太阳超市,2019-04-27,07:00-08:00,33.5
红太阳超市,2019-04-27,08:00-09:00,8.0
红太阳超市,2019-04-27,09:00-10:00,74.5
红太阳超市,2019-04-27,10:00-11:00,65.0
红太阳超市,2019-04-27,11:00-12:00,135.0
红太阳超市,2019-04-27,12:00-13:00,248.0
红太阳超市,2019-04-27,13:00-14:00,65.0
红太阳超市,2019-04-27,14:00-15:00,44.9
红太阳超市,2019-04-27,15:00-16:00,38.0
红太阳超市,2019-04-27,16:00-17:00,59.4
红太阳超市,2019-04-27,17:00-18:00,84.2
红太阳超市,2019-04-27,18:00-19:00,177.5
红太阳超市,2019-04-27,19:00-20:00,232.3
红太阳超市,2019-04-27,20:00-21:00,86.0
红太阳超市,2019-04-27,21:00-22:00,49.8
红太阳超市,2019-04-27,22:00-23:00,137.3
红太阳超市,2019-04-27,23:00-24:00,4.5
红太阳超市,2019-04-28,00:00-01:00,0.0
红太阳超市,2019-04-28,01:00-02:00,0.0
红太阳超市,2019-04-28,02:00-03:00,0.0
红太阳超市,2019-04-28,03:00-04:00,0.0
红太阳超市,2019-04-28,04:00-05:00,0.0
红太阳超市,2019-04-28,05:00-06:00,0.0
红太阳超市,2019-04-28,06:00-07:00,0.0
红太阳超市,2019-04-28,07:00-08:00,0.0
红太阳超市,2019-04-28,08:00-09:00,0.0
红太阳超市,2019-04-28,09:00-10:00,0.0
红太阳超市,2019-04-28,10:00-11:00,0.0
红太阳超市,2019-04-28,11:00-12:00,0.0
红太阳超市,2019-04-28,12:00-13:00,0.0
红太阳超市,2019-04-28,13:00-14:00,0.0
红太阳超市,2019-04-28,14:00-15:00,0.0
红太阳超市,2019-04-28,15:00-16:00,0.0
红太阳超市,2019-04-28,16:00-17:00,0.0
红太阳超市,2019-04-28,17:00-18:00,0.0
红太阳超市,2019-04-28,18:00-19:00,0.0
红太阳超市,2019-04-28,19:00-20:00,0.0
红太阳超市,2019-04-28,20:00-21:00,0.0
红太阳超市,2019-04-28,21:00-22:00,0.0
红太阳超市,2019-04-28,22:00-23:00,0.0
红太阳超市,2019-04-28,23:00-24:00,0.0
红太阳超市,2019-04-29,00:00-01:00,0.0
红太阳超市,2019-04-29,01:00-02:00,0.0
红太阳超市,2019-04-29,02:00-03:00,0.0
红太阳超市,2019-04-29,03:00-04:00,0.0
红太阳超市,2019-04-29,04:00-05:00,0.0
红太阳超市,2019-04-29,05:00-06:00,0.0
红太阳超市,2019-04-29,06:00-07:00,0.0
红太阳超市,2019-04-29,07:00-08:00,0.0
红太阳超市,2019-04-29,08:00-09:00,4.0
红太阳超市,2019-04-29,09:00-10:00,47.5
红太阳超市,2019-04-29,10:00-11:00,39.0
红太阳超市,2019-04-29,11:00-12:00,43.5
红太阳超市,2019-04-29,12:00-13:00,76.8
红太阳超市,2019-04-29,13:00-14:00,193.3
红太阳超市,2019-04-29,14:00-15:00,69.0
红太阳超市,2019-04-29,15:00-16:00,48.9
红太阳超市,2019-04-29,16:00-17:00,47.5
红太阳超市,2019-04-29,17:00-18:00,28.5
红太阳超市,2019-04-29,18:00-19:00,151.0
红太阳超市,2019-04-29,19:00-20:00,258.9
红太阳超市,2019-04-29,20:00-21:00,216.41
红太阳超市,2019-04-29,21:00-22:00,179.4
红太阳超市,2019-04-29,22:00-23:00,118.9
红太阳超市,2019-04-29,23:00-24:00,199.9
红太阳超市,2019-04-30,00:00-01:00,0.0
红太阳超市,2019-04-30,01:00-02:00,0.0
红太阳超市,2019-04-30,02:00-03:00,0.0
红太阳超市,2019-04-30,03:00-04:00,0.0
红太阳超市,2019-04-30,04:00-05:00,0.0
红太阳超市,2019-04-30,05:00-06:00,0.0
红太阳超市,2019-04-30,06:00-07:00,0.0
红太阳超市,2019-04-30,07:00-08:00,0.0
红太阳超市,2019-04-30,08:00-09:00,7.0
红太阳超市,2019-04-30,09:00-10:00,109.0
红太阳超市,2019-04-30,10:00-11:00,13.5
红太阳超市,2019-04-30,11:00-12:00,40.0
红太阳超市,2019-04-30,12:00-13:00,176.1
红太阳超市,2019-04-30,13:00-14:00,165.0
红太阳超市,2019-04-30,14:00-15:00,42.5
红太阳超市,2019-04-30,15:00-16:00,115.6
红太阳超市,2019-04-30,16:00-17:00,87.0
红太阳超市,2019-04-30,17:00-18:00,64.5
红太阳超市,2019-04-30,18:00-19:00,153.8
红太阳超市,2019-04-30,19:00-20:00,277.76
红太阳超市,2019-04-30,20:00-21:00,263.6
红太阳超市,2019-04-30,21:00-22:00,80.0
红太阳超市,2019-04-30,22:00-23:00,177.6
红太阳超市,2019-04-30,23:00-24:00,150.5
自然科学书库,2019-04-01,00:00-01:00,0.0
自然科学书库,2019-04-01,01:00-02:00,0.0
自然科学书库,2019-04-01,02:00-03:00,0.0
自然科学书库,2019-04-01,03:00-04:00,0.0
自然科学书库,2019-04-01,04:00-05:00,0.0
自然科学书库,2019-04-01,05:00-06:00,0.0
自然科学书库,2019-04-01,06:00-07:00,0.0
自然科学书库,2019-04-01,07:00-08:00,0.0
自然科学书库,2019-04-01,08:00-09:00,0.0
自然科学书库,2019-04-01,09:00-10:00,0.0
自然科学书库,2019-04-01,10:00-11:00,0.0
自然科学书库,2019-04-01,11:00-12:00,1.2
自然科学书库,2019-04-01,12:00-13:00,1.2
自然科学书库,2019-04-01,13:00-14:00,0.0
自然科学书库,2019-04-01,14:00-15:00,0.0
自然科学书库,2019-04-01,15:00-16:00,1.8
自然科学书库,2019-04-01,16:00-17:00,0.0
自然科学书库,2019-04-01,17:00-18:00,2.9
自然科学书库,2019-04-01,18:00-19:00,0.0
自然科学书库,2019-04-01,19:00-20:00,0.0
自然科学书库,2019-04-01,20:00-21:00,0.0
自然科学书库,2019-04-01,21:00-22:00,0.0
自然科学书库,2019-04-01,22:00-23:00,0.0
自然科学书库,2019-04-01,23:00-24:00,0.0
自然科学书库,2019-04-02,00:00-01:00,0.0
自然科学书库,2019-04-02,01:00-02:00,0.0
自然科学书库,2019-04-02,02:00-03:00,0.0
自然科学书库,2019-04-02,03:00-04:00,0.0
自然科学书库,2019-04-02,04:00-05:00,0.0
自然科学书库,2019-04-02,05:00-06:00,0.0
自然科学书库,2019-04-02,06:00-07:00,0.0
自然科学书库,2019-04-02,07:00-08:00,0.0
自然科学书库,2019-04-02,08:00-09:00,0.0
自然科学书库,2019-04-02,09:00-10:00,0.0
自然科学书库,2019-04-02,10:00-11:00,0.4
自然科学书库,2019-04-02,11:00-12:00,0.0
自然科学书库,2019-04-02,12:00-13:00,0.0
自然科学书库,2019-04-02,13:00-14:00,0.0
自然科学书库,2019-04-02,14:00-15:00,1.5
自然科学书库,2019-04-02,15:00-16:00,1.9
自然科学书库,2019-04-02,16:00-17:00,1.8
自然科学书库,2019-04-02,17:00-18:00,0.1
自然科学书库,2019-04-02,18:00-19:00,0.0
自然科学书库,2019-04-02,19:00-20:00,0.0
自然科学书库,2019-04-02,20:00-21:00,0.0
自然科学书库,2019-04-02,21:00-22:00,0.0
自然科学书库,2019-04-02,22:00-23:00,0.0
自然科学书库,2019-04-02,23:00-24:00,0.0
自然科学书库,2019-04-03,00:00-01:00,0.0
自然科学书库,2019-04-03,01:00-02:00,0.0
自然科学书库,2019-04-03,02:00-03:00,0.0
自然科学书库,2019-04-03,03:00-04:00,0.0
自然科学书库,2019-04-03,04:00-05:00,0.0
自然科学书库,2019-04-03,05:00-06:00,0.0
自然科学书库,2019-04-03,06:00-07:00,0.0
自然科学书库,2019-04-03,07:00-08:00,0.0
自然科学书库,2019-04-03,08:00-09:00,0.0
自然科学书库,2019-04-03,09:00-10:00,0.0
自然科学书库,2019-04-03,10:00-11:00,0.0
自然科学书库,2019-04-03,11:00-12:00,0.5
自然科学书库,2019-04-03,12:00-13:00,0.0
自然科学书库,2019-04-03,13:00-14:00,0.0
自然科学书库,2019-04-03,14:00-15:00,0.0
自然科学书库,2019-04-03,15:00-16:00,0.2
自然科学书库,2019-04-03,16:00-17:00,5.1
自然科学书库,2019-04-03,17:00-18:00,20.2
自然科学书库,2019-04-03,18:00-19:00,0.6
自然科学书库,2019-04-03,19:00-20:00,0.0
自然科学书库,2019-04-03,20:00-21:00,0.0
自然科学书库,2019-04-03,21:00-22:00,0.0
自然科学书库,2019-04-03,22:00-23:00,0.0
自然科学书库,2019-04-03,23:00-24:00,0.0
自然科学书库,2019-04-04,00:00-01:00,0.0
自然科学书库,2019-04-04,01:00-02:00,0.0
自然科学书库,2019-04-04,02:00-03:00,0.0
自然科学书库,2019-04-04,03:00-04:00,0.0
自然科学书库,2019-04-04,04:00-05:00,0.0
自然科学书库,2019-04-04,05:00-06:00,0.0
自然科学书库,2019-04-04,06:00-07:00,0.0
自然科学书库,2019-04-04,07:00-08:00,0.0
自然科学书库,2019-04-04,08:00-09:00,0.0
自然科学书库,2019-04-04,09:00-10:00,2.6
自然科学书库,2019-04-04,10:00-11:00,1.4
自然科学书库,2019-04-04,11:00-12:00,0.0
自然科学书库,2019-04-04,12:00-13:00,0.0
自然科学书库,2019-04-04,13:00-14:00,0.0
自然科学书库,2019-04-04,14:00-15:00,0.0
自然科学书库,2019-04-04,15:00-16:00,1.9
自然科学书库,2019-04-04,16:00-17:00,1.0
自然科学书库,2019-04-04,17:00-18:00,3.1
自然科学书库,2019-04-04,18:00-19:00,0.0
自然科学书库,2019-04-04,19:00-20:00,0.0
自然科学书库,2019-04-04,20:00-21:00,0.0
自然科学书库,2019-04-04,21:00-22:00,0.0
自然科学书库,2019-04-04,22:00-23:00,0.0
自然科学书库,2019-04-04,23:00-24:00,0.0
自然科学书库,2019-04-05,00:00-01:00,0.0
自然科学书库,2019-04-05,01:00-02:00,0.0
自然科学书库,2019-04-05,02:00-03:00,0.0
自然科学书库,2019-04-05,03:00-04:00,0.0
自然科学书库,2019-04-05,04:00-05:00,0.0
自然科学书库,2019-04-05,05:00-06:00,0.0
自然科学书库,2019-04-05,06:00-07:00,0.0
自然科学书库,2019-04-05,07:00-08:00,0.0
自然科学书库,2019-04-05,08:00-09:00,0.0
自然科学书库,2019-04-05,09:00-10:00,0.0
自然科学书库,2019-04-05,10:00-11:00,0.0
自然科学书库,2019-04-05,11:00-12:00,0.0
自然科学书库,2019-04-05,12:00-13:00,0.0
自然科学书库,2019-04-05,13:00-14:00,0.0
自然科学书库,2019-04-05,14:00-15:00,0.0
自然科学书库,2019-04-05,15:00-16:00,0.0
自然科学书库,2019-04-05,16:00-17:00,0.0
自然科学书库,2019-04-05,17:00-18:00,0.0
自然科学书库,2019-04-05,18:00-19:00,0.0
自然科学书库,2019-04-05,19:00-20:00,0.0
自然科学书库,2019-04-05,20:00-21:00,0.0
自然科学书库,2019-04-05,21:00-22:00,0.0
自然科学书库,2019-04-05,22:00-23:00,0.0
自然科学书库,2019-04-05,23:00-24:00,0.0
自然科学书库,2019-04-06,00:00-01:00,0.0
自然科学书库,2019-04-06,01:00-02:00,0.0
自然科学书库,2019-04-06,02:00-03:00,0.0
自然科学书库,2019-04-06,03:00-04:00,0.0
自然科学书库,2019-04-06,04:00-05:00,0.0
自然科学书库,2019-04-06,05:00-06:00,0.0
自然科学书库,2019-04-06,06:00-07:00,0.0
自然科学书库,2019-04-06,07:00-08:00,0.0
自然科学书库,2019-04-06,08:00-09:00,0.0
自然科学书库,2019-04-06,09:00-10:00,0.0
自然科学书库,2019-04-06,10:00-11:00,0.0
自然科学书库,2019-04-06,11:00-12:00,0.0
自然科学书库,2019-04-06,12:00-13:00,0.0
自然科学书库,2019-04-06,13:00-14:00,0.0
自然科学书库,2019-04-06,14:00-15:00,0.0
自然科学书库,2019-04-06,15:00-16:00,0.0
自然科学书库,2019-04-06,16:00-17:00,0.0
自然科学书库,2019-04-06,17:00-18:00,0.0
自然科学书库,2019-04-06,18:00-19:00,0.0
自然科学书库,2019-04-06,19:00-20:00,0.0
自然科学书库,2019-04-06,20:00-21:00,0.0
自然科学书库,2019-04-06,21:00-22:00,0.0
自然科学书库,2019-04-06,22:00-23:00,0.0
自然科学书库,2019-04-06,23:00-24:00,0.0
自然科学书库,2019-04-07,00:00-01:00,0.0
自然科学书库,2019-04-07,01:00-02:00,0.0
自然科学书库,2019-04-07,02:00-03:00,0.0
自然科学书库,2019-04-07,03:00-04:00,0.0
自然科学书库,2019-04-07,04:00-05:00,0.0
自然科学书库,2019-04-07,05:00-06:00,0.0
自然科学书库,2019-04-07,06:00-07:00,0.0
自然科学书库,2019-04-07,07:00-08:00,0.0
自然科学书库,2019-04-07,08:00-09:00,0.0
自然科学书库,2019-04-07,09:00-10:00,0.0
自然科学书库,2019-04-07,10:00-11:00,0.0
自然科学书库,2019-04-07,11:00-12:00,0.0
自然科学书库,2019-04-07,12:00-13:00,0.0
自然科学书库,2019-04-07,13:00-14:00,0.0
自然科学书库,2019-04-07,14:00-15:00,0.0
自然科学书库,2019-04-07,15:00-16:00,0.0
自然科学书库,2019-04-07,16:00-17:00,0.0
自然科学书库,2019-04-07,17:00-18:00,0.0
自然科学书库,2019-04-07,18:00-19:00,0.0
自然科学书库,2019-04-07,19:00-20:00,0.0
自然科学书库,2019-04-07,20:00-21:00,0.0
自然科学书库,2019-04-07,21:00-22:00,0.0
自然科学书库,2019-04-07,22:00-23:00,0.0
自然科学书库,2019-04-07,23:00-24:00,0.0
自然科学书库,2019-04-08,00:00-01:00,0.0
自然科学书库,2019-04-08,01:00-02:00,0.0
自然科学书库,2019-04-08,02:00-03:00,0.0
自然科学书库,2019-04-08,03:00-04:00,0.0
自然科学书库,2019-04-08,04:00-05:00,0.0
自然科学书库,2019-04-08,05:00-06:00,0.0
自然科学书库,2019-04-08,06:00-07:00,0.0
自然科学书库,2019-04-08,07:00-08:00,0.0
自然科学书库,2019-04-08,08:00-09:00,0.0
自然科学书库,2019-04-08,09:00-10:00,3.1
自然科学书库,2019-04-08,10:00-11:00,12.2
自然科学书库,2019-04-08,11:00-12:00,0.0
自然科学书库,2019-04-08,12:00-13:00,0.0
自然科学书库,2019-04-08,13:00-14:00,0.0
自然科学书库,2019-04-08,14:00-15:00,0.0
自然科学书库,2019-04-08,15:00-16:00,0.0
自然科学书库,2019-04-08,16:00-17:00,3.8
自然科学书库,2019-04-08,17:00-18:00,3.1
自然科学书库,2019-04-08,18:00-19:00,0.0
自然科学书库,2019-04-08,19:00-20:00,0.0
自然科学书库,2019-04-08,20:00-21:00,0.0
自然科学书库,2019-04-08,21:00-22:00,0.0
自然科学书库,2019-04-08,22:00-23:00,0.0
自然科学书库,2019-04-08,23:00-24:00,0.0
自然科学书库,2019-04-09,00:00-01:00,0.0
自然科学书库,2019-04-09,01:00-02:00,0.0
自然科学书库,2019-04-09,02:00-03:00,0.0
自然科学书库,2019-04-09,03:00-04:00,0.0
自然科学书库,2019-04-09,04:00-05:00,0.0
自然科学书库,2019-04-09,05:00-06:00,0.0
自然科学书库,2019-04-09,06:00-07:00,0.0
自然科学书库,2019-04-09,07:00-08:00,0.0
自然科学书库,2019-04-09,08:00-09:00,0.0
自然科学书库,2019-04-09,09:00-10:00,0.2
自然科学书库,2019-04-09,10:00-11:00,0.0
自然科学书库,2019-04-09,11:00-12:00,0.0
自然科学书库,2019-04-09,12:00-13:00,0.0
自然科学书库,2019-04-09,13:00-14:00,0.0
自然科学书库,2019-04-09,14:00-15:00,0.0
自然科学书库,2019-04-09,15:00-16:00,0.5
自然科学书库,2019-04-09,16:00-17:00,2.1
自然科学书库,2019-04-09,17:00-18:00,0.1
自然科学书库,2019-04-09,18:00-19:00,0.0
自然科学书库,2019-04-09,19:00-20:00,0.0
自然科学书库,2019-04-09,20:00-21:00,0.0
自然科学书库,2019-04-09,21:00-22:00,0.0
自然科学书库,2019-04-09,22:00-23:00,0.0
自然科学书库,2019-04-09,23:00-24:00,0.0
自然科学书库,2019-04-10,00:00-01:00,0.0
自然科学书库,2019-04-10,01:00-02:00,0.0
自然科学书库,2019-04-10,02:00-03:00,0.0
自然科学书库,2019-04-10,03:00-04:00,0.0
自然科学书库,2019-04-10,04:00-05:00,0.0
自然科学书库,2019-04-10,05:00-06:00,0.0
自然科学书库,2019-04-10,06:00-07:00,0.0
自然科学书库,2019-04-10,07:00-08:00,0.0
自然科学书库,2019-04-10,08:00-09:00,0.0
自然科学书库,2019-04-10,09:00-10:00,0.0
自然科学书库,2019-04-10,10:00-11:00,0.2
自然科学书库,2019-04-10,11:00-12:00,14.55
自然科学书库,2019-04-10,12:00-13:00,3.0
自然科学书库,2019-04-10,13:00-14:00,0.0
自然科学书库,2019-04-10,14:00-15:00,0.0
自然科学书库,2019-04-10,15:00-16:00,0.0
自然科学书库,2019-04-10,16:00-17:00,10.9
自然科学书库,2019-04-10,17:00-18:00,0.3
自然科学书库,2019-04-10,18:00-19:00,0.0
自然科学书库,2019-04-10,19:00-20:00,0.0
自然科学书库,2019-04-10,20:00-21:00,0.0
自然科学书库,2019-04-10,21:00-22:00,0.0
自然科学书库,2019-04-10,22:00-23:00,0.0
自然科学书库,2019-04-10,23:00-24:00,0.0
自然科学书库,2019-04-11,00:00-01:00,0.0
自然科学书库,2019-04-11,01:00-02:00,0.0
自然科学书库,2019-04-11,02:00-03:00,0.0
自然科学书库,2019-04-11,03:00-04:00,0.0
自然科学书库,2019-04-11,04:00-05:00,0.0
自然科学书库,2019-04-11,05:00-06:00,0.0
自然科学书库,2019-04-11,06:00-07:00,0.0
自然科学书库,2019-04-11,07:00-08:00,0.0
自然科学书库,2019-04-11,08:00-09:00,0.0
自然科学书库,2019-04-11,09:00-10:00,0.0
自然科学书库,2019-04-11,10:00-11:00,0.0
自然科学书库,2019-04-11,11:00-12:00,0.6
自然科学书库,2019-04-11,12:00-13:00,2.7
自然科学书库,2019-04-11,13:00-14:00,0.0
自然科学书库,2019-04-11,14:00-15:00,0.0
自然科学书库,2019-04-11,15:00-16:00,0.7
自然科学书库,2019-04-11,16:00-17:00,1.5
自然科学书库,2019-04-11,17:00-18:00,0.0
自然科学书库,2019-04-11,18:00-19:00,0.0
自然科学书库,2019-04-11,19:00-20:00,0.0
自然科学书库,2019-04-11,20:00-21:00,0.0
自然科学书库,2019-04-11,21:00-22:00,0.0
自然科学书库,2019-04-11,22:00-23:00,0.0
自然科学书库,2019-04-11,23:00-24:00,0.0
自然科学书库,2019-04-12,00:00-01:00,0.0
自然科学书库,2019-04-12,01:00-02:00,0.0
自然科学书库,2019-04-12,02:00-03:00,0.0
自然科学书库,2019-04-12,03:00-04:00,0.0
自然科学书库,2019-04-12,04:00-05:00,0.0
自然科学书库,2019-04-12,05:00-06:00,0.0
自然科学书库,2019-04-12,06:00-07:00,0.0
自然科学书库,2019-04-12,07:00-08:00,0.0
自然科学书库,2019-04-12,08:00-09:00,0.0
自然科学书库,2019-04-12,09:00-10:00,0.0
自然科学书库,2019-04-12,10:00-11:00,2.2
自然科学书库,2019-04-12,11:00-12:00,0.0
自然科学书库,2019-04-12,12:00-13:00,0.0
自然科学书库,2019-04-12,13:00-14:00,0.0
自然科学书库,2019-04-12,14:00-15:00,0.0
自然科学书库,2019-04-12,15:00-16:00,0.0
自然科学书库,2019-04-12,16:00-17:00,2.1
自然科学书库,2019-04-12,17:00-18:00,0.0
自然科学书库,2019-04-12,18:00-19:00,0.0
自然科学书库,2019-04-12,19:00-20:00,0.0
自然科学书库,2019-04-12,20:00-21:00,0.0
自然科学书库,2019-04-12,21:00-22:00,0.0
自然科学书库,2019-04-12,22:00-23:00,0.0
自然科学书库,2019-04-12,23:00-24:00,0.0
自然科学书库,2019-04-13,00:00-01:00,0.0
自然科学书库,2019-04-13,01:00-02:00,0.0
自然科学书库,2019-04-13,02:00-03:00,0.0
自然科学书库,2019-04-13,03:00-04:00,0.0
自然科学书库,2019-04-13,04:00-05:00,0.0
自然科学书库,2019-04-13,05:00-06:00,0.0
自然科学书库,2019-04-13,06:00-07:00,0.0
自然科学书库,2019-04-13,07:00-08:00,0.0
自然科学书库,2019-04-13,08:00-09:00,0.0
自然科学书库,2019-04-13,09:00-10:00,0.0
自然科学书库,2019-04-13,10:00-11:00,0.0
自然科学书库,2019-04-13,11:00-12:00,0.0
自然科学书库,2019-04-13,12:00-13:00,0.0
自然科学书库,2019-04-13,13:00-14:00,0.0
自然科学书库,2019-04-13,14:00-15:00,0.0
自然科学书库,2019-04-13,15:00-16:00,0.0
自然科学书库,2019-04-13,16:00-17:00,0.0
自然科学书库,2019-04-13,17:00-18:00,0.0
自然科学书库,2019-04-13,18:00-19:00,0.0
自然科学书库,2019-04-13,19:00-20:00,0.0
自然科学书库,2019-04-13,20:00-21:00,0.0
自然科学书库,2019-04-13,21:00-22:00,0.0
自然科学书库,2019-04-13,22:00-23:00,0.0
自然科学书库,2019-04-13,23:00-24:00,0.0
自然科学书库,2019-04-14,00:00-01:00,0.0
自然科学书库,2019-04-14,01:00-02:00,0.0
自然科学书库,2019-04-14,02:00-03:00,0.0
自然科学书库,2019-04-14,03:00-04:00,0.0
自然科学书库,2019-04-14,04:00-05:00,0.0
自然科学书库,2019-04-14,05:00-06:00,0.0
自然科学书库,2019-04-14,06:00-07:00,0.0
自然科学书库,2019-04-14,07:00-08:00,0.0
自然科学书库,2019-04-14,08:00-09:00,0.0
自然科学书库,2019-04-14,09:00-10:00,0.0
自然科学书库,2019-04-14,10:00-11:00,0.0
自然科学书库,2019-04-14,11:00-12:00,0.0
自然科学书库,2019-04-14,12:00-13:00,0.0
自然科学书库,2019-04-14,13:00-14:00,0.0
自然科学书库,2019-04-14,14:00-15:00,0.0
自然科学书库,2019-04-14,15:00-16:00,0.0
自然科学书库,2019-04-14,16:00-17:00,0.0
自然科学书库,2019-04-14,17:00-18:00,0.0
自然科学书库,2019-04-14,18:00-19:00,0.0
自然科学书库,2019-04-14,19:00-20:00,0.0
自然科学书库,2019-04-14,20:00-21:00,0.0
自然科学书库,2019-04-14,21:00-22:00,0.0
自然科学书库,2019-04-14,22:00-23:00,0.0
自然科学书库,2019-04-14,23:00-24:00,0.0
自然科学书库,2019-04-15,00:00-01:00,0.0
自然科学书库,2019-04-15,01:00-02:00,0.0
自然科学书库,2019-04-15,02:00-03:00,0.0
自然科学书库,2019-04-15,03:00-04:00,0.0
自然科学书库,2019-04-15,04:00-05:00,0.0
自然科学书库,2019-04-15,05:00-06:00,0.0
自然科学书库,2019-04-15,06:00-07:00,0.0
自然科学书库,2019-04-15,07:00-08:00,0.0
自然科学书库,2019-04-15,08:00-09:00,0.0
自然科学书库,2019-04-15,09:00-10:00,11.4
自然科学书库,2019-04-15,10:00-11:00,0.7
自然科学书库,2019-04-15,11:00-12:00,0.9
自然科学书库,2019-04-15,12:00-13:00,0.0
自然科学书库,2019-04-15,13:00-14:00,0.0
自然科学书库,2019-04-15,14:00-15:00,0.0
自然科学书库,2019-04-15,15:00-16:00,11.8
自然科学书库,2019-04-15,16:00-17:00,6.2
自然科学书库,2019-04-15,17:00-18:00,0.0
自然科学书库,2019-04-15,18:00-19:00,0.0
自然科学书库,2019-04-15,19:00-20:00,0.0
自然科学书库,2019-04-15,20:00-21:00,0.0
自然科学书库,2019-04-15,21:00-22:00,0.0
自然科学书库,2019-04-15,22:00-23:00,0.0
自然科学书库,2019-04-15,23:00-24:00,0.0
自然科学书库,2019-04-16,00:00-01:00,0.0
自然科学书库,2019-04-16,01:00-02:00,0.0
自然科学书库,2019-04-16,02:00-03:00,0.0
自然科学书库,2019-04-16,03:00-04:00,0.0
自然科学书库,2019-04-16,04:00-05:00,0.0
自然科学书库,2019-04-16,05:00-06:00,0.0
自然科学书库,2019-04-16,06:00-07:00,0.0
自然科学书库,2019-04-16,07:00-08:00,0.0
自然科学书库,2019-04-16,08:00-09:00,0.0
自然科学书库,2019-04-16,09:00-10:00,1.6
自然科学书库,2019-04-16,10:00-11:00,4.5
自然科学书库,2019-04-16,11:00-12:00,0.0
自然科学书库,2019-04-16,12:00-13:00,0.4
自然科学书库,2019-04-16,13:00-14:00,0.0
自然科学书库,2019-04-16,14:00-15:00,0.0
自然科学书库,2019-04-16,15:00-16:00,0.0
自然科学书库,2019-04-16,16:00-17:00,1.0
自然科学书库,2019-04-16,17:00-18:00,0.0
自然科学书库,2019-04-16,18:00-19:00,0.0
自然科学书库,2019-04-16,19:00-20:00,0.0
自然科学书库,2019-04-16,20:00-21:00,0.0
自然科学书库,2019-04-16,21:00-22:00,0.0
自然科学书库,2019-04-16,22:00-23:00,0.0
自然科学书库,2019-04-16,23:00-24:00,0.0
自然科学书库,2019-04-17,00:00-01:00,0.0
自然科学书库,2019-04-17,01:00-02:00,0.0
自然科学书库,2019-04-17,02:00-03:00,0.0
自然科学书库,2019-04-17,03:00-04:00,0.0
自然科学书库,2019-04-17,04:00-05:00,0.0
自然科学书库,2019-04-17,05:00-06:00,0.0
自然科学书库,2019-04-17,06:00-07:00,0.0
自然科学书库,2019-04-17,07:00-08:00,0.0
自然科学书库,2019-04-17,08:00-09:00,0.0
自然科学书库,2019-04-17,09:00-10:00,0.7
自然科学书库,2019-04-17,10:00-11:00,0.4
自然科学书库,2019-04-17,11:00-12:00,0.5
自然科学书库,2019-04-17,12:00-13:00,0.0
自然科学书库,2019-04-17,13:00-14:00,0.0
自然科学书库,2019-04-17,14:00-15:00,0.0
自然科学书库,2019-04-17,15:00-16:00,4.2
自然科学书库,2019-04-17,16:00-17:00,0.0
自然科学书库,2019-04-17,17:00-18:00,0.0
自然科学书库,2019-04-17,18:00-19:00,0.0
自然科学书库,2019-04-17,19:00-20:00,0.0
自然科学书库,2019-04-17,20:00-21:00,0.0
自然科学书库,2019-04-17,21:00-22:00,0.0
自然科学书库,2019-04-17,22:00-23:00,0.0
自然科学书库,2019-04-17,23:00-24:00,0.0
自然科学书库,2019-04-18,00:00-01:00,0.0
自然科学书库,2019-04-18,01:00-02:00,0.0
自然科学书库,2019-04-18,02:00-03:00,0.0
自然科学书库,2019-04-18,03:00-04:00,0.0
自然科学书库,2019-04-18,04:00-05:00,0.0
自然科学书库,2019-04-18,05:00-06:00,0.0
自然科学书库,2019-04-18,06:00-07:00,0.0
自然科学书库,2019-04-18,07:00-08:00,0.0
自然科学书库,2019-04-18,08:00-09:00,0.0
自然科学书库,2019-04-18,09:00-10:00,0.0
自然科学书库,2019-04-18,10:00-11:00,0.0
自然科学书库,2019-04-18,11:00-12:00,0.0
自然科学书库,2019-04-18,12:00-13:00,2.0
自然科学书库,2019-04-18,13:00-14:00,0.0
自然科学书库,2019-04-18,14:00-15:00,0.0
自然科学书库,2019-04-18,15:00-16:00,0.0
自然科学书库,2019-04-18,16:00-17:00,0.4
自然科学书库,2019-04-18,17:00-18:00,0.3
自然科学书库,2019-04-18,18:00-19:00,0.0
自然科学书库,2019-04-18,19:00-20:00,0.0
自然科学书库,2019-04-18,20:00-21:00,0.0
自然科学书库,2019-04-18,21:00-22:00,0.0
自然科学书库,2019-04-18,22:00-23:00,0.0
自然科学书库,2019-04-18,23:00-24:00,0.0
自然科学书库,2019-04-19,00:00-01:00,0.0
自然科学书库,2019-04-19,01:00-02:00,0.0
自然科学书库,2019-04-19,02:00-03:00,0.0
自然科学书库,2019-04-19,03:00-04:00,0.0
自然科学书库,2019-04-19,04:00-05:00,0.0
自然科学书库,2019-04-19,05:00-06:00,0.0
自然科学书库,2019-04-19,06:00-07:00,0.0
自然科学书库,2019-04-19,07:00-08:00,0.0
自然科学书库,2019-04-19,08:00-09:00,0.0
自然科学书库,2019-04-19,09:00-10:00,0.0
自然科学书库,2019-04-19,10:00-11:00,0.0
自然科学书库,2019-04-19,11:00-12:00,2.2
自然科学书库,2019-04-19,12:00-13:00,0.0
自然科学书库,2019-04-19,13:00-14:00,0.0
自然科学书库,2019-04-19,14:00-15:00,0.0
自然科学书库,2019-04-19,15:00-16:00,14.1
自然科学书库,2019-04-19,16:00-17:00,1.9
自然科学书库,2019-04-19,17:00-18:00,4.4
自然科学书库,2019-04-19,18:00-19:00,2.9
自然科学书库,2019-04-19,19:00-20:00,0.0
自然科学书库,2019-04-19,20:00-21:00,0.0
自然科学书库,2019-04-19,21:00-22:00,0.0
自然科学书库,2019-04-19,22:00-23:00,0.0
自然科学书库,2019-04-19,23:00-24:00,0.0
自然科学书库,2019-04-20,00:00-01:00,0.0
自然科学书库,2019-04-20,01:00-02:00,0.0
自然科学书库,2019-04-20,02:00-03:00,0.0
自然科学书库,2019-04-20,03:00-04:00,0.0
自然科学书库,2019-04-20,04:00-05:00,0.0
自然科学书库,2019-04-20,05:00-06:00,0.0
自然科学书库,2019-04-20,06:00-07:00,0.0
自然科学书库,2019-04-20,07:00-08:00,0.0
自然科学书库,2019-04-20,08:00-09:00,0.0
自然科学书库,2019-04-20,09:00-10:00,0.0
自然科学书库,2019-04-20,10:00-11:00,0.0
自然科学书库,2019-04-20,11:00-12:00,0.0
自然科学书库,2019-04-20,12:00-13:00,0.0
自然科学书库,2019-04-20,13:00-14:00,0.0
自然科学书库,2019-04-20,14:00-15:00,0.0
自然科学书库,2019-04-20,15:00-16:00,0.0
自然科学书库,2019-04-20,16:00-17:00,0.0
自然科学书库,2019-04-20,17:00-18:00,0.0
自然科学书库,2019-04-20,18:00-19:00,0.0
自然科学书库,2019-04-20,19:00-20:00,0.0
自然科学书库,2019-04-20,20:00-21:00,0.0
自然科学书库,2019-04-20,21:00-22:00,0.0
自然科学书库,2019-04-20,22:00-23:00,0.0
自然科学书库,2019-04-20,23:00-24:00,0.0
自然科学书库,2019-04-21,00:00-01:00,0.0
自然科学书库,2019-04-21,01:00-02:00,0.0
自然科学书库,2019-04-21,02:00-03:00,0.0
自然科学书库,2019-04-21,03:00-04:00,0.0
自然科学书库,2019-04-21,04:00-05:00,0.0
自然科学书库,2019-04-21,05:00-06:00,0.0
自然科学书库,2019-04-21,06:00-07:00,0.0
自然科学书库,2019-04-21,07:00-08:00,0.0
自然科学书库,2019-04-21,08:00-09:00,0.0
自然科学书库,2019-04-21,09:00-10:00,0.0
自然科学书库,2019-04-21,10:00-11:00,0.0
自然科学书库,2019-04-21,11:00-12:00,0.0
自然科学书库,2019-04-21,12:00-13:00,0.0
自然科学书库,2019-04-21,13:00-14:00,0.0
自然科学书库,2019-04-21,14:00-15:00,0.0
自然科学书库,2019-04-21,15:00-16:00,0.0
自然科学书库,2019-04-21,16:00-17:00,0.0
自然科学书库,2019-04-21,17:00-18:00,0.0
自然科学书库,2019-04-21,18:00-19:00,0.0
自然科学书库,2019-04-21,19:00-20:00,0.0
自然科学书库,2019-04-21,20:00-21:00,0.0
自然科学书库,2019-04-21,21:00-22:00,0.0
自然科学书库,2019-04-21,22:00-23:00,0.0
自然科学书库,2019-04-21,23:00-24:00,0.0
自然科学书库,2019-04-22,00:00-01:00,0.0
自然科学书库,2019-04-22,01:00-02:00,0.0
自然科学书库,2019-04-22,02:00-03:00,0.0
自然科学书库,2019-04-22,03:00-04:00,0.0
自然科学书库,2019-04-22,04:00-05:00,0.0
自然科学书库,2019-04-22,05:00-06:00,0.0
自然科学书库,2019-04-22,06:00-07:00,0.0
自然科学书库,2019-04-22,07:00-08:00,0.0
自然科学书库,2019-04-22,08:00-09:00,0.0
自然科学书库,2019-04-22,09:00-10:00,0.0
自然科学书库,2019-04-22,10:00-11:00,0.0
自然科学书库,2019-04-22,11:00-12:00,0.0
自然科学书库,2019-04-22,12:00-13:00,1.0
自然科学书库,2019-04-22,13:00-14:00,0.0
自然科学书库,2019-04-22,14:00-15:00,0.0
自然科学书库,2019-04-22,15:00-16:00,0.0
自然科学书库,2019-04-22,16:00-17:00,10.3
自然科学书库,2019-04-22,17:00-18:00,4.5
自然科学书库,2019-04-22,18:00-19:00,0.0
自然科学书库,2019-04-22,19:00-20:00,0.0
自然科学书库,2019-04-22,20:00-21:00,0.0
自然科学书库,2019-04-22,21:00-22:00,0.0
自然科学书库,2019-04-22,22:00-23:00,0.0
自然科学书库,2019-04-22,23:00-24:00,0.0
自然科学书库,2019-04-23,00:00-01:00,0.0
自然科学书库,2019-04-23,01:00-02:00,0.0
自然科学书库,2019-04-23,02:00-03:00,0.0
自然科学书库,2019-04-23,03:00-04:00,0.0
自然科学书库,2019-04-23,04:00-05:00,0.0
自然科学书库,2019-04-23,05:00-06:00,0.0
自然科学书库,2019-04-23,06:00-07:00,0.0
自然科学书库,2019-04-23,07:00-08:00,0.0
自然科学书库,2019-04-23,08:00-09:00,0.0
自然科学书库,2019-04-23,09:00-10:00,0.0
自然科学书库,2019-04-23,10:00-11:00,0.4
自然科学书库,2019-04-23,11:00-12:00,0.2
自然科学书库,2019-04-23,12:00-13:00,0.0
自然科学书库,2019-04-23,13:00-14:00,0.0
自然科学书库,2019-04-23,14:00-15:00,0.0
自然科学书库,2019-04-23,15:00-16:00,0.0
自然科学书库,2019-04-23,16:00-17:00,2.6
自然科学书库,2019-04-23,17:00-18:00,0.0
自然科学书库,2019-04-23,18:00-19:00,0.0
自然科学书库,2019-04-23,19:00-20:00,0.0
自然科学书库,2019-04-23,20:00-21:00,0.0
自然科学书库,2019-04-23,21:00-22:00,0.0
自然科学书库,2019-04-23,22:00-23:00,0.0
自然科学书库,2019-04-23,23:00-24:00,0.0
自然科学书库,2019-04-24,00:00-01:00,0.0
自然科学书库,2019-04-24,01:00-02:00,0.0
自然科学书库,2019-04-24,02:00-03:00,0.0
自然科学书库,2019-04-24,03:00-04:00,0.0
自然科学书库,2019-04-24,04:00-05:00,0.0
自然科学书库,2019-04-24,05:00-06:00,0.0
自然科学书库,2019-04-24,06:00-07:00,0.0
自然科学书库,2019-04-24,07:00-08:00,0.0
自然科学书库,2019-04-24,08:00-09:00,0.0
自然科学书库,2019-04-24,09:00-10:00,18.9
自然科学书库,2019-04-24,10:00-11:00,1.5
自然科学书库,2019-04-24,11:00-12:00,0.0
自然科学书库,2019-04-24,12:00-13:00,0.0
自然科学书库,2019-04-24,13:00-14:00,0.0
自然科学书库,2019-04-24,14:00-15:00,0.0
自然科学书库,2019-04-24,15:00-16:00,0.0
自然科学书库,2019-04-24,16:00-17:00,0.0
自然科学书库,2019-04-24,17:00-18:00,0.0
自然科学书库,2019-04-24,18:00-19:00,0.0
自然科学书库,2019-04-24,19:00-20:00,0.0
自然科学书库,2019-04-24,20:00-21:00,0.0
自然科学书库,2019-04-24,21:00-22:00,0.0
自然科学书库,2019-04-24,22:00-23:00,0.0
自然科学书库,2019-04-24,23:00-24:00,0.0
自然科学书库,2019-04-25,00:00-01:00,0.0
自然科学书库,2019-04-25,01:00-02:00,0.0
自然科学书库,2019-04-25,02:00-03:00,0.0
自然科学书库,2019-04-25,03:00-04:00,0.0
自然科学书库,2019-04-25,04:00-05:00,0.0
自然科学书库,2019-04-25,05:00-06:00,0.0
自然科学书库,2019-04-25,06:00-07:00,0.0
自然科学书库,2019-04-25,07:00-08:00,0.0
自然科学书库,2019-04-25,08:00-09:00,0.0
自然科学书库,2019-04-25,09:00-10:00,2.7
自然科学书库,2019-04-25,10:00-11:00,3.7
自然科学书库,2019-04-25,11:00-12:00,0.3
自然科学书库,2019-04-25,12:00-13:00,0.0
自然科学书库,2019-04-25,13:00-14:00,0.0
自然科学书库,2019-04-25,14:00-15:00,0.1
自然科学书库,2019-04-25,15:00-16:00,0.3
自然科学书库,2019-04-25,16:00-17:00,0.0
自然科学书库,2019-04-25,17:00-18:00,0.0
自然科学书库,2019-04-25,18:00-19:00,0.0
自然科学书库,2019-04-25,19:00-20:00,0.0
自然科学书库,2019-04-25,20:00-21:00,0.0
自然科学书库,2019-04-25,21:00-22:00,0.0
自然科学书库,2019-04-25,22:00-23:00,0.0
自然科学书库,2019-04-25,23:00-24:00,0.0
自然科学书库,2019-04-26,00:00-01:00,0.0
自然科学书库,2019-04-26,01:00-02:00,0.0
自然科学书库,2019-04-26,02:00-03:00,0.0
自然科学书库,2019-04-26,03:00-04:00,0.0
自然科学书库,2019-04-26,04:00-05:00,0.0
自然科学书库,2019-04-26,05:00-06:00,0.0
自然科学书库,2019-04-26,06:00-07:00,0.0
自然科学书库,2019-04-26,07:00-08:00,0.0
自然科学书库,2019-04-26,08:00-09:00,0.0
自然科学书库,2019-04-26,09:00-10:00,0.0
自然科学书库,2019-04-26,10:00-11:00,0.0
自然科学书库,2019-04-26,11:00-12:00,5.7
自然科学书库,2019-04-26,12:00-13:00,0.0
自然科学书库,2019-04-26,13:00-14:00,0.0
自然科学书库,2019-04-26,14:00-15:00,0.0
自然科学书库,2019-04-26,15:00-16:00,5.1
自然科学书库,2019-04-26,16:00-17:00,8.3
自然科学书库,2019-04-26,17:00-18:00,1.7
自然科学书库,2019-04-26,18:00-19:00,0.0
自然科学书库,2019-04-26,19:00-20:00,0.0
自然科学书库,2019-04-26,20:00-21:00,0.0
自然科学书库,2019-04-26,21:00-22:00,0.0
自然科学书库,2019-04-26,22:00-23:00,0.0
自然科学书库,2019-04-26,23:00-24:00,0.0
自然科学书库,2019-04-27,00:00-01:00,0.0
自然科学书库,2019-04-27,01:00-02:00,0.0
自然科学书库,2019-04-27,02:00-03:00,0.0
自然科学书库,2019-04-27,03:00-04:00,0.0
自然科学书库,2019-04-27,04:00-05:00,0.0
自然科学书库,2019-04-27,05:00-06:00,0.0
自然科学书库,2019-04-27,06:00-07:00,0.0
自然科学书库,2019-04-27,07:00-08:00,0.0
自然科学书库,2019-04-27,08:00-09:00,0.0
自然科学书库,2019-04-27,09:00-10:00,0.0
自然科学书库,2019-04-27,10:00-11:00,0.0
自然科学书库,2019-04-27,11:00-12:00,0.0
自然科学书库,2019-04-27,12:00-13:00,0.0
自然科学书库,2019-04-27,13:00-14:00,0.0
自然科学书库,2019-04-27,14:00-15:00,0.0
自然科学书库,2019-04-27,15:00-16:00,0.0
自然科学书库,2019-04-27,16:00-17:00,0.0
自然科学书库,2019-04-27,17:00-18:00,0.0
自然科学书库,2019-04-27,18:00-19:00,0.0
自然科学书库,2019-04-27,19:00-20:00,0.0
自然科学书库,2019-04-27,20:00-21:00,0.0
自然科学书库,2019-04-27,21:00-22:00,0.0
自然科学书库,2019-04-27,22:00-23:00,0.0
自然科学书库,2019-04-27,23:00-24:00,0.0
自然科学书库,2019-04-28,00:00-01:00,0.0
自然科学书库,2019-04-28,01:00-02:00,0.0
自然科学书库,2019-04-28,02:00-03:00,0.0
自然科学书库,2019-04-28,03:00-04:00,0.0
自然科学书库,2019-04-28,04:00-05:00,0.0
自然科学书库,2019-04-28,05:00-06:00,0.0
自然科学书库,2019-04-28,06:00-07:00,0.0
自然科学书库,2019-04-28,07:00-08:00,0.0
自然科学书库,2019-04-28,08:00-09:00,0.0
自然科学书库,2019-04-28,09:00-10:00,0.0
自然科学书库,2019-04-28,10:00-11:00,0.0
自然科学书库,2019-04-28,11:00-12:00,0.0
自然科学书库,2019-04-28,12:00-13:00,0.0
自然科学书库,2019-04-28,13:00-14:00,0.0
自然科学书库,2019-04-28,14:00-15:00,0.0
自然科学书库,2019-04-28,15:00-16:00,0.0
自然科学书库,2019-04-28,16:00-17:00,0.0
自然科学书库,2019-04-28,17:00-18:00,0.0
自然科学书库,2019-04-28,18:00-19:00,0.0
自然科学书库,2019-04-28,19:00-20:00,0.0
自然科学书库,2019-04-28,20:00-21:00,0.0
自然科学书库,2019-04-28,21:00-22:00,0.0
自然科学书库,2019-04-28,22:00-23:00,0.0
自然科学书库,2019-04-28,23:00-24:00,0.0
自然科学书库,2019-04-29,00:00-01:00,0.0
自然科学书库,2019-04-29,01:00-02:00,0.0
自然科学书库,2019-04-29,02:00-03:00,0.0
自然科学书库,2019-04-29,03:00-04:00,0.0
自然科学书库,2019-04-29,04:00-05:00,0.0
自然科学书库,2019-04-29,05:00-06:00,0.0
自然科学书库,2019-04-29,06:00-07:00,0.0
自然科学书库,2019-04-29,07:00-08:00,0.0
自然科学书库,2019-04-29,08:00-09:00,0.0
自然科学书库,2019-04-29,09:00-10:00,0.0
自然科学书库,2019-04-29,10:00-11:00,0.0
自然科学书库,2019-04-29,11:00-12:00,0.0
自然科学书库,2019-04-29,12:00-13:00,0.0
自然科学书库,2019-04-29,13:00-14:00,0.0
自然科学书库,2019-04-29,14:00-15:00,0.0
自然科学书库,2019-04-29,15:00-16:00,0.0
自然科学书库,2019-04-29,16:00-17:00,0.0
自然科学书库,2019-04-29,17:00-18:00,0.0
自然科学书库,2019-04-29,18:00-19:00,0.0
自然科学书库,2019-04-29,19:00-20:00,0.0
自然科学书库,2019-04-29,20:00-21:00,0.0
自然科学书库,2019-04-29,21:00-22:00,0.0
自然科学书库,2019-04-29,22:00-23:00,0.0
自然科学书库,2019-04-29,23:00-24:00,0.0
自然科学书库,2019-04-30,00:00-01:00,0.0
自然科学书库,2019-04-30,01:00-02:00,0.0
自然科学书库,2019-04-30,02:00-03:00,0.0
自然科学书库,2019-04-30,03:00-04:00,0.0
自然科学书库,2019-04-30,04:00-05:00,0.0
自然科学书库,2019-04-30,05:00-06:00,0.0
自然科学书库,2019-04-30,06:00-07:00,0.0
自然科学书库,2019-04-30,07:00-08:00,0.0
自然科学书库,2019-04-30,08:00-09:00,0.0
自然科学书库,2019-04-30,09:00-10:00,0.0
自然科学书库,2019-04-30,10:00-11:00,0.0
自然科学书库,2019-04-30,11:00-12:00,0.0
自然科学书库,2019-04-30,12:00-13:00,0.0
自然科学书库,2019-04-30,13:00-14:00,0.0
自然科学书库,2019-04-30,14:00-15:00,0.0
自然科学书库,2019-04-30,15:00-16:00,0.0
自然科学书库,2019-04-30,16:00-17:00,0.0
自然科学书库,2019-04-30,17:00-18:00,0.0
自然科学书库,2019-04-30,18:00-19:00,0.0
自然科学书库,2019-04-30,19:00-20:00,0.0
自然科学书库,2019-04-30,20:00-21:00,0.0
自然科学书库,2019-04-30,21:00-22:00,0.0
自然科学书库,2019-04-30,22:00-23:00,0.0
自然科学书库,2019-04-30,23:00-24:00,0.0
财务处,2019-04-01,00:00-01:00,0.0
财务处,2019-04-01,01:00-02:00,0.0
财务处,2019-04-01,02:00-03:00,0.0
财务处,2019-04-01,03:00-04:00,0.0
财务处,2019-04-01,04:00-05:00,0.0
财务处,2019-04-01,05:00-06:00,0.0
财务处,2019-04-01,06:00-07:00,0.0
财务处,2019-04-01,07:00-08:00,0.0
财务处,2019-04-01,08:00-09:00,0.0
财务处,2019-04-01,09:00-10:00,0.0
财务处,2019-04-01,10:00-11:00,0.0
财务处,2019-04-01,11:00-12:00,0.0
财务处,2019-04-01,12:00-13:00,0.0
财务处,2019-04-01,13:00-14:00,0.0
财务处,2019-04-01,14:00-15:00,0.0
财务处,2019-04-01,15:00-16:00,0.0
财务处,2019-04-01,16:00-17:00,0.0
财务处,2019-04-01,17:00-18:00,0.0
财务处,2019-04-01,18:00-19:00,0.0
财务处,2019-04-01,19:00-20:00,0.0
财务处,2019-04-01,20:00-21:00,0.0
财务处,2019-04-01,21:00-22:00,0.0
财务处,2019-04-01,22:00-23:00,0.0
财务处,2019-04-01,23:00-24:00,0.0
财务处,2019-04-02,00:00-01:00,0.0
财务处,2019-04-02,01:00-02:00,0.0
财务处,2019-04-02,02:00-03:00,0.0
财务处,2019-04-02,03:00-04:00,0.0
财务处,2019-04-02,04:00-05:00,0.0
财务处,2019-04-02,05:00-06:00,0.0
财务处,2019-04-02,06:00-07:00,0.0
财务处,2019-04-02,07:00-08:00,0.0
财务处,2019-04-02,08:00-09:00,0.0
财务处,2019-04-02,09:00-10:00,0.0
财务处,2019-04-02,10:00-11:00,0.0
财务处,2019-04-02,11:00-12:00,0.0
财务处,2019-04-02,12:00-13:00,0.0
财务处,2019-04-02,13:00-14:00,0.0
财务处,2019-04-02,14:00-15:00,0.0
财务处,2019-04-02,15:00-16:00,0.0
财务处,2019-04-02,16:00-17:00,0.0
财务处,2019-04-02,17:00-18:00,0.0
财务处,2019-04-02,18:00-19:00,0.0
财务处,2019-04-02,19:00-20:00,0.0
财务处,2019-04-02,20:00-21:00,0.0
财务处,2019-04-02,21:00-22:00,0.0
财务处,2019-04-02,22:00-23:00,0.0
财务处,2019-04-02,23:00-24:00,0.0
财务处,2019-04-03,00:00-01:00,0.0
财务处,2019-04-03,01:00-02:00,0.0
财务处,2019-04-03,02:00-03:00,0.0
财务处,2019-04-03,03:00-04:00,0.0
财务处,2019-04-03,04:00-05:00,0.0
财务处,2019-04-03,05:00-06:00,0.0
财务处,2019-04-03,06:00-07:00,0.0
财务处,2019-04-03,07:00-08:00,0.0
财务处,2019-04-03,08:00-09:00,0.0
财务处,2019-04-03,09:00-10:00,0.0
财务处,2019-04-03,10:00-11:00,0.0
财务处,2019-04-03,11:00-12:00,0.0
财务处,2019-04-03,12:00-13:00,0.0
财务处,2019-04-03,13:00-14:00,0.0
财务处,2019-04-03,14:00-15:00,0.0
财务处,2019-04-03,15:00-16:00,0.0
财务处,2019-04-03,16:00-17:00,0.0
财务处,2019-04-03,17:00-18:00,0.0
财务处,2019-04-03,18:00-19:00,0.0
财务处,2019-04-03,19:00-20:00,0.0
财务处,2019-04-03,20:00-21:00,0.0
财务处,2019-04-03,21:00-22:00,0.0
财务处,2019-04-03,22:00-23:00,0.0
财务处,2019-04-03,23:00-24:00,0.0
财务处,2019-04-04,00:00-01:00,0.0
财务处,2019-04-04,01:00-02:00,0.0
财务处,2019-04-04,02:00-03:00,0.0
财务处,2019-04-04,03:00-04:00,0.0
财务处,2019-04-04,04:00-05:00,0.0
财务处,2019-04-04,05:00-06:00,0.0
财务处,2019-04-04,06:00-07:00,0.0
财务处,2019-04-04,07:00-08:00,0.0
财务处,2019-04-04,08:00-09:00,0.0
财务处,2019-04-04,09:00-10:00,0.0
财务处,2019-04-04,10:00-11:00,0.0
财务处,2019-04-04,11:00-12:00,0.0
财务处,2019-04-04,12:00-13:00,0.0
财务处,2019-04-04,13:00-14:00,0.0
财务处,2019-04-04,14:00-15:00,0.0
财务处,2019-04-04,15:00-16:00,0.0
财务处,2019-04-04,16:00-17:00,0.0
财务处,2019-04-04,17:00-18:00,0.0
财务处,2019-04-04,18:00-19:00,0.0
财务处,2019-04-04,19:00-20:00,0.0
财务处,2019-04-04,20:00-21:00,0.0
财务处,2019-04-04,21:00-22:00,0.0
财务处,2019-04-04,22:00-23:00,0.0
财务处,2019-04-04,23:00-24:00,0.0
财务处,2019-04-05,00:00-01:00,0.0
财务处,2019-04-05,01:00-02:00,0.0
财务处,2019-04-05,02:00-03:00,0.0
财务处,2019-04-05,03:00-04:00,0.0
财务处,2019-04-05,04:00-05:00,0.0
财务处,2019-04-05,05:00-06:00,0.0
财务处,2019-04-05,06:00-07:00,0.0
财务处,2019-04-05,07:00-08:00,0.0
财务处,2019-04-05,08:00-09:00,0.0
财务处,2019-04-05,09:00-10:00,0.0
财务处,2019-04-05,10:00-11:00,0.0
财务处,2019-04-05,11:00-12:00,0.0
财务处,2019-04-05,12:00-13:00,0.0
财务处,2019-04-05,13:00-14:00,0.0
财务处,2019-04-05,14:00-15:00,0.0
财务处,2019-04-05,15:00-16:00,0.0
财务处,2019-04-05,16:00-17:00,0.0
财务处,2019-04-05,17:00-18:00,0.0
财务处,2019-04-05,18:00-19:00,0.0
财务处,2019-04-05,19:00-20:00,0.0
财务处,2019-04-05,20:00-21:00,0.0
财务处,2019-04-05,21:00-22:00,0.0
财务处,2019-04-05,22:00-23:00,0.0
财务处,2019-04-05,23:00-24:00,0.0
财务处,2019-04-06,00:00-01:00,0.0
财务处,2019-04-06,01:00-02:00,0.0
财务处,2019-04-06,02:00-03:00,0.0
财务处,2019-04-06,03:00-04:00,0.0
财务处,2019-04-06,04:00-05:00,0.0
财务处,2019-04-06,05:00-06:00,0.0
财务处,2019-04-06,06:00-07:00,0.0
财务处,2019-04-06,07:00-08:00,0.0
财务处,2019-04-06,08:00-09:00,0.0
财务处,2019-04-06,09:00-10:00,0.0
财务处,2019-04-06,10:00-11:00,0.0
财务处,2019-04-06,11:00-12:00,0.0
财务处,2019-04-06,12:00-13:00,0.0
财务处,2019-04-06,13:00-14:00,0.0
财务处,2019-04-06,14:00-15:00,0.0
财务处,2019-04-06,15:00-16:00,0.0
财务处,2019-04-06,16:00-17:00,0.0
财务处,2019-04-06,17:00-18:00,0.0
财务处,2019-04-06,18:00-19:00,0.0
财务处,2019-04-06,19:00-20:00,0.0
财务处,2019-04-06,20:00-21:00,0.0
财务处,2019-04-06,21:00-22:00,0.0
财务处,2019-04-06,22:00-23:00,0.0
财务处,2019-04-06,23:00-24:00,0.0
财务处,2019-04-07,00:00-01:00,0.0
财务处,2019-04-07,01:00-02:00,0.0
财务处,2019-04-07,02:00-03:00,0.0
财务处,2019-04-07,03:00-04:00,0.0
财务处,2019-04-07,04:00-05:00,0.0
财务处,2019-04-07,05:00-06:00,0.0
财务处,2019-04-07,06:00-07:00,0.0
财务处,2019-04-07,07:00-08:00,0.0
财务处,2019-04-07,08:00-09:00,0.0
财务处,2019-04-07,09:00-10:00,0.0
财务处,2019-04-07,10:00-11:00,0.0
财务处,2019-04-07,11:00-12:00,0.0
财务处,2019-04-07,12:00-13:00,0.0
财务处,2019-04-07,13:00-14:00,0.0
财务处,2019-04-07,14:00-15:00,0.0
财务处,2019-04-07,15:00-16:00,0.0
财务处,2019-04-07,16:00-17:00,0.0
财务处,2019-04-07,17:00-18:00,0.0
财务处,2019-04-07,18:00-19:00,0.0
财务处,2019-04-07,19:00-20:00,0.0
财务处,2019-04-07,20:00-21:00,0.0
财务处,2019-04-07,21:00-22:00,0.0
财务处,2019-04-07,22:00-23:00,0.0
财务处,2019-04-07,23:00-24:00,0.0
财务处,2019-04-08,00:00-01:00,0.0
财务处,2019-04-08,01:00-02:00,0.0
财务处,2019-04-08,02:00-03:00,0.0
财务处,2019-04-08,03:00-04:00,0.0
财务处,2019-04-08,04:00-05:00,0.0
财务处,2019-04-08,05:00-06:00,0.0
财务处,2019-04-08,06:00-07:00,0.0
财务处,2019-04-08,07:00-08:00,0.0
财务处,2019-04-08,08:00-09:00,0.0
财务处,2019-04-08,09:00-10:00,0.0
财务处,2019-04-08,10:00-11:00,0.0
财务处,2019-04-08,11:00-12:00,0.0
财务处,2019-04-08,12:00-13:00,0.0
财务处,2019-04-08,13:00-14:00,0.0
财务处,2019-04-08,14:00-15:00,0.0
财务处,2019-04-08,15:00-16:00,0.0
财务处,2019-04-08,16:00-17:00,0.0
财务处,2019-04-08,17:00-18:00,0.0
财务处,2019-04-08,18:00-19:00,0.0
财务处,2019-04-08,19:00-20:00,0.0
财务处,2019-04-08,20:00-21:00,0.0
财务处,2019-04-08,21:00-22:00,0.0
财务处,2019-04-08,22:00-23:00,0.0
财务处,2019-04-08,23:00-24:00,0.0
财务处,2019-04-09,00:00-01:00,0.0
财务处,2019-04-09,01:00-02:00,0.0
财务处,2019-04-09,02:00-03:00,0.0
财务处,2019-04-09,03:00-04:00,0.0
财务处,2019-04-09,04:00-05:00,0.0
财务处,2019-04-09,05:00-06:00,0.0
财务处,2019-04-09,06:00-07:00,0.0
财务处,2019-04-09,07:00-08:00,0.0
财务处,2019-04-09,08:00-09:00,0.0
财务处,2019-04-09,09:00-10:00,0.0
财务处,2019-04-09,10:00-11:00,0.0
财务处,2019-04-09,11:00-12:00,0.0
财务处,2019-04-09,12:00-13:00,0.0
财务处,2019-04-09,13:00-14:00,0.0
财务处,2019-04-09,14:00-15:00,0.0
财务处,2019-04-09,15:00-16:00,0.0
财务处,2019-04-09,16:00-17:00,0.0
财务处,2019-04-09,17:00-18:00,0.0
财务处,2019-04-09,18:00-19:00,0.0
财务处,2019-04-09,19:00-20:00,0.0
财务处,2019-04-09,20:00-21:00,0.0
财务处,2019-04-09,21:00-22:00,0.0
财务处,2019-04-09,22:00-23:00,0.0
财务处,2019-04-09,23:00-24:00,0.0
财务处,2019-04-10,00:00-01:00,0.0
财务处,2019-04-10,01:00-02:00,0.0
财务处,2019-04-10,02:00-03:00,0.0
财务处,2019-04-10,03:00-04:00,0.0
财务处,2019-04-10,04:00-05:00,0.0
财务处,2019-04-10,05:00-06:00,0.0
财务处,2019-04-10,06:00-07:00,0.0
财务处,2019-04-10,07:00-08:00,0.0
财务处,2019-04-10,08:00-09:00,0.0
财务处,2019-04-10,09:00-10:00,0.0
财务处,2019-04-10,10:00-11:00,0.0
财务处,2019-04-10,11:00-12:00,0.0
财务处,2019-04-10,12:00-13:00,0.0
财务处,2019-04-10,13:00-14:00,0.0
财务处,2019-04-10,14:00-15:00,0.0
财务处,2019-04-10,15:00-16:00,0.0
财务处,2019-04-10,16:00-17:00,0.0
财务处,2019-04-10,17:00-18:00,0.0
财务处,2019-04-10,18:00-19:00,0.0
财务处,2019-04-10,19:00-20:00,0.0
财务处,2019-04-10,20:00-21:00,0.0
财务处,2019-04-10,21:00-22:00,0.0
财务处,2019-04-10,22:00-23:00,0.0
财务处,2019-04-10,23:00-24:00,0.0
财务处,2019-04-11,00:00-01:00,0.0
财务处,2019-04-11,01:00-02:00,0.0
财务处,2019-04-11,02:00-03:00,0.0
财务处,2019-04-11,03:00-04:00,0.0
财务处,2019-04-11,04:00-05:00,0.0
财务处,2019-04-11,05:00-06:00,0.0
财务处,2019-04-11,06:00-07:00,0.0
财务处,2019-04-11,07:00-08:00,0.0
财务处,2019-04-11,08:00-09:00,0.0
财务处,2019-04-11,09:00-10:00,0.0
财务处,2019-04-11,10:00-11:00,0.0
财务处,2019-04-11,11:00-12:00,0.0
财务处,2019-04-11,12:00-13:00,0.0
财务处,2019-04-11,13:00-14:00,0.0
财务处,2019-04-11,14:00-15:00,0.0
财务处,2019-04-11,15:00-16:00,0.0
财务处,2019-04-11,16:00-17:00,0.0
财务处,2019-04-11,17:00-18:00,0.0
财务处,2019-04-11,18:00-19:00,0.0
财务处,2019-04-11,19:00-20:00,0.0
财务处,2019-04-11,20:00-21:00,0.0
财务处,2019-04-11,21:00-22:00,0.0
财务处,2019-04-11,22:00-23:00,0.0
财务处,2019-04-11,23:00-24:00,0.0
财务处,2019-04-12,00:00-01:00,0.0
财务处,2019-04-12,01:00-02:00,0.0
财务处,2019-04-12,02:00-03:00,0.0
财务处,2019-04-12,03:00-04:00,0.0
财务处,2019-04-12,04:00-05:00,0.0
财务处,2019-04-12,05:00-06:00,0.0
财务处,2019-04-12,06:00-07:00,0.0
财务处,2019-04-12,07:00-08:00,0.0
财务处,2019-04-12,08:00-09:00,0.0
财务处,2019-04-12,09:00-10:00,0.0
财务处,2019-04-12,10:00-11:00,0.0
财务处,2019-04-12,11:00-12:00,0.0
财务处,2019-04-12,12:00-13:00,0.0
财务处,2019-04-12,13:00-14:00,0.0
财务处,2019-04-12,14:00-15:00,0.0
财务处,2019-04-12,15:00-16:00,0.0
财务处,2019-04-12,16:00-17:00,0.0
财务处,2019-04-12,17:00-18:00,0.0
财务处,2019-04-12,18:00-19:00,0.0
财务处,2019-04-12,19:00-20:00,0.0
财务处,2019-04-12,20:00-21:00,0.0
财务处,2019-04-12,21:00-22:00,0.0
财务处,2019-04-12,22:00-23:00,0.0
财务处,2019-04-12,23:00-24:00,0.0
财务处,2019-04-13,00:00-01:00,0.0
财务处,2019-04-13,01:00-02:00,0.0
财务处,2019-04-13,02:00-03:00,0.0
财务处,2019-04-13,03:00-04:00,0.0
财务处,2019-04-13,04:00-05:00,0.0
财务处,2019-04-13,05:00-06:00,0.0
财务处,2019-04-13,06:00-07:00,0.0
财务处,2019-04-13,07:00-08:00,0.0
财务处,2019-04-13,08:00-09:00,0.0
财务处,2019-04-13,09:00-10:00,0.0
财务处,2019-04-13,10:00-11:00,0.0
财务处,2019-04-13,11:00-12:00,0.0
财务处,2019-04-13,12:00-13:00,0.0
财务处,2019-04-13,13:00-14:00,0.0
财务处,2019-04-13,14:00-15:00,0.0
财务处,2019-04-13,15:00-16:00,0.0
财务处,2019-04-13,16:00-17:00,0.0
财务处,2019-04-13,17:00-18:00,0.0
财务处,2019-04-13,18:00-19:00,0.0
财务处,2019-04-13,19:00-20:00,0.0
财务处,2019-04-13,20:00-21:00,0.0
财务处,2019-04-13,21:00-22:00,0.0
财务处,2019-04-13,22:00-23:00,0.0
财务处,2019-04-13,23:00-24:00,0.0
财务处,2019-04-14,00:00-01:00,0.0
财务处,2019-04-14,01:00-02:00,0.0
财务处,2019-04-14,02:00-03:00,0.0
财务处,2019-04-14,03:00-04:00,0.0
财务处,2019-04-14,04:00-05:00,0.0
财务处,2019-04-14,05:00-06:00,0.0
财务处,2019-04-14,06:00-07:00,0.0
财务处,2019-04-14,07:00-08:00,0.0
财务处,2019-04-14,08:00-09:00,0.0
财务处,2019-04-14,09:00-10:00,0.0
财务处,2019-04-14,10:00-11:00,0.0
财务处,2019-04-14,11:00-12:00,0.0
财务处,2019-04-14,12:00-13:00,0.0
财务处,2019-04-14,13:00-14:00,0.0
财务处,2019-04-14,14:00-15:00,0.0
财务处,2019-04-14,15:00-16:00,0.0
财务处,2019-04-14,16:00-17:00,0.0
财务处,2019-04-14,17:00-18:00,0.0
财务处,2019-04-14,18:00-19:00,0.0
财务处,2019-04-14,19:00-20:00,0.0
财务处,2019-04-14,20:00-21:00,0.0
财务处,2019-04-14,21:00-22:00,0.0
财务处,2019-04-14,22:00-23:00,0.0
财务处,2019-04-14,23:00-24:00,0.0
财务处,2019-04-15,00:00-01:00,0.0
财务处,2019-04-15,01:00-02:00,0.0
财务处,2019-04-15,02:00-03:00,0.0
财务处,2019-04-15,03:00-04:00,0.0
财务处,2019-04-15,04:00-05:00,0.0
财务处,2019-04-15,05:00-06:00,0.0
财务处,2019-04-15,06:00-07:00,0.0
财务处,2019-04-15,07:00-08:00,0.0
财务处,2019-04-15,08:00-09:00,0.0
财务处,2019-04-15,09:00-10:00,0.0
财务处,2019-04-15,10:00-11:00,0.0
财务处,2019-04-15,11:00-12:00,0.0
财务处,2019-04-15,12:00-13:00,0.0
财务处,2019-04-15,13:00-14:00,0.0
财务处,2019-04-15,14:00-15:00,0.0
财务处,2019-04-15,15:00-16:00,0.0
财务处,2019-04-15,16:00-17:00,0.0
财务处,2019-04-15,17:00-18:00,0.0
财务处,2019-04-15,18:00-19:00,0.0
财务处,2019-04-15,19:00-20:00,0.0
财务处,2019-04-15,20:00-21:00,0.0
财务处,2019-04-15,21:00-22:00,0.0
财务处,2019-04-15,22:00-23:00,0.0
财务处,2019-04-15,23:00-24:00,0.0
财务处,2019-04-16,00:00-01:00,0.0
财务处,2019-04-16,01:00-02:00,0.0
财务处,2019-04-16,02:00-03:00,0.0
财务处,2019-04-16,03:00-04:00,0.0
财务处,2019-04-16,04:00-05:00,0.0
财务处,2019-04-16,05:00-06:00,0.0
财务处,2019-04-16,06:00-07:00,0.0
财务处,2019-04-16,07:00-08:00,0.0
财务处,2019-04-16,08:00-09:00,0.0
财务处,2019-04-16,09:00-10:00,0.0
财务处,2019-04-16,10:00-11:00,0.0
财务处,2019-04-16,11:00-12:00,0.0
财务处,2019-04-16,12:00-13:00,0.0
财务处,2019-04-16,13:00-14:00,0.0
财务处,2019-04-16,14:00-15:00,0.0
财务处,2019-04-16,15:00-16:00,0.0
财务处,2019-04-16,16:00-17:00,0.0
财务处,2019-04-16,17:00-18:00,0.0
财务处,2019-04-16,18:00-19:00,0.0
财务处,2019-04-16,19:00-20:00,0.0
财务处,2019-04-16,20:00-21:00,0.0
财务处,2019-04-16,21:00-22:00,0.0
财务处,2019-04-16,22:00-23:00,0.0
财务处,2019-04-16,23:00-24:00,0.0
财务处,2019-04-17,00:00-01:00,0.0
财务处,2019-04-17,01:00-02:00,0.0
财务处,2019-04-17,02:00-03:00,0.0
财务处,2019-04-17,03:00-04:00,0.0
财务处,2019-04-17,04:00-05:00,0.0
财务处,2019-04-17,05:00-06:00,0.0
财务处,2019-04-17,06:00-07:00,0.0
财务处,2019-04-17,07:00-08:00,0.0
财务处,2019-04-17,08:00-09:00,0.0
财务处,2019-04-17,09:00-10:00,0.0
财务处,2019-04-17,10:00-11:00,0.0
财务处,2019-04-17,11:00-12:00,0.0
财务处,2019-04-17,12:00-13:00,0.0
财务处,2019-04-17,13:00-14:00,0.0
财务处,2019-04-17,14:00-15:00,0.0
财务处,2019-04-17,15:00-16:00,0.0
财务处,2019-04-17,16:00-17:00,0.0
财务处,2019-04-17,17:00-18:00,0.0
财务处,2019-04-17,18:00-19:00,0.0
财务处,2019-04-17,19:00-20:00,0.0
财务处,2019-04-17,20:00-21:00,0.0
财务处,2019-04-17,21:00-22:00,0.0
财务处,2019-04-17,22:00-23:00,0.0
财务处,2019-04-17,23:00-24:00,0.0
财务处,2019-04-18,00:00-01:00,0.0
财务处,2019-04-18,01:00-02:00,0.0
财务处,2019-04-18,02:00-03:00,0.0
财务处,2019-04-18,03:00-04:00,0.0
财务处,2019-04-18,04:00-05:00,0.0
财务处,2019-04-18,05:00-06:00,0.0
财务处,2019-04-18,06:00-07:00,0.0
财务处,2019-04-18,07:00-08:00,0.0
财务处,2019-04-18,08:00-09:00,0.0
财务处,2019-04-18,09:00-10:00,0.0
财务处,2019-04-18,10:00-11:00,0.0
财务处,2019-04-18,11:00-12:00,0.0
财务处,2019-04-18,12:00-13:00,0.0
财务处,2019-04-18,13:00-14:00,0.0
财务处,2019-04-18,14:00-15:00,0.0
财务处,2019-04-18,15:00-16:00,0.0
财务处,2019-04-18,16:00-17:00,0.0
财务处,2019-04-18,17:00-18:00,0.0
财务处,2019-04-18,18:00-19:00,0.0
财务处,2019-04-18,19:00-20:00,0.0
财务处,2019-04-18,20:00-21:00,0.0
财务处,2019-04-18,21:00-22:00,0.0
财务处,2019-04-18,22:00-23:00,0.0
财务处,2019-04-18,23:00-24:00,0.0
财务处,2019-04-19,00:00-01:00,0.0
财务处,2019-04-19,01:00-02:00,0.0
财务处,2019-04-19,02:00-03:00,0.0
财务处,2019-04-19,03:00-04:00,0.0
财务处,2019-04-19,04:00-05:00,0.0
财务处,2019-04-19,05:00-06:00,0.0
财务处,2019-04-19,06:00-07:00,0.0
财务处,2019-04-19,07:00-08:00,0.0
财务处,2019-04-19,08:00-09:00,0.0
财务处,2019-04-19,09:00-10:00,0.0
财务处,2019-04-19,10:00-11:00,0.0
财务处,2019-04-19,11:00-12:00,0.0
财务处,2019-04-19,12:00-13:00,0.0
财务处,2019-04-19,13:00-14:00,0.0
财务处,2019-04-19,14:00-15:00,0.0
财务处,2019-04-19,15:00-16:00,0.0
财务处,2019-04-19,16:00-17:00,0.0
财务处,2019-04-19,17:00-18:00,0.0
财务处,2019-04-19,18:00-19:00,0.0
财务处,2019-04-19,19:00-20:00,0.0
财务处,2019-04-19,20:00-21:00,0.0
财务处,2019-04-19,21:00-22:00,0.0
财务处,2019-04-19,22:00-23:00,0.0
财务处,2019-04-19,23:00-24:00,0.0
财务处,2019-04-20,00:00-01:00,0.0
财务处,2019-04-20,01:00-02:00,0.0
财务处,2019-04-20,02:00-03:00,0.0
财务处,2019-04-20,03:00-04:00,0.0
财务处,2019-04-20,04:00-05:00,0.0
财务处,2019-04-20,05:00-06:00,0.0
财务处,2019-04-20,06:00-07:00,0.0
财务处,2019-04-20,07:00-08:00,0.0
财务处,2019-04-20,08:00-09:00,0.0
财务处,2019-04-20,09:00-10:00,0.0
财务处,2019-04-20,10:00-11:00,0.0
财务处,2019-04-20,11:00-12:00,0.0
财务处,2019-04-20,12:00-13:00,0.0
财务处,2019-04-20,13:00-14:00,0.0
财务处,2019-04-20,14:00-15:00,0.0
财务处,2019-04-20,15:00-16:00,0.0
财务处,2019-04-20,16:00-17:00,0.0
财务处,2019-04-20,17:00-18:00,0.0
财务处,2019-04-20,18:00-19:00,0.0
财务处,2019-04-20,19:00-20:00,0.0
财务处,2019-04-20,20:00-21:00,0.0
财务处,2019-04-20,21:00-22:00,0.0
财务处,2019-04-20,22:00-23:00,0.0
财务处,2019-04-20,23:00-24:00,0.0
财务处,2019-04-21,00:00-01:00,0.0
财务处,2019-04-21,01:00-02:00,0.0
财务处,2019-04-21,02:00-03:00,0.0
财务处,2019-04-21,03:00-04:00,0.0
财务处,2019-04-21,04:00-05:00,0.0
财务处,2019-04-21,05:00-06:00,0.0
财务处,2019-04-21,06:00-07:00,0.0
财务处,2019-04-21,07:00-08:00,0.0
财务处,2019-04-21,08:00-09:00,0.0
财务处,2019-04-21,09:00-10:00,0.0
财务处,2019-04-21,10:00-11:00,0.0
财务处,2019-04-21,11:00-12:00,0.0
财务处,2019-04-21,12:00-13:00,0.0
财务处,2019-04-21,13:00-14:00,0.0
财务处,2019-04-21,14:00-15:00,0.0
财务处,2019-04-21,15:00-16:00,0.0
财务处,2019-04-21,16:00-17:00,0.0
财务处,2019-04-21,17:00-18:00,0.0
财务处,2019-04-21,18:00-19:00,0.0
财务处,2019-04-21,19:00-20:00,0.0
财务处,2019-04-21,20:00-21:00,0.0
财务处,2019-04-21,21:00-22:00,0.0
财务处,2019-04-21,22:00-23:00,0.0
财务处,2019-04-21,23:00-24:00,0.0
财务处,2019-04-22,00:00-01:00,0.0
财务处,2019-04-22,01:00-02:00,0.0
财务处,2019-04-22,02:00-03:00,0.0
财务处,2019-04-22,03:00-04:00,0.0
财务处,2019-04-22,04:00-05:00,0.0
财务处,2019-04-22,05:00-06:00,0.0
财务处,2019-04-22,06:00-07:00,0.0
财务处,2019-04-22,07:00-08:00,0.0
财务处,2019-04-22,08:00-09:00,0.0
财务处,2019-04-22,09:00-10:00,0.0
财务处,2019-04-22,10:00-11:00,0.0
财务处,2019-04-22,11:00-12:00,0.0
财务处,2019-04-22,12:00-13:00,0.0
财务处,2019-04-22,13:00-14:00,0.0
财务处,2019-04-22,14:00-15:00,0.0
财务处,2019-04-22,15:00-16:00,0.0
财务处,2019-04-22,16:00-17:00,0.0
财务处,2019-04-22,17:00-18:00,0.0
财务处,2019-04-22,18:00-19:00,0.0
财务处,2019-04-22,19:00-20:00,0.0
财务处,2019-04-22,20:00-21:00,0.0
财务处,2019-04-22,21:00-22:00,0.0
财务处,2019-04-22,22:00-23:00,0.0
财务处,2019-04-22,23:00-24:00,0.0
财务处,2019-04-23,00:00-01:00,0.0
财务处,2019-04-23,01:00-02:00,0.0
财务处,2019-04-23,02:00-03:00,0.0
财务处,2019-04-23,03:00-04:00,0.0
财务处,2019-04-23,04:00-05:00,0.0
财务处,2019-04-23,05:00-06:00,0.0
财务处,2019-04-23,06:00-07:00,0.0
财务处,2019-04-23,07:00-08:00,0.0
财务处,2019-04-23,08:00-09:00,0.0
财务处,2019-04-23,09:00-10:00,0.0
财务处,2019-04-23,10:00-11:00,0.0
财务处,2019-04-23,11:00-12:00,0.0
财务处,2019-04-23,12:00-13:00,0.0
财务处,2019-04-23,13:00-14:00,0.0
财务处,2019-04-23,14:00-15:00,0.0
财务处,2019-04-23,15:00-16:00,0.0
财务处,2019-04-23,16:00-17:00,0.0
财务处,2019-04-23,17:00-18:00,0.0
财务处,2019-04-23,18:00-19:00,0.0
财务处,2019-04-23,19:00-20:00,0.0
财务处,2019-04-23,20:00-21:00,0.0
财务处,2019-04-23,21:00-22:00,0.0
财务处,2019-04-23,22:00-23:00,0.0
财务处,2019-04-23,23:00-24:00,0.0
财务处,2019-04-24,00:00-01:00,0.0
财务处,2019-04-24,01:00-02:00,0.0
财务处,2019-04-24,02:00-03:00,0.0
财务处,2019-04-24,03:00-04:00,0.0
财务处,2019-04-24,04:00-05:00,0.0
财务处,2019-04-24,05:00-06:00,0.0
财务处,2019-04-24,06:00-07:00,0.0
财务处,2019-04-24,07:00-08:00,0.0
财务处,2019-04-24,08:00-09:00,0.0
财务处,2019-04-24,09:00-10:00,0.0
财务处,2019-04-24,10:00-11:00,0.0
财务处,2019-04-24,11:00-12:00,0.0
财务处,2019-04-24,12:00-13:00,0.0
财务处,2019-04-24,13:00-14:00,0.0
财务处,2019-04-24,14:00-15:00,0.0
财务处,2019-04-24,15:00-16:00,0.0
财务处,2019-04-24,16:00-17:00,0.0
财务处,2019-04-24,17:00-18:00,0.0
财务处,2019-04-24,18:00-19:00,0.0
财务处,2019-04-24,19:00-20:00,0.0
财务处,2019-04-24,20:00-21:00,0.0
财务处,2019-04-24,21:00-22:00,0.0
财务处,2019-04-24,22:00-23:00,0.0
财务处,2019-04-24,23:00-24:00,0.0
财务处,2019-04-25,00:00-01:00,0.0
财务处,2019-04-25,01:00-02:00,0.0
财务处,2019-04-25,02:00-03:00,0.0
财务处,2019-04-25,03:00-04:00,0.0
财务处,2019-04-25,04:00-05:00,0.0
财务处,2019-04-25,05:00-06:00,0.0
财务处,2019-04-25,06:00-07:00,0.0
财务处,2019-04-25,07:00-08:00,0.0
财务处,2019-04-25,08:00-09:00,0.0
财务处,2019-04-25,09:00-10:00,0.0
财务处,2019-04-25,10:00-11:00,0.0
财务处,2019-04-25,11:00-12:00,0.0
财务处,2019-04-25,12:00-13:00,0.0
财务处,2019-04-25,13:00-14:00,0.0
财务处,2019-04-25,14:00-15:00,0.0
财务处,2019-04-25,15:00-16:00,0.0
财务处,2019-04-25,16:00-17:00,0.0
财务处,2019-04-25,17:00-18:00,0.0
财务处,2019-04-25,18:00-19:00,0.0
财务处,2019-04-25,19:00-20:00,0.0
财务处,2019-04-25,20:00-21:00,0.0
财务处,2019-04-25,21:00-22:00,0.0
财务处,2019-04-25,22:00-23:00,0.0
财务处,2019-04-25,23:00-24:00,0.0
财务处,2019-04-26,00:00-01:00,0.0
财务处,2019-04-26,01:00-02:00,0.0
财务处,2019-04-26,02:00-03:00,0.0
财务处,2019-04-26,03:00-04:00,0.0
财务处,2019-04-26,04:00-05:00,0.0
财务处,2019-04-26,05:00-06:00,0.0
财务处,2019-04-26,06:00-07:00,0.0
财务处,2019-04-26,07:00-08:00,0.0
财务处,2019-04-26,08:00-09:00,0.0
财务处,2019-04-26,09:00-10:00,0.0
财务处,2019-04-26,10:00-11:00,0.0
财务处,2019-04-26,11:00-12:00,0.0
财务处,2019-04-26,12:00-13:00,0.0
财务处,2019-04-26,13:00-14:00,0.0
财务处,2019-04-26,14:00-15:00,0.0
财务处,2019-04-26,15:00-16:00,0.0
财务处,2019-04-26,16:00-17:00,0.0
财务处,2019-04-26,17:00-18:00,0.0
财务处,2019-04-26,18:00-19:00,0.0
财务处,2019-04-26,19:00-20:00,0.0
财务处,2019-04-26,20:00-21:00,0.0
财务处,2019-04-26,21:00-22:00,0.0
财务处,2019-04-26,22:00-23:00,0.0
财务处,2019-04-26,23:00-24:00,0.0
财务处,2019-04-27,00:00-01:00,0.0
财务处,2019-04-27,01:00-02:00,0.0
财务处,2019-04-27,02:00-03:00,0.0
财务处,2019-04-27,03:00-04:00,0.0
财务处,2019-04-27,04:00-05:00,0.0
财务处,2019-04-27,05:00-06:00,0.0
财务处,2019-04-27,06:00-07:00,0.0
财务处,2019-04-27,07:00-08:00,0.0
财务处,2019-04-27,08:00-09:00,0.0
财务处,2019-04-27,09:00-10:00,0.0
财务处,2019-04-27,10:00-11:00,0.0
财务处,2019-04-27,11:00-12:00,0.0
财务处,2019-04-27,12:00-13:00,0.0
财务处,2019-04-27,13:00-14:00,0.0
财务处,2019-04-27,14:00-15:00,0.0
财务处,2019-04-27,15:00-16:00,0.0
财务处,2019-04-27,16:00-17:00,0.0
财务处,2019-04-27,17:00-18:00,0.0
财务处,2019-04-27,18:00-19:00,0.0
财务处,2019-04-27,19:00-20:00,0.0
财务处,2019-04-27,20:00-21:00,0.0
财务处,2019-04-27,21:00-22:00,0.0
财务处,2019-04-27,22:00-23:00,0.0
财务处,2019-04-27,23:00-24:00,0.0
财务处,2019-04-28,00:00-01:00,0.0
财务处,2019-04-28,01:00-02:00,0.0
财务处,2019-04-28,02:00-03:00,0.0
财务处,2019-04-28,03:00-04:00,0.0
财务处,2019-04-28,04:00-05:00,0.0
财务处,2019-04-28,05:00-06:00,0.0
财务处,2019-04-28,06:00-07:00,0.0
财务处,2019-04-28,07:00-08:00,0.0
财务处,2019-04-28,08:00-09:00,0.0
财务处,2019-04-28,09:00-10:00,0.0
财务处,2019-04-28,10:00-11:00,0.0
财务处,2019-04-28,11:00-12:00,0.0
财务处,2019-04-28,12:00-13:00,0.0
财务处,2019-04-28,13:00-14:00,0.0
财务处,2019-04-28,14:00-15:00,0.0
财务处,2019-04-28,15:00-16:00,0.0
财务处,2019-04-28,16:00-17:00,0.0
财务处,2019-04-28,17:00-18:00,0.0
财务处,2019-04-28,18:00-19:00,0.0
财务处,2019-04-28,19:00-20:00,0.0
财务处,2019-04-28,20:00-21:00,0.0
财务处,2019-04-28,21:00-22:00,0.0
财务处,2019-04-28,22:00-23:00,0.0
财务处,2019-04-28,23:00-24:00,0.0
财务处,2019-04-29,00:00-01:00,0.0
财务处,2019-04-29,01:00-02:00,0.0
财务处,2019-04-29,02:00-03:00,0.0
财务处,2019-04-29,03:00-04:00,0.0
财务处,2019-04-29,04:00-05:00,0.0
财务处,2019-04-29,05:00-06:00,0.0
财务处,2019-04-29,06:00-07:00,0.0
财务处,2019-04-29,07:00-08:00,0.0
财务处,2019-04-29,08:00-09:00,0.0
财务处,2019-04-29,09:00-10:00,0.0
财务处,2019-04-29,10:00-11:00,0.0
财务处,2019-04-29,11:00-12:00,0.0
财务处,2019-04-29,12:00-13:00,0.0
财务处,2019-04-29,13:00-14:00,0.0
财务处,2019-04-29,14:00-15:00,0.0
财务处,2019-04-29,15:00-16:00,0.0
财务处,2019-04-29,16:00-17:00,0.0
财务处,2019-04-29,17:00-18:00,0.0
财务处,2019-04-29,18:00-19:00,0.0
财务处,2019-04-29,19:00-20:00,0.0
财务处,2019-04-29,20:00-21:00,0.0
财务处,2019-04-29,21:00-22:00,0.0
财务处,2019-04-29,22:00-23:00,0.0
财务处,2019-04-29,23:00-24:00,0.0
财务处,2019-04-30,00:00-01:00,0.0
财务处,2019-04-30,01:00-02:00,0.0
财务处,2019-04-30,02:00-03:00,0.0
财务处,2019-04-30,03:00-04:00,0.0
财务处,2019-04-30,04:00-05:00,0.0
财务处,2019-04-30,05:00-06:00,0.0
财务处,2019-04-30,06:00-07:00,0.0
财务处,2019-04-30,07:00-08:00,0.0
财务处,2019-04-30,08:00-09:00,0.0
财务处,2019-04-30,09:00-10:00,0.0
财务处,2019-04-30,10:00-11:00,0.0
财务处,2019-04-30,11:00-12:00,0.0
财务处,2019-04-30,12:00-13:00,0.0
财务处,2019-04-30,13:00-14:00,0.0
财务处,2019-04-30,14:00-15:00,0.0
财务处,2019-04-30,15:00-16:00,0.0
财务处,2019-04-30,16:00-17:00,0.0
财务处,2019-04-30,17:00-18:00,0.0
财务处,2019-04-30,18:00-19:00,0.0
财务处,2019-04-30,19:00-20:00,0.0
财务处,2019-04-30,20:00-21:00,0.0
财务处,2019-04-30,21:00-22:00,0.0
财务处,2019-04-30,22:00-23:00,0.0
财务处,2019-04-30,23:00-24:00,0.0
财务部,2019-04-01,00:00-01:00,0.0
财务部,2019-04-01,01:00-02:00,0.0
财务部,2019-04-01,02:00-03:00,0.0
财务部,2019-04-01,03:00-04:00,0.0
财务部,2019-04-01,04:00-05:00,0.0
财务部,2019-04-01,05:00-06:00,0.0
财务部,2019-04-01,06:00-07:00,0.0
财务部,2019-04-01,07:00-08:00,0.0
财务部,2019-04-01,08:00-09:00,0.0
财务部,2019-04-01,09:00-10:00,0.0
财务部,2019-04-01,10:00-11:00,0.0
财务部,2019-04-01,11:00-12:00,0.0
财务部,2019-04-01,12:00-13:00,0.0
财务部,2019-04-01,13:00-14:00,0.0
财务部,2019-04-01,14:00-15:00,0.0
财务部,2019-04-01,15:00-16:00,0.0
财务部,2019-04-01,16:00-17:00,0.0
财务部,2019-04-01,17:00-18:00,0.0
财务部,2019-04-01,18:00-19:00,0.0
财务部,2019-04-01,19:00-20:00,0.0
财务部,2019-04-01,20:00-21:00,0.0
财务部,2019-04-01,21:00-22:00,0.0
财务部,2019-04-01,22:00-23:00,0.0
财务部,2019-04-01,23:00-24:00,0.0
财务部,2019-04-02,00:00-01:00,0.0
财务部,2019-04-02,01:00-02:00,0.0
财务部,2019-04-02,02:00-03:00,0.0
财务部,2019-04-02,03:00-04:00,0.0
财务部,2019-04-02,04:00-05:00,0.0
财务部,2019-04-02,05:00-06:00,0.0
财务部,2019-04-02,06:00-07:00,0.0
财务部,2019-04-02,07:00-08:00,0.0
财务部,2019-04-02,08:00-09:00,0.0
财务部,2019-04-02,09:00-10:00,0.0
财务部,2019-04-02,10:00-11:00,0.0
财务部,2019-04-02,11:00-12:00,0.0
财务部,2019-04-02,12:00-13:00,5.5
财务部,2019-04-02,13:00-14:00,0.0
财务部,2019-04-02,14:00-15:00,0.0
财务部,2019-04-02,15:00-16:00,0.0
财务部,2019-04-02,16:00-17:00,15.8
财务部,2019-04-02,17:00-18:00,0.0
财务部,2019-04-02,18:00-19:00,0.0
财务部,2019-04-02,19:00-20:00,0.0
财务部,2019-04-02,20:00-21:00,0.0
财务部,2019-04-02,21:00-22:00,0.0
财务部,2019-04-02,22:00-23:00,0.0
财务部,2019-04-02,23:00-24:00,0.0
财务部,2019-04-03,00:00-01:00,0.0
财务部,2019-04-03,01:00-02:00,0.0
财务部,2019-04-03,02:00-03:00,0.0
财务部,2019-04-03,03:00-04:00,0.0
财务部,2019-04-03,04:00-05:00,0.0
财务部,2019-04-03,05:00-06:00,0.0
财务部,2019-04-03,06:00-07:00,0.0
财务部,2019-04-03,07:00-08:00,0.0
财务部,2019-04-03,08:00-09:00,0.0
财务部,2019-04-03,09:00-10:00,0.0
财务部,2019-04-03,10:00-11:00,0.0
财务部,2019-04-03,11:00-12:00,0.0
财务部,2019-04-03,12:00-13:00,0.0
财务部,2019-04-03,13:00-14:00,0.0
财务部,2019-04-03,14:00-15:00,0.0
财务部,2019-04-03,15:00-16:00,0.0
财务部,2019-04-03,16:00-17:00,11.55
财务部,2019-04-03,17:00-18:00,0.0
财务部,2019-04-03,18:00-19:00,0.0
财务部,2019-04-03,19:00-20:00,0.0
财务部,2019-04-03,20:00-21:00,0.0
财务部,2019-04-03,21:00-22:00,0.0
财务部,2019-04-03,22:00-23:00,0.0
财务部,2019-04-03,23:00-24:00,0.0
财务部,2019-04-04,00:00-01:00,0.0
财务部,2019-04-04,01:00-02:00,0.0
财务部,2019-04-04,02:00-03:00,0.0
财务部,2019-04-04,03:00-04:00,0.0
财务部,2019-04-04,04:00-05:00,0.0
财务部,2019-04-04,05:00-06:00,0.0
财务部,2019-04-04,06:00-07:00,0.0
财务部,2019-04-04,07:00-08:00,0.0
财务部,2019-04-04,08:00-09:00,0.0
财务部,2019-04-04,09:00-10:00,0.0
财务部,2019-04-04,10:00-11:00,0.0
财务部,2019-04-04,11:00-12:00,0.0
财务部,2019-04-04,12:00-13:00,0.0
财务部,2019-04-04,13:00-14:00,0.0
财务部,2019-04-04,14:00-15:00,0.0
财务部,2019-04-04,15:00-16:00,0.0
财务部,2019-04-04,16:00-17:00,0.0
财务部,2019-04-04,17:00-18:00,2.3
财务部,2019-04-04,18:00-19:00,0.0
财务部,2019-04-04,19:00-20:00,0.0
财务部,2019-04-04,20:00-21:00,0.0
财务部,2019-04-04,21:00-22:00,0.0
财务部,2019-04-04,22:00-23:00,0.0
财务部,2019-04-04,23:00-24:00,0.0
财务部,2019-04-05,00:00-01:00,0.0
财务部,2019-04-05,01:00-02:00,0.0
财务部,2019-04-05,02:00-03:00,0.0
财务部,2019-04-05,03:00-04:00,0.0
财务部,2019-04-05,04:00-05:00,0.0
财务部,2019-04-05,05:00-06:00,0.0
财务部,2019-04-05,06:00-07:00,0.0
财务部,2019-04-05,07:00-08:00,0.0
财务部,2019-04-05,08:00-09:00,0.0
财务部,2019-04-05,09:00-10:00,0.0
财务部,2019-04-05,10:00-11:00,0.0
财务部,2019-04-05,11:00-12:00,0.0
财务部,2019-04-05,12:00-13:00,0.0
财务部,2019-04-05,13:00-14:00,0.0
财务部,2019-04-05,14:00-15:00,0.0
财务部,2019-04-05,15:00-16:00,0.0
财务部,2019-04-05,16:00-17:00,0.0
财务部,2019-04-05,17:00-18:00,0.0
财务部,2019-04-05,18:00-19:00,0.0
财务部,2019-04-05,19:00-20:00,0.0
财务部,2019-04-05,20:00-21:00,0.0
财务部,2019-04-05,21:00-22:00,0.0
财务部,2019-04-05,22:00-23:00,0.0
财务部,2019-04-05,23:00-24:00,0.0
财务部,2019-04-06,00:00-01:00,0.0
财务部,2019-04-06,01:00-02:00,0.0
财务部,2019-04-06,02:00-03:00,0.0
财务部,2019-04-06,03:00-04:00,0.0
财务部,2019-04-06,04:00-05:00,0.0
财务部,2019-04-06,05:00-06:00,0.0
财务部,2019-04-06,06:00-07:00,0.0
财务部,2019-04-06,07:00-08:00,0.0
财务部,2019-04-06,08:00-09:00,0.0
财务部,2019-04-06,09:00-10:00,0.0
财务部,2019-04-06,10:00-11:00,0.0
财务部,2019-04-06,11:00-12:00,0.0
财务部,2019-04-06,12:00-13:00,0.0
财务部,2019-04-06,13:00-14:00,0.0
财务部,2019-04-06,14:00-15:00,0.0
财务部,2019-04-06,15:00-16:00,0.0
财务部,2019-04-06,16:00-17:00,0.0
财务部,2019-04-06,17:00-18:00,0.0
财务部,2019-04-06,18:00-19:00,0.0
财务部,2019-04-06,19:00-20:00,0.0
财务部,2019-04-06,20:00-21:00,0.0
财务部,2019-04-06,21:00-22:00,0.0
财务部,2019-04-06,22:00-23:00,0.0
财务部,2019-04-06,23:00-24:00,0.0
财务部,2019-04-07,00:00-01:00,0.0
财务部,2019-04-07,01:00-02:00,0.0
财务部,2019-04-07,02:00-03:00,0.0
财务部,2019-04-07,03:00-04:00,0.0
财务部,2019-04-07,04:00-05:00,0.0
财务部,2019-04-07,05:00-06:00,0.0
财务部,2019-04-07,06:00-07:00,0.0
财务部,2019-04-07,07:00-08:00,0.0
财务部,2019-04-07,08:00-09:00,0.0
财务部,2019-04-07,09:00-10:00,0.0
财务部,2019-04-07,10:00-11:00,0.0
财务部,2019-04-07,11:00-12:00,0.0
财务部,2019-04-07,12:00-13:00,0.0
财务部,2019-04-07,13:00-14:00,0.0
财务部,2019-04-07,14:00-15:00,0.0
财务部,2019-04-07,15:00-16:00,0.0
财务部,2019-04-07,16:00-17:00,0.0
财务部,2019-04-07,17:00-18:00,0.0
财务部,2019-04-07,18:00-19:00,0.0
财务部,2019-04-07,19:00-20:00,0.0
财务部,2019-04-07,20:00-21:00,0.0
财务部,2019-04-07,21:00-22:00,0.0
财务部,2019-04-07,22:00-23:00,0.0
财务部,2019-04-07,23:00-24:00,0.0
财务部,2019-04-08,00:00-01:00,0.0
财务部,2019-04-08,01:00-02:00,0.0
财务部,2019-04-08,02:00-03:00,0.0
财务部,2019-04-08,03:00-04:00,0.0
财务部,2019-04-08,04:00-05:00,0.0
财务部,2019-04-08,05:00-06:00,0.0
财务部,2019-04-08,06:00-07:00,0.0
财务部,2019-04-08,07:00-08:00,0.0
财务部,2019-04-08,08:00-09:00,0.0
财务部,2019-04-08,09:00-10:00,0.0
财务部,2019-04-08,10:00-11:00,0.0
财务部,2019-04-08,11:00-12:00,0.0
财务部,2019-04-08,12:00-13:00,0.0
财务部,2019-04-08,13:00-14:00,0.0
财务部,2019-04-08,14:00-15:00,0.0
财务部,2019-04-08,15:00-16:00,0.0
财务部,2019-04-08,16:00-17:00,21.5
财务部,2019-04-08,17:00-18:00,2.7
财务部,2019-04-08,18:00-19:00,12.8
财务部,2019-04-08,19:00-20:00,0.0
财务部,2019-04-08,20:00-21:00,0.0
财务部,2019-04-08,21:00-22:00,0.0
财务部,2019-04-08,22:00-23:00,0.0
财务部,2019-04-08,23:00-24:00,0.0
财务部,2019-04-09,00:00-01:00,0.0
财务部,2019-04-09,01:00-02:00,0.0
财务部,2019-04-09,02:00-03:00,0.0
财务部,2019-04-09,03:00-04:00,0.0
财务部,2019-04-09,04:00-05:00,0.0
财务部,2019-04-09,05:00-06:00,0.0
财务部,2019-04-09,06:00-07:00,0.0
财务部,2019-04-09,07:00-08:00,0.0
财务部,2019-04-09,08:00-09:00,0.0
财务部,2019-04-09,09:00-10:00,0.0
财务部,2019-04-09,10:00-11:00,0.0
财务部,2019-04-09,11:00-12:00,1.5
财务部,2019-04-09,12:00-13:00,0.0
财务部,2019-04-09,13:00-14:00,0.0
财务部,2019-04-09,14:00-15:00,0.0
财务部,2019-04-09,15:00-16:00,0.0
财务部,2019-04-09,16:00-17:00,0.0
财务部,2019-04-09,17:00-18:00,0.0
财务部,2019-04-09,18:00-19:00,0.0
财务部,2019-04-09,19:00-20:00,0.0
财务部,2019-04-09,20:00-21:00,0.0
财务部,2019-04-09,21:00-22:00,0.0
财务部,2019-04-09,22:00-23:00,0.0
财务部,2019-04-09,23:00-24:00,0.0
财务部,2019-04-10,00:00-01:00,0.0
财务部,2019-04-10,01:00-02:00,0.0
财务部,2019-04-10,02:00-03:00,0.0
财务部,2019-04-10,03:00-04:00,0.0
财务部,2019-04-10,04:00-05:00,0.0
财务部,2019-04-10,05:00-06:00,0.0
财务部,2019-04-10,06:00-07:00,0.0
财务部,2019-04-10,07:00-08:00,0.0
财务部,2019-04-10,08:00-09:00,0.0
财务部,2019-04-10,09:00-10:00,0.0
财务部,2019-04-10,10:00-11:00,0.0
财务部,2019-04-10,11:00-12:00,0.0
财务部,2019-04-10,12:00-13:00,0.0
财务部,2019-04-10,13:00-14:00,0.0
财务部,2019-04-10,14:00-15:00,0.0
财务部,2019-04-10,15:00-16:00,0.0
财务部,2019-04-10,16:00-17:00,0.3
财务部,2019-04-10,17:00-18:00,0.0
财务部,2019-04-10,18:00-19:00,0.0
财务部,2019-04-10,19:00-20:00,0.0
财务部,2019-04-10,20:00-21:00,0.0
财务部,2019-04-10,21:00-22:00,0.0
财务部,2019-04-10,22:00-23:00,0.0
财务部,2019-04-10,23:00-24:00,0.0
财务部,2019-04-11,00:00-01:00,0.0
财务部,2019-04-11,01:00-02:00,0.0
财务部,2019-04-11,02:00-03:00,0.0
财务部,2019-04-11,03:00-04:00,0.0
财务部,2019-04-11,04:00-05:00,0.0
财务部,2019-04-11,05:00-06:00,0.0
财务部,2019-04-11,06:00-07:00,0.0
财务部,2019-04-11,07:00-08:00,0.0
财务部,2019-04-11,08:00-09:00,0.0
财务部,2019-04-11,09:00-10:00,0.0
财务部,2019-04-11,10:00-11:00,0.0
财务部,2019-04-11,11:00-12:00,0.0
财务部,2019-04-11,12:00-13:00,0.0
财务部,2019-04-11,13:00-14:00,0.0
财务部,2019-04-11,14:00-15:00,0.0
财务部,2019-04-11,15:00-16:00,0.0
财务部,2019-04-11,16:00-17:00,0.0
财务部,2019-04-11,17:00-18:00,0.0
财务部,2019-04-11,18:00-19:00,0.0
财务部,2019-04-11,19:00-20:00,0.0
财务部,2019-04-11,20:00-21:00,0.0
财务部,2019-04-11,21:00-22:00,0.0
财务部,2019-04-11,22:00-23:00,0.0
财务部,2019-04-11,23:00-24:00,0.0
财务部,2019-04-12,00:00-01:00,0.0
财务部,2019-04-12,01:00-02:00,0.0
财务部,2019-04-12,02:00-03:00,0.0
财务部,2019-04-12,03:00-04:00,0.0
财务部,2019-04-12,04:00-05:00,0.0
财务部,2019-04-12,05:00-06:00,0.0
财务部,2019-04-12,06:00-07:00,0.0
财务部,2019-04-12,07:00-08:00,0.0
财务部,2019-04-12,08:00-09:00,0.0
财务部,2019-04-12,09:00-10:00,0.0
财务部,2019-04-12,10:00-11:00,0.0
财务部,2019-04-12,11:00-12:00,0.0
财务部,2019-04-12,12:00-13:00,0.0
财务部,2019-04-12,13:00-14:00,0.0
财务部,2019-04-12,14:00-15:00,0.0
财务部,2019-04-12,15:00-16:00,0.0
财务部,2019-04-12,16:00-17:00,0.0
财务部,2019-04-12,17:00-18:00,0.0
财务部,2019-04-12,18:00-19:00,0.0
财务部,2019-04-12,19:00-20:00,0.0
财务部,2019-04-12,20:00-21:00,0.0
财务部,2019-04-12,21:00-22:00,0.0
财务部,2019-04-12,22:00-23:00,0.0
财务部,2019-04-12,23:00-24:00,0.0
财务部,2019-04-13,00:00-01:00,0.0
财务部,2019-04-13,01:00-02:00,0.0
财务部,2019-04-13,02:00-03:00,0.0
财务部,2019-04-13,03:00-04:00,0.0
财务部,2019-04-13,04:00-05:00,0.0
财务部,2019-04-13,05:00-06:00,0.0
财务部,2019-04-13,06:00-07:00,0.0
财务部,2019-04-13,07:00-08:00,0.0
财务部,2019-04-13,08:00-09:00,0.0
财务部,2019-04-13,09:00-10:00,0.0
财务部,2019-04-13,10:00-11:00,0.0
财务部,2019-04-13,11:00-12:00,0.0
财务部,2019-04-13,12:00-13:00,0.0
财务部,2019-04-13,13:00-14:00,0.0
财务部,2019-04-13,14:00-15:00,0.0
财务部,2019-04-13,15:00-16:00,0.0
财务部,2019-04-13,16:00-17:00,0.0
财务部,2019-04-13,17:00-18:00,0.0
财务部,2019-04-13,18:00-19:00,0.0
财务部,2019-04-13,19:00-20:00,0.0
财务部,2019-04-13,20:00-21:00,0.0
财务部,2019-04-13,21:00-22:00,0.0
财务部,2019-04-13,22:00-23:00,0.0
财务部,2019-04-13,23:00-24:00,0.0
财务部,2019-04-14,00:00-01:00,0.0
财务部,2019-04-14,01:00-02:00,0.0
财务部,2019-04-14,02:00-03:00,0.0
财务部,2019-04-14,03:00-04:00,0.0
财务部,2019-04-14,04:00-05:00,0.0
财务部,2019-04-14,05:00-06:00,0.0
财务部,2019-04-14,06:00-07:00,0.0
财务部,2019-04-14,07:00-08:00,0.0
财务部,2019-04-14,08:00-09:00,0.0
财务部,2019-04-14,09:00-10:00,0.0
财务部,2019-04-14,10:00-11:00,0.0
财务部,2019-04-14,11:00-12:00,0.0
财务部,2019-04-14,12:00-13:00,0.0
财务部,2019-04-14,13:00-14:00,0.0
财务部,2019-04-14,14:00-15:00,0.0
财务部,2019-04-14,15:00-16:00,0.0
财务部,2019-04-14,16:00-17:00,0.0
财务部,2019-04-14,17:00-18:00,0.0
财务部,2019-04-14,18:00-19:00,0.0
财务部,2019-04-14,19:00-20:00,0.0
财务部,2019-04-14,20:00-21:00,0.0
财务部,2019-04-14,21:00-22:00,0.0
财务部,2019-04-14,22:00-23:00,0.0
财务部,2019-04-14,23:00-24:00,0.0
财务部,2019-04-15,00:00-01:00,0.0
财务部,2019-04-15,01:00-02:00,0.0
财务部,2019-04-15,02:00-03:00,0.0
财务部,2019-04-15,03:00-04:00,0.0
财务部,2019-04-15,04:00-05:00,0.0
财务部,2019-04-15,05:00-06:00,0.0
财务部,2019-04-15,06:00-07:00,0.0
财务部,2019-04-15,07:00-08:00,0.0
财务部,2019-04-15,08:00-09:00,0.0
财务部,2019-04-15,09:00-10:00,0.0
财务部,2019-04-15,10:00-11:00,0.0
财务部,2019-04-15,11:00-12:00,0.0
财务部,2019-04-15,12:00-13:00,7.0
财务部,2019-04-15,13:00-14:00,0.0
财务部,2019-04-15,14:00-15:00,0.0
财务部,2019-04-15,15:00-16:00,0.0
财务部,2019-04-15,16:00-17:00,0.0
财务部,2019-04-15,17:00-18:00,0.0
财务部,2019-04-15,18:00-19:00,0.0
财务部,2019-04-15,19:00-20:00,0.0
财务部,2019-04-15,20:00-21:00,0.0
财务部,2019-04-15,21:00-22:00,0.0
财务部,2019-04-15,22:00-23:00,0.0
财务部,2019-04-15,23:00-24:00,0.0
财务部,2019-04-16,00:00-01:00,0.0
财务部,2019-04-16,01:00-02:00,0.0
财务部,2019-04-16,02:00-03:00,0.0
财务部,2019-04-16,03:00-04:00,0.0
财务部,2019-04-16,04:00-05:00,0.0
财务部,2019-04-16,05:00-06:00,0.0
财务部,2019-04-16,06:00-07:00,0.0
财务部,2019-04-16,07:00-08:00,0.0
财务部,2019-04-16,08:00-09:00,0.0
财务部,2019-04-16,09:00-10:00,0.0
财务部,2019-04-16,10:00-11:00,0.0
财务部,2019-04-16,11:00-12:00,0.0
财务部,2019-04-16,12:00-13:00,0.0
财务部,2019-04-16,13:00-14:00,0.0
财务部,2019-04-16,14:00-15:00,0.0
财务部,2019-04-16,15:00-16:00,0.0
财务部,2019-04-16,16:00-17:00,0.0
财务部,2019-04-16,17:00-18:00,0.0
财务部,2019-04-16,18:00-19:00,0.0
财务部,2019-04-16,19:00-20:00,0.0
财务部,2019-04-16,20:00-21:00,0.0
财务部,2019-04-16,21:00-22:00,0.0
财务部,2019-04-16,22:00-23:00,0.0
财务部,2019-04-16,23:00-24:00,0.0
财务部,2019-04-17,00:00-01:00,0.0
财务部,2019-04-17,01:00-02:00,0.0
财务部,2019-04-17,02:00-03:00,0.0
财务部,2019-04-17,03:00-04:00,0.0
财务部,2019-04-17,04:00-05:00,0.0
财务部,2019-04-17,05:00-06:00,0.0
财务部,2019-04-17,06:00-07:00,0.0
财务部,2019-04-17,07:00-08:00,0.0
财务部,2019-04-17,08:00-09:00,0.0
财务部,2019-04-17,09:00-10:00,0.0
财务部,2019-04-17,10:00-11:00,0.0
财务部,2019-04-17,11:00-12:00,0.0
财务部,2019-04-17,12:00-13:00,0.0
财务部,2019-04-17,13:00-14:00,0.0
财务部,2019-04-17,14:00-15:00,0.0
财务部,2019-04-17,15:00-16:00,0.0
财务部,2019-04-17,16:00-17:00,0.0
财务部,2019-04-17,17:00-18:00,0.0
财务部,2019-04-17,18:00-19:00,0.0
财务部,2019-04-17,19:00-20:00,0.0
财务部,2019-04-17,20:00-21:00,0.0
财务部,2019-04-17,21:00-22:00,0.0
财务部,2019-04-17,22:00-23:00,0.0
财务部,2019-04-17,23:00-24:00,0.0
财务部,2019-04-18,00:00-01:00,0.0
财务部,2019-04-18,01:00-02:00,0.0
财务部,2019-04-18,02:00-03:00,0.0
财务部,2019-04-18,03:00-04:00,0.0
财务部,2019-04-18,04:00-05:00,0.0
财务部,2019-04-18,05:00-06:00,0.0
财务部,2019-04-18,06:00-07:00,0.0
财务部,2019-04-18,07:00-08:00,0.0
财务部,2019-04-18,08:00-09:00,0.0
财务部,2019-04-18,09:00-10:00,0.0
财务部,2019-04-18,10:00-11:00,0.0
财务部,2019-04-18,11:00-12:00,0.0
财务部,2019-04-18,12:00-13:00,0.0
财务部,2019-04-18,13:00-14:00,0.0
财务部,2019-04-18,14:00-15:00,0.0
财务部,2019-04-18,15:00-16:00,0.0
财务部,2019-04-18,16:00-17:00,0.0
财务部,2019-04-18,17:00-18:00,0.0
财务部,2019-04-18,18:00-19:00,0.0
财务部,2019-04-18,19:00-20:00,0.0
财务部,2019-04-18,20:00-21:00,0.0
财务部,2019-04-18,21:00-22:00,0.0
财务部,2019-04-18,22:00-23:00,0.0
财务部,2019-04-18,23:00-24:00,0.0
财务部,2019-04-19,00:00-01:00,0.0
财务部,2019-04-19,01:00-02:00,0.0
财务部,2019-04-19,02:00-03:00,0.0
财务部,2019-04-19,03:00-04:00,0.0
财务部,2019-04-19,04:00-05:00,0.0
财务部,2019-04-19,05:00-06:00,0.0
财务部,2019-04-19,06:00-07:00,0.0
财务部,2019-04-19,07:00-08:00,0.0
财务部,2019-04-19,08:00-09:00,0.0
财务部,2019-04-19,09:00-10:00,0.0
财务部,2019-04-19,10:00-11:00,0.0
财务部,2019-04-19,11:00-12:00,0.0
财务部,2019-04-19,12:00-13:00,0.0
财务部,2019-04-19,13:00-14:00,0.0
财务部,2019-04-19,14:00-15:00,0.0
财务部,2019-04-19,15:00-16:00,0.0
财务部,2019-04-19,16:00-17:00,0.2
财务部,2019-04-19,17:00-18:00,0.0
财务部,2019-04-19,18:00-19:00,0.0
财务部,2019-04-19,19:00-20:00,0.0
财务部,2019-04-19,20:00-21:00,0.0
财务部,2019-04-19,21:00-22:00,0.0
财务部,2019-04-19,22:00-23:00,0.0
财务部,2019-04-19,23:00-24:00,0.0
财务部,2019-04-20,00:00-01:00,0.0
财务部,2019-04-20,01:00-02:00,0.0
财务部,2019-04-20,02:00-03:00,0.0
财务部,2019-04-20,03:00-04:00,0.0
财务部,2019-04-20,04:00-05:00,0.0
财务部,2019-04-20,05:00-06:00,0.0
财务部,2019-04-20,06:00-07:00,0.0
财务部,2019-04-20,07:00-08:00,0.0
财务部,2019-04-20,08:00-09:00,0.0
财务部,2019-04-20,09:00-10:00,0.0
财务部,2019-04-20,10:00-11:00,0.0
财务部,2019-04-20,11:00-12:00,0.0
财务部,2019-04-20,12:00-13:00,0.0
财务部,2019-04-20,13:00-14:00,0.0
财务部,2019-04-20,14:00-15:00,0.0
财务部,2019-04-20,15:00-16:00,0.0
财务部,2019-04-20,16:00-17:00,0.0
财务部,2019-04-20,17:00-18:00,0.0
财务部,2019-04-20,18:00-19:00,0.0
财务部,2019-04-20,19:00-20:00,0.0
财务部,2019-04-20,20:00-21:00,0.0
财务部,2019-04-20,21:00-22:00,0.0
财务部,2019-04-20,22:00-23:00,0.0
财务部,2019-04-20,23:00-24:00,0.0
财务部,2019-04-21,00:00-01:00,0.0
财务部,2019-04-21,01:00-02:00,0.0
财务部,2019-04-21,02:00-03:00,0.0
财务部,2019-04-21,03:00-04:00,0.0
财务部,2019-04-21,04:00-05:00,0.0
财务部,2019-04-21,05:00-06:00,0.0
财务部,2019-04-21,06:00-07:00,0.0
财务部,2019-04-21,07:00-08:00,0.0
财务部,2019-04-21,08:00-09:00,0.0
财务部,2019-04-21,09:00-10:00,0.0
财务部,2019-04-21,10:00-11:00,0.0
财务部,2019-04-21,11:00-12:00,0.0
财务部,2019-04-21,12:00-13:00,0.0
财务部,2019-04-21,13:00-14:00,0.0
财务部,2019-04-21,14:00-15:00,0.0
财务部,2019-04-21,15:00-16:00,0.0
财务部,2019-04-21,16:00-17:00,0.0
财务部,2019-04-21,17:00-18:00,0.0
财务部,2019-04-21,18:00-19:00,0.0
财务部,2019-04-21,19:00-20:00,0.0
财务部,2019-04-21,20:00-21:00,0.0
财务部,2019-04-21,21:00-22:00,0.0
财务部,2019-04-21,22:00-23:00,0.0
财务部,2019-04-21,23:00-24:00,0.0
财务部,2019-04-22,00:00-01:00,0.0
财务部,2019-04-22,01:00-02:00,0.0
财务部,2019-04-22,02:00-03:00,0.0
财务部,2019-04-22,03:00-04:00,0.0
财务部,2019-04-22,04:00-05:00,0.0
财务部,2019-04-22,05:00-06:00,0.0
财务部,2019-04-22,06:00-07:00,0.0
财务部,2019-04-22,07:00-08:00,0.0
财务部,2019-04-22,08:00-09:00,0.0
财务部,2019-04-22,09:00-10:00,0.0
财务部,2019-04-22,10:00-11:00,0.0
财务部,2019-04-22,11:00-12:00,0.0
财务部,2019-04-22,12:00-13:00,0.0
财务部,2019-04-22,13:00-14:00,0.0
财务部,2019-04-22,14:00-15:00,0.0
财务部,2019-04-22,15:00-16:00,0.0
财务部,2019-04-22,16:00-17:00,0.0
财务部,2019-04-22,17:00-18:00,0.0
财务部,2019-04-22,18:00-19:00,0.0
财务部,2019-04-22,19:00-20:00,0.0
财务部,2019-04-22,20:00-21:00,0.0
财务部,2019-04-22,21:00-22:00,0.0
财务部,2019-04-22,22:00-23:00,0.0
财务部,2019-04-22,23:00-24:00,0.0
财务部,2019-04-23,00:00-01:00,0.0
财务部,2019-04-23,01:00-02:00,0.0
财务部,2019-04-23,02:00-03:00,0.0
财务部,2019-04-23,03:00-04:00,0.0
财务部,2019-04-23,04:00-05:00,0.0
财务部,2019-04-23,05:00-06:00,0.0
财务部,2019-04-23,06:00-07:00,0.0
财务部,2019-04-23,07:00-08:00,0.0
财务部,2019-04-23,08:00-09:00,0.0
财务部,2019-04-23,09:00-10:00,0.0
财务部,2019-04-23,10:00-11:00,0.0
财务部,2019-04-23,11:00-12:00,0.0
财务部,2019-04-23,12:00-13:00,0.0
财务部,2019-04-23,13:00-14:00,0.0
财务部,2019-04-23,14:00-15:00,0.0
财务部,2019-04-23,15:00-16:00,0.0
财务部,2019-04-23,16:00-17:00,0.0
财务部,2019-04-23,17:00-18:00,0.0
财务部,2019-04-23,18:00-19:00,0.0
财务部,2019-04-23,19:00-20:00,0.0
财务部,2019-04-23,20:00-21:00,0.0
财务部,2019-04-23,21:00-22:00,0.0
财务部,2019-04-23,22:00-23:00,0.0
财务部,2019-04-23,23:00-24:00,0.0
财务部,2019-04-24,00:00-01:00,0.0
财务部,2019-04-24,01:00-02:00,0.0
财务部,2019-04-24,02:00-03:00,0.0
财务部,2019-04-24,03:00-04:00,0.0
财务部,2019-04-24,04:00-05:00,0.0
财务部,2019-04-24,05:00-06:00,0.0
财务部,2019-04-24,06:00-07:00,0.0
财务部,2019-04-24,07:00-08:00,0.0
财务部,2019-04-24,08:00-09:00,0.0
财务部,2019-04-24,09:00-10:00,0.0
财务部,2019-04-24,10:00-11:00,0.0
财务部,2019-04-24,11:00-12:00,0.0
财务部,2019-04-24,12:00-13:00,0.0
财务部,2019-04-24,13:00-14:00,0.0
财务部,2019-04-24,14:00-15:00,0.0
财务部,2019-04-24,15:00-16:00,0.0
财务部,2019-04-24,16:00-17:00,0.0
财务部,2019-04-24,17:00-18:00,0.0
财务部,2019-04-24,18:00-19:00,0.0
财务部,2019-04-24,19:00-20:00,0.0
财务部,2019-04-24,20:00-21:00,0.0
财务部,2019-04-24,21:00-22:00,0.0
财务部,2019-04-24,22:00-23:00,0.0
财务部,2019-04-24,23:00-24:00,0.0
财务部,2019-04-25,00:00-01:00,0.0
财务部,2019-04-25,01:00-02:00,0.0
财务部,2019-04-25,02:00-03:00,0.0
财务部,2019-04-25,03:00-04:00,0.0
财务部,2019-04-25,04:00-05:00,0.0
财务部,2019-04-25,05:00-06:00,0.0
财务部,2019-04-25,06:00-07:00,0.0
财务部,2019-04-25,07:00-08:00,0.0
财务部,2019-04-25,08:00-09:00,0.0
财务部,2019-04-25,09:00-10:00,19.7
财务部,2019-04-25,10:00-11:00,0.0
财务部,2019-04-25,11:00-12:00,0.0
财务部,2019-04-25,12:00-13:00,0.0
财务部,2019-04-25,13:00-14:00,0.0
财务部,2019-04-25,14:00-15:00,0.0
财务部,2019-04-25,15:00-16:00,0.0
财务部,2019-04-25,16:00-17:00,0.0
财务部,2019-04-25,17:00-18:00,0.0
财务部,2019-04-25,18:00-19:00,0.0
财务部,2019-04-25,19:00-20:00,0.0
财务部,2019-04-25,20:00-21:00,0.0
财务部,2019-04-25,21:00-22:00,0.0
财务部,2019-04-25,22:00-23:00,0.0
财务部,2019-04-25,23:00-24:00,0.0
财务部,2019-04-26,00:00-01:00,0.0
财务部,2019-04-26,01:00-02:00,0.0
财务部,2019-04-26,02:00-03:00,0.0
财务部,2019-04-26,03:00-04:00,0.0
财务部,2019-04-26,04:00-05:00,0.0
财务部,2019-04-26,05:00-06:00,0.0
财务部,2019-04-26,06:00-07:00,0.0
财务部,2019-04-26,07:00-08:00,0.0
财务部,2019-04-26,08:00-09:00,0.0
财务部,2019-04-26,09:00-10:00,0.0
财务部,2019-04-26,10:00-11:00,0.0
财务部,2019-04-26,11:00-12:00,0.0
财务部,2019-04-26,12:00-13:00,0.0
财务部,2019-04-26,13:00-14:00,0.0
财务部,2019-04-26,14:00-15:00,0.0
财务部,2019-04-26,15:00-16:00,0.0
财务部,2019-04-26,16:00-17:00,0.0
财务部,2019-04-26,17:00-18:00,0.0
财务部,2019-04-26,18:00-19:00,0.0
财务部,2019-04-26,19:00-20:00,0.0
财务部,2019-04-26,20:00-21:00,0.0
财务部,2019-04-26,21:00-22:00,0.0
财务部,2019-04-26,22:00-23:00,0.0
财务部,2019-04-26,23:00-24:00,0.0
财务部,2019-04-27,00:00-01:00,0.0
财务部,2019-04-27,01:00-02:00,0.0
财务部,2019-04-27,02:00-03:00,0.0
财务部,2019-04-27,03:00-04:00,0.0
财务部,2019-04-27,04:00-05:00,0.0
财务部,2019-04-27,05:00-06:00,0.0
财务部,2019-04-27,06:00-07:00,0.0
财务部,2019-04-27,07:00-08:00,0.0
财务部,2019-04-27,08:00-09:00,0.0
财务部,2019-04-27,09:00-10:00,0.0
财务部,2019-04-27,10:00-11:00,0.0
财务部,2019-04-27,11:00-12:00,0.0
财务部,2019-04-27,12:00-13:00,0.0
财务部,2019-04-27,13:00-14:00,0.0
财务部,2019-04-27,14:00-15:00,0.0
财务部,2019-04-27,15:00-16:00,0.0
财务部,2019-04-27,16:00-17:00,0.0
财务部,2019-04-27,17:00-18:00,0.0
财务部,2019-04-27,18:00-19:00,0.0
财务部,2019-04-27,19:00-20:00,0.0
财务部,2019-04-27,20:00-21:00,0.0
财务部,2019-04-27,21:00-22:00,0.0
财务部,2019-04-27,22:00-23:00,0.0
财务部,2019-04-27,23:00-24:00,0.0
财务部,2019-04-28,00:00-01:00,0.0
财务部,2019-04-28,01:00-02:00,0.0
财务部,2019-04-28,02:00-03:00,0.0
财务部,2019-04-28,03:00-04:00,0.0
财务部,2019-04-28,04:00-05:00,0.0
财务部,2019-04-28,05:00-06:00,0.0
财务部,2019-04-28,06:00-07:00,0.0
财务部,2019-04-28,07:00-08:00,0.0
财务部,2019-04-28,08:00-09:00,0.0
财务部,2019-04-28,09:00-10:00,0.0
财务部,2019-04-28,10:00-11:00,0.0
财务部,2019-04-28,11:00-12:00,0.0
财务部,2019-04-28,12:00-13:00,0.0
财务部,2019-04-28,13:00-14:00,0.0
财务部,2019-04-28,14:00-15:00,0.0
财务部,2019-04-28,15:00-16:00,0.0
财务部,2019-04-28,16:00-17:00,0.0
财务部,2019-04-28,17:00-18:00,0.0
财务部,2019-04-28,18:00-19:00,0.0
财务部,2019-04-28,19:00-20:00,0.0
财务部,2019-04-28,20:00-21:00,0.0
财务部,2019-04-28,21:00-22:00,0.0
财务部,2019-04-28,22:00-23:00,0.0
财务部,2019-04-28,23:00-24:00,0.0
财务部,2019-04-29,00:00-01:00,0.0
财务部,2019-04-29,01:00-02:00,0.0
财务部,2019-04-29,02:00-03:00,0.0
财务部,2019-04-29,03:00-04:00,0.0
财务部,2019-04-29,04:00-05:00,0.0
财务部,2019-04-29,05:00-06:00,0.0
财务部,2019-04-29,06:00-07:00,0.0
财务部,2019-04-29,07:00-08:00,0.0
财务部,2019-04-29,08:00-09:00,0.0
财务部,2019-04-29,09:00-10:00,0.0
财务部,2019-04-29,10:00-11:00,0.0
财务部,2019-04-29,11:00-12:00,0.0
财务部,2019-04-29,12:00-13:00,0.0
财务部,2019-04-29,13:00-14:00,0.0
财务部,2019-04-29,14:00-15:00,0.0
财务部,2019-04-29,15:00-16:00,0.0
财务部,2019-04-29,16:00-17:00,0.0
财务部,2019-04-29,17:00-18:00,0.0
财务部,2019-04-29,18:00-19:00,0.0
财务部,2019-04-29,19:00-20:00,0.0
财务部,2019-04-29,20:00-21:00,0.0
财务部,2019-04-29,21:00-22:00,0.0
财务部,2019-04-29,22:00-23:00,0.0
财务部,2019-04-29,23:00-24:00,0.0
财务部,2019-04-30,00:00-01:00,0.0
财务部,2019-04-30,01:00-02:00,0.0
财务部,2019-04-30,02:00-03:00,0.0
财务部,2019-04-30,03:00-04:00,0.0
财务部,2019-04-30,04:00-05:00,0.0
财务部,2019-04-30,05:00-06:00,0.0
财务部,2019-04-30,06:00-07:00,0.0
财务部,2019-04-30,07:00-08:00,0.0
财务部,2019-04-30,08:00-09:00,0.0
财务部,2019-04-30,09:00-10:00,0.0
财务部,2019-04-30,10:00-11:00,0.0
财务部,2019-04-30,11:00-12:00,0.0
财务部,2019-04-30,12:00-13:00,0.0
财务部,2019-04-30,13:00-14:00,0.0
财务部,2019-04-30,14:00-15:00,0.0
财务部,2019-04-30,15:00-16:00,0.0
财务部,2019-04-30,16:00-17:00,0.0
财务部,2019-04-30,17:00-18:00,0.0
财务部,2019-04-30,18:00-19:00,0.0
财务部,2019-04-30,19:00-20:00,0.0
财务部,2019-04-30,20:00-21:00,0.0
财务部,2019-04-30,21:00-22:00,0.0
财务部,2019-04-30,22:00-23:00,0.0
财务部,2019-04-30,23:00-24:00,0.0
青鸾苑宿管办,2019-04-01,00:00-01:00,0.0
青鸾苑宿管办,2019-04-01,01:00-02:00,0.0
青鸾苑宿管办,2019-04-01,02:00-03:00,0.0
青鸾苑宿管办,2019-04-01,03:00-04:00,0.0
青鸾苑宿管办,2019-04-01,04:00-05:00,0.0
青鸾苑宿管办,2019-04-01,05:00-06:00,0.0
青鸾苑宿管办,2019-04-01,06:00-07:00,0.0
青鸾苑宿管办,2019-04-01,07:00-08:00,0.0
青鸾苑宿管办,2019-04-01,08:00-09:00,0.0
青鸾苑宿管办,2019-04-01,09:00-10:00,0.0
青鸾苑宿管办,2019-04-01,10:00-11:00,0.0
青鸾苑宿管办,2019-04-01,11:00-12:00,0.0
青鸾苑宿管办,2019-04-01,12:00-13:00,0.0
青鸾苑宿管办,2019-04-01,13:00-14:00,0.0
青鸾苑宿管办,2019-04-01,14:00-15:00,0.0
青鸾苑宿管办,2019-04-01,15:00-16:00,0.0
青鸾苑宿管办,2019-04-01,16:00-17:00,0.0
青鸾苑宿管办,2019-04-01,17:00-18:00,0.0
青鸾苑宿管办,2019-04-01,18:00-19:00,0.0
青鸾苑宿管办,2019-04-01,19:00-20:00,0.0
青鸾苑宿管办,2019-04-01,20:00-21:00,0.0
青鸾苑宿管办,2019-04-01,21:00-22:00,0.0
青鸾苑宿管办,2019-04-01,22:00-23:00,0.0
青鸾苑宿管办,2019-04-01,23:00-24:00,0.0
青鸾苑宿管办,2019-04-02,00:00-01:00,0.0
青鸾苑宿管办,2019-04-02,01:00-02:00,0.0
青鸾苑宿管办,2019-04-02,02:00-03:00,20.0
青鸾苑宿管办,2019-04-02,03:00-04:00,0.0
青鸾苑宿管办,2019-04-02,04:00-05:00,0.0
青鸾苑宿管办,2019-04-02,05:00-06:00,0.0
青鸾苑宿管办,2019-04-02,06:00-07:00,0.0
青鸾苑宿管办,2019-04-02,07:00-08:00,0.0
青鸾苑宿管办,2019-04-02,08:00-09:00,0.0
青鸾苑宿管办,2019-04-02,09:00-10:00,0.0
青鸾苑宿管办,2019-04-02,10:00-11:00,0.0
青鸾苑宿管办,2019-04-02,11:00-12:00,0.0
青鸾苑宿管办,2019-04-02,12:00-13:00,0.0
青鸾苑宿管办,2019-04-02,13:00-14:00,0.0
青鸾苑宿管办,2019-04-02,14:00-15:00,0.0
青鸾苑宿管办,2019-04-02,15:00-16:00,0.0
青鸾苑宿管办,2019-04-02,16:00-17:00,0.0
青鸾苑宿管办,2019-04-02,17:00-18:00,0.0
青鸾苑宿管办,2019-04-02,18:00-19:00,0.0
青鸾苑宿管办,2019-04-02,19:00-20:00,0.0
青鸾苑宿管办,2019-04-02,20:00-21:00,0.0
青鸾苑宿管办,2019-04-02,21:00-22:00,0.0
青鸾苑宿管办,2019-04-02,22:00-23:00,0.0
青鸾苑宿管办,2019-04-02,23:00-24:00,0.0
青鸾苑宿管办,2019-04-03,00:00-01:00,0.0
青鸾苑宿管办,2019-04-03,01:00-02:00,0.0
青鸾苑宿管办,2019-04-03,02:00-03:00,0.0
青鸾苑宿管办,2019-04-03,03:00-04:00,0.0
青鸾苑宿管办,2019-04-03,04:00-05:00,0.0
青鸾苑宿管办,2019-04-03,05:00-06:00,0.0
青鸾苑宿管办,2019-04-03,06:00-07:00,0.0
青鸾苑宿管办,2019-04-03,07:00-08:00,0.0
青鸾苑宿管办,2019-04-03,08:00-09:00,0.0
青鸾苑宿管办,2019-04-03,09:00-10:00,0.0
青鸾苑宿管办,2019-04-03,10:00-11:00,0.0
青鸾苑宿管办,2019-04-03,11:00-12:00,0.0
青鸾苑宿管办,2019-04-03,12:00-13:00,0.0
青鸾苑宿管办,2019-04-03,13:00-14:00,0.0
青鸾苑宿管办,2019-04-03,14:00-15:00,0.0
青鸾苑宿管办,2019-04-03,15:00-16:00,0.0
青鸾苑宿管办,2019-04-03,16:00-17:00,0.0
青鸾苑宿管办,2019-04-03,17:00-18:00,0.0
青鸾苑宿管办,2019-04-03,18:00-19:00,0.0
青鸾苑宿管办,2019-04-03,19:00-20:00,0.0
青鸾苑宿管办,2019-04-03,20:00-21:00,0.0
青鸾苑宿管办,2019-04-03,21:00-22:00,0.0
青鸾苑宿管办,2019-04-03,22:00-23:00,0.0
青鸾苑宿管办,2019-04-03,23:00-24:00,0.0
青鸾苑宿管办,2019-04-04,00:00-01:00,0.0
青鸾苑宿管办,2019-04-04,01:00-02:00,0.0
青鸾苑宿管办,2019-04-04,02:00-03:00,0.0
青鸾苑宿管办,2019-04-04,03:00-04:00,0.0
青鸾苑宿管办,2019-04-04,04:00-05:00,0.0
青鸾苑宿管办,2019-04-04,05:00-06:00,0.0
青鸾苑宿管办,2019-04-04,06:00-07:00,0.0
青鸾苑宿管办,2019-04-04,07:00-08:00,0.0
青鸾苑宿管办,2019-04-04,08:00-09:00,0.0
青鸾苑宿管办,2019-04-04,09:00-10:00,0.0
青鸾苑宿管办,2019-04-04,10:00-11:00,0.0
青鸾苑宿管办,2019-04-04,11:00-12:00,0.0
青鸾苑宿管办,2019-04-04,12:00-13:00,0.0
青鸾苑宿管办,2019-04-04,13:00-14:00,0.0
青鸾苑宿管办,2019-04-04,14:00-15:00,0.0
青鸾苑宿管办,2019-04-04,15:00-16:00,0.0
青鸾苑宿管办,2019-04-04,16:00-17:00,0.0
青鸾苑宿管办,2019-04-04,17:00-18:00,0.0
青鸾苑宿管办,2019-04-04,18:00-19:00,0.0
青鸾苑宿管办,2019-04-04,19:00-20:00,0.0
青鸾苑宿管办,2019-04-04,20:00-21:00,0.0
青鸾苑宿管办,2019-04-04,21:00-22:00,0.0
青鸾苑宿管办,2019-04-04,22:00-23:00,0.0
青鸾苑宿管办,2019-04-04,23:00-24:00,0.0
青鸾苑宿管办,2019-04-05,00:00-01:00,0.0
青鸾苑宿管办,2019-04-05,01:00-02:00,0.0
青鸾苑宿管办,2019-04-05,02:00-03:00,0.0
青鸾苑宿管办,2019-04-05,03:00-04:00,0.0
青鸾苑宿管办,2019-04-05,04:00-05:00,0.0
青鸾苑宿管办,2019-04-05,05:00-06:00,0.0
青鸾苑宿管办,2019-04-05,06:00-07:00,0.0
青鸾苑宿管办,2019-04-05,07:00-08:00,0.0
青鸾苑宿管办,2019-04-05,08:00-09:00,0.0
青鸾苑宿管办,2019-04-05,09:00-10:00,0.0
青鸾苑宿管办,2019-04-05,10:00-11:00,0.0
青鸾苑宿管办,2019-04-05,11:00-12:00,0.0
青鸾苑宿管办,2019-04-05,12:00-13:00,0.0
青鸾苑宿管办,2019-04-05,13:00-14:00,0.0
青鸾苑宿管办,2019-04-05,14:00-15:00,0.0
青鸾苑宿管办,2019-04-05,15:00-16:00,0.0
青鸾苑宿管办,2019-04-05,16:00-17:00,0.0
青鸾苑宿管办,2019-04-05,17:00-18:00,0.0
青鸾苑宿管办,2019-04-05,18:00-19:00,0.0
青鸾苑宿管办,2019-04-05,19:00-20:00,0.0
青鸾苑宿管办,2019-04-05,20:00-21:00,0.0
青鸾苑宿管办,2019-04-05,21:00-22:00,0.0
青鸾苑宿管办,2019-04-05,22:00-23:00,0.0
青鸾苑宿管办,2019-04-05,23:00-24:00,0.0
青鸾苑宿管办,2019-04-06,00:00-01:00,0.0
青鸾苑宿管办,2019-04-06,01:00-02:00,0.0
青鸾苑宿管办,2019-04-06,02:00-03:00,0.0
青鸾苑宿管办,2019-04-06,03:00-04:00,0.0
青鸾苑宿管办,2019-04-06,04:00-05:00,0.0
青鸾苑宿管办,2019-04-06,05:00-06:00,0.0
青鸾苑宿管办,2019-04-06,06:00-07:00,0.0
青鸾苑宿管办,2019-04-06,07:00-08:00,0.0
青鸾苑宿管办,2019-04-06,08:00-09:00,0.0
青鸾苑宿管办,2019-04-06,09:00-10:00,0.0
青鸾苑宿管办,2019-04-06,10:00-11:00,0.0
青鸾苑宿管办,2019-04-06,11:00-12:00,0.0
青鸾苑宿管办,2019-04-06,12:00-13:00,0.0
青鸾苑宿管办,2019-04-06,13:00-14:00,0.0
青鸾苑宿管办,2019-04-06,14:00-15:00,0.0
青鸾苑宿管办,2019-04-06,15:00-16:00,0.0
青鸾苑宿管办,2019-04-06,16:00-17:00,0.0
青鸾苑宿管办,2019-04-06,17:00-18:00,0.0
青鸾苑宿管办,2019-04-06,18:00-19:00,0.0
青鸾苑宿管办,2019-04-06,19:00-20:00,0.0
青鸾苑宿管办,2019-04-06,20:00-21:00,0.0
青鸾苑宿管办,2019-04-06,21:00-22:00,0.0
青鸾苑宿管办,2019-04-06,22:00-23:00,0.0
青鸾苑宿管办,2019-04-06,23:00-24:00,0.0
青鸾苑宿管办,2019-04-07,00:00-01:00,0.0
青鸾苑宿管办,2019-04-07,01:00-02:00,0.0
青鸾苑宿管办,2019-04-07,02:00-03:00,0.0
青鸾苑宿管办,2019-04-07,03:00-04:00,20.0
青鸾苑宿管办,2019-04-07,04:00-05:00,0.0
青鸾苑宿管办,2019-04-07,05:00-06:00,0.0
青鸾苑宿管办,2019-04-07,06:00-07:00,0.0
青鸾苑宿管办,2019-04-07,07:00-08:00,0.0
青鸾苑宿管办,2019-04-07,08:00-09:00,0.0
青鸾苑宿管办,2019-04-07,09:00-10:00,0.0
青鸾苑宿管办,2019-04-07,10:00-11:00,10.0
青鸾苑宿管办,2019-04-07,11:00-12:00,0.0
青鸾苑宿管办,2019-04-07,12:00-13:00,0.0
青鸾苑宿管办,2019-04-07,13:00-14:00,0.0
青鸾苑宿管办,2019-04-07,14:00-15:00,0.0
青鸾苑宿管办,2019-04-07,15:00-16:00,0.0
青鸾苑宿管办,2019-04-07,16:00-17:00,0.0
青鸾苑宿管办,2019-04-07,17:00-18:00,0.0
青鸾苑宿管办,2019-04-07,18:00-19:00,0.0
青鸾苑宿管办,2019-04-07,19:00-20:00,0.0
青鸾苑宿管办,2019-04-07,20:00-21:00,0.0
青鸾苑宿管办,2019-04-07,21:00-22:00,0.0
青鸾苑宿管办,2019-04-07,22:00-23:00,0.0
青鸾苑宿管办,2019-04-07,23:00-24:00,0.0
青鸾苑宿管办,2019-04-08,00:00-01:00,0.0
青鸾苑宿管办,2019-04-08,01:00-02:00,0.0
青鸾苑宿管办,2019-04-08,02:00-03:00,0.0
青鸾苑宿管办,2019-04-08,03:00-04:00,0.0
青鸾苑宿管办,2019-04-08,04:00-05:00,0.0
青鸾苑宿管办,2019-04-08,05:00-06:00,0.0
青鸾苑宿管办,2019-04-08,06:00-07:00,0.0
青鸾苑宿管办,2019-04-08,07:00-08:00,0.0
青鸾苑宿管办,2019-04-08,08:00-09:00,0.0
青鸾苑宿管办,2019-04-08,09:00-10:00,0.0
青鸾苑宿管办,2019-04-08,10:00-11:00,0.0
青鸾苑宿管办,2019-04-08,11:00-12:00,0.0
青鸾苑宿管办,2019-04-08,12:00-13:00,0.0
青鸾苑宿管办,2019-04-08,13:00-14:00,0.0
青鸾苑宿管办,2019-04-08,14:00-15:00,0.0
青鸾苑宿管办,2019-04-08,15:00-16:00,0.0
青鸾苑宿管办,2019-04-08,16:00-17:00,0.0
青鸾苑宿管办,2019-04-08,17:00-18:00,0.0
青鸾苑宿管办,2019-04-08,18:00-19:00,0.0
青鸾苑宿管办,2019-04-08,19:00-20:00,0.0
青鸾苑宿管办,2019-04-08,20:00-21:00,0.0
青鸾苑宿管办,2019-04-08,21:00-22:00,0.0
青鸾苑宿管办,2019-04-08,22:00-23:00,0.0
青鸾苑宿管办,2019-04-08,23:00-24:00,0.0
青鸾苑宿管办,2019-04-09,00:00-01:00,0.0
青鸾苑宿管办,2019-04-09,01:00-02:00,0.0
青鸾苑宿管办,2019-04-09,02:00-03:00,0.0
青鸾苑宿管办,2019-04-09,03:00-04:00,0.0
青鸾苑宿管办,2019-04-09,04:00-05:00,0.0
青鸾苑宿管办,2019-04-09,05:00-06:00,0.0
青鸾苑宿管办,2019-04-09,06:00-07:00,0.0
青鸾苑宿管办,2019-04-09,07:00-08:00,0.0
青鸾苑宿管办,2019-04-09,08:00-09:00,0.0
青鸾苑宿管办,2019-04-09,09:00-10:00,0.0
青鸾苑宿管办,2019-04-09,10:00-11:00,0.0
青鸾苑宿管办,2019-04-09,11:00-12:00,0.0
青鸾苑宿管办,2019-04-09,12:00-13:00,0.0
青鸾苑宿管办,2019-04-09,13:00-14:00,0.0
青鸾苑宿管办,2019-04-09,14:00-15:00,0.0
青鸾苑宿管办,2019-04-09,15:00-16:00,0.0
青鸾苑宿管办,2019-04-09,16:00-17:00,0.0
青鸾苑宿管办,2019-04-09,17:00-18:00,0.0
青鸾苑宿管办,2019-04-09,18:00-19:00,0.0
青鸾苑宿管办,2019-04-09,19:00-20:00,0.0
青鸾苑宿管办,2019-04-09,20:00-21:00,0.0
青鸾苑宿管办,2019-04-09,21:00-22:00,0.0
青鸾苑宿管办,2019-04-09,22:00-23:00,0.0
青鸾苑宿管办,2019-04-09,23:00-24:00,0.0
青鸾苑宿管办,2019-04-10,00:00-01:00,0.0
青鸾苑宿管办,2019-04-10,01:00-02:00,0.0
青鸾苑宿管办,2019-04-10,02:00-03:00,0.0
青鸾苑宿管办,2019-04-10,03:00-04:00,0.0
青鸾苑宿管办,2019-04-10,04:00-05:00,0.0
青鸾苑宿管办,2019-04-10,05:00-06:00,0.0
青鸾苑宿管办,2019-04-10,06:00-07:00,0.0
青鸾苑宿管办,2019-04-10,07:00-08:00,0.0
青鸾苑宿管办,2019-04-10,08:00-09:00,0.0
青鸾苑宿管办,2019-04-10,09:00-10:00,0.0
青鸾苑宿管办,2019-04-10,10:00-11:00,0.0
青鸾苑宿管办,2019-04-10,11:00-12:00,0.0
青鸾苑宿管办,2019-04-10,12:00-13:00,0.0
青鸾苑宿管办,2019-04-10,13:00-14:00,0.0
青鸾苑宿管办,2019-04-10,14:00-15:00,0.0
青鸾苑宿管办,2019-04-10,15:00-16:00,0.0
青鸾苑宿管办,2019-04-10,16:00-17:00,0.0
青鸾苑宿管办,2019-04-10,17:00-18:00,0.0
青鸾苑宿管办,2019-04-10,18:00-19:00,0.0
青鸾苑宿管办,2019-04-10,19:00-20:00,0.0
青鸾苑宿管办,2019-04-10,20:00-21:00,0.0
青鸾苑宿管办,2019-04-10,21:00-22:00,0.0
青鸾苑宿管办,2019-04-10,22:00-23:00,0.0
青鸾苑宿管办,2019-04-10,23:00-24:00,0.0
青鸾苑宿管办,2019-04-11,00:00-01:00,0.0
青鸾苑宿管办,2019-04-11,01:00-02:00,0.0
青鸾苑宿管办,2019-04-11,02:00-03:00,0.0
青鸾苑宿管办,2019-04-11,03:00-04:00,0.0
青鸾苑宿管办,2019-04-11,04:00-05:00,0.0
青鸾苑宿管办,2019-04-11,05:00-06:00,0.0
青鸾苑宿管办,2019-04-11,06:00-07:00,0.0
青鸾苑宿管办,2019-04-11,07:00-08:00,0.0
青鸾苑宿管办,2019-04-11,08:00-09:00,0.0
青鸾苑宿管办,2019-04-11,09:00-10:00,0.0
青鸾苑宿管办,2019-04-11,10:00-11:00,0.0
青鸾苑宿管办,2019-04-11,11:00-12:00,0.0
青鸾苑宿管办,2019-04-11,12:00-13:00,0.0
青鸾苑宿管办,2019-04-11,13:00-14:00,0.0
青鸾苑宿管办,2019-04-11,14:00-15:00,0.0
青鸾苑宿管办,2019-04-11,15:00-16:00,0.0
青鸾苑宿管办,2019-04-11,16:00-17:00,0.0
青鸾苑宿管办,2019-04-11,17:00-18:00,0.0
青鸾苑宿管办,2019-04-11,18:00-19:00,0.0
青鸾苑宿管办,2019-04-11,19:00-20:00,0.0
青鸾苑宿管办,2019-04-11,20:00-21:00,0.0
青鸾苑宿管办,2019-04-11,21:00-22:00,0.0
青鸾苑宿管办,2019-04-11,22:00-23:00,0.0
青鸾苑宿管办,2019-04-11,23:00-24:00,0.0
青鸾苑宿管办,2019-04-12,00:00-01:00,0.0
青鸾苑宿管办,2019-04-12,01:00-02:00,0.0
青鸾苑宿管办,2019-04-12,02:00-03:00,0.0
青鸾苑宿管办,2019-04-12,03:00-04:00,0.0
青鸾苑宿管办,2019-04-12,04:00-05:00,0.0
青鸾苑宿管办,2019-04-12,05:00-06:00,0.0
青鸾苑宿管办,2019-04-12,06:00-07:00,0.0
青鸾苑宿管办,2019-04-12,07:00-08:00,0.0
青鸾苑宿管办,2019-04-12,08:00-09:00,0.0
青鸾苑宿管办,2019-04-12,09:00-10:00,0.0
青鸾苑宿管办,2019-04-12,10:00-11:00,0.0
青鸾苑宿管办,2019-04-12,11:00-12:00,0.0
青鸾苑宿管办,2019-04-12,12:00-13:00,0.0
青鸾苑宿管办,2019-04-12,13:00-14:00,0.0
青鸾苑宿管办,2019-04-12,14:00-15:00,0.0
青鸾苑宿管办,2019-04-12,15:00-16:00,0.0
青鸾苑宿管办,2019-04-12,16:00-17:00,0.0
青鸾苑宿管办,2019-04-12,17:00-18:00,0.0
青鸾苑宿管办,2019-04-12,18:00-19:00,0.0
青鸾苑宿管办,2019-04-12,19:00-20:00,0.0
青鸾苑宿管办,2019-04-12,20:00-21:00,0.0
青鸾苑宿管办,2019-04-12,21:00-22:00,0.0
青鸾苑宿管办,2019-04-12,22:00-23:00,0.0
青鸾苑宿管办,2019-04-12,23:00-24:00,0.0
青鸾苑宿管办,2019-04-13,00:00-01:00,0.0
青鸾苑宿管办,2019-04-13,01:00-02:00,0.0
青鸾苑宿管办,2019-04-13,02:00-03:00,0.0
青鸾苑宿管办,2019-04-13,03:00-04:00,0.0
青鸾苑宿管办,2019-04-13,04:00-05:00,0.0
青鸾苑宿管办,2019-04-13,05:00-06:00,0.0
青鸾苑宿管办,2019-04-13,06:00-07:00,0.0
青鸾苑宿管办,2019-04-13,07:00-08:00,0.0
青鸾苑宿管办,2019-04-13,08:00-09:00,0.0
青鸾苑宿管办,2019-04-13,09:00-10:00,0.0
青鸾苑宿管办,2019-04-13,10:00-11:00,0.0
青鸾苑宿管办,2019-04-13,11:00-12:00,0.0
青鸾苑宿管办,2019-04-13,12:00-13:00,0.0
青鸾苑宿管办,2019-04-13,13:00-14:00,0.0
青鸾苑宿管办,2019-04-13,14:00-15:00,0.0
青鸾苑宿管办,2019-04-13,15:00-16:00,0.0
青鸾苑宿管办,2019-04-13,16:00-17:00,0.0
青鸾苑宿管办,2019-04-13,17:00-18:00,0.0
青鸾苑宿管办,2019-04-13,18:00-19:00,0.0
青鸾苑宿管办,2019-04-13,19:00-20:00,0.0
青鸾苑宿管办,2019-04-13,20:00-21:00,0.0
青鸾苑宿管办,2019-04-13,21:00-22:00,0.0
青鸾苑宿管办,2019-04-13,22:00-23:00,0.0
青鸾苑宿管办,2019-04-13,23:00-24:00,0.0
青鸾苑宿管办,2019-04-14,00:00-01:00,0.0
青鸾苑宿管办,2019-04-14,01:00-02:00,0.0
青鸾苑宿管办,2019-04-14,02:00-03:00,0.0
青鸾苑宿管办,2019-04-14,03:00-04:00,0.0
青鸾苑宿管办,2019-04-14,04:00-05:00,0.0
青鸾苑宿管办,2019-04-14,05:00-06:00,0.0
青鸾苑宿管办,2019-04-14,06:00-07:00,0.0
青鸾苑宿管办,2019-04-14,07:00-08:00,20.0
青鸾苑宿管办,2019-04-14,08:00-09:00,0.0
青鸾苑宿管办,2019-04-14,09:00-10:00,0.0
青鸾苑宿管办,2019-04-14,10:00-11:00,0.0
青鸾苑宿管办,2019-04-14,11:00-12:00,0.0
青鸾苑宿管办,2019-04-14,12:00-13:00,0.0
青鸾苑宿管办,2019-04-14,13:00-14:00,0.0
青鸾苑宿管办,2019-04-14,14:00-15:00,0.0
青鸾苑宿管办,2019-04-14,15:00-16:00,0.0
青鸾苑宿管办,2019-04-14,16:00-17:00,0.0
青鸾苑宿管办,2019-04-14,17:00-18:00,0.0
青鸾苑宿管办,2019-04-14,18:00-19:00,0.0
青鸾苑宿管办,2019-04-14,19:00-20:00,0.0
青鸾苑宿管办,2019-04-14,20:00-21:00,0.0
青鸾苑宿管办,2019-04-14,21:00-22:00,0.0
青鸾苑宿管办,2019-04-14,22:00-23:00,0.0
青鸾苑宿管办,2019-04-14,23:00-24:00,0.0
青鸾苑宿管办,2019-04-15,00:00-01:00,0.0
青鸾苑宿管办,2019-04-15,01:00-02:00,0.0
青鸾苑宿管办,2019-04-15,02:00-03:00,0.0
青鸾苑宿管办,2019-04-15,03:00-04:00,0.0
青鸾苑宿管办,2019-04-15,04:00-05:00,0.0
青鸾苑宿管办,2019-04-15,05:00-06:00,0.0
青鸾苑宿管办,2019-04-15,06:00-07:00,0.0
青鸾苑宿管办,2019-04-15,07:00-08:00,0.0
青鸾苑宿管办,2019-04-15,08:00-09:00,0.0
青鸾苑宿管办,2019-04-15,09:00-10:00,0.0
青鸾苑宿管办,2019-04-15,10:00-11:00,0.0
青鸾苑宿管办,2019-04-15,11:00-12:00,0.0
青鸾苑宿管办,2019-04-15,12:00-13:00,0.0
青鸾苑宿管办,2019-04-15,13:00-14:00,0.0
青鸾苑宿管办,2019-04-15,14:00-15:00,0.0
青鸾苑宿管办,2019-04-15,15:00-16:00,0.0
青鸾苑宿管办,2019-04-15,16:00-17:00,0.0
青鸾苑宿管办,2019-04-15,17:00-18:00,0.0
青鸾苑宿管办,2019-04-15,18:00-19:00,0.0
青鸾苑宿管办,2019-04-15,19:00-20:00,0.0
青鸾苑宿管办,2019-04-15,20:00-21:00,0.0
青鸾苑宿管办,2019-04-15,21:00-22:00,0.0
青鸾苑宿管办,2019-04-15,22:00-23:00,0.0
青鸾苑宿管办,2019-04-15,23:00-24:00,0.0
青鸾苑宿管办,2019-04-16,00:00-01:00,0.0
青鸾苑宿管办,2019-04-16,01:00-02:00,0.0
青鸾苑宿管办,2019-04-16,02:00-03:00,0.0
青鸾苑宿管办,2019-04-16,03:00-04:00,0.0
青鸾苑宿管办,2019-04-16,04:00-05:00,0.0
青鸾苑宿管办,2019-04-16,05:00-06:00,0.0
青鸾苑宿管办,2019-04-16,06:00-07:00,0.0
青鸾苑宿管办,2019-04-16,07:00-08:00,0.0
青鸾苑宿管办,2019-04-16,08:00-09:00,0.0
青鸾苑宿管办,2019-04-16,09:00-10:00,0.0
青鸾苑宿管办,2019-04-16,10:00-11:00,0.0
青鸾苑宿管办,2019-04-16,11:00-12:00,0.0
青鸾苑宿管办,2019-04-16,12:00-13:00,0.0
青鸾苑宿管办,2019-04-16,13:00-14:00,0.0
青鸾苑宿管办,2019-04-16,14:00-15:00,0.0
青鸾苑宿管办,2019-04-16,15:00-16:00,0.0
青鸾苑宿管办,2019-04-16,16:00-17:00,0.0
青鸾苑宿管办,2019-04-16,17:00-18:00,0.0
青鸾苑宿管办,2019-04-16,18:00-19:00,0.0
青鸾苑宿管办,2019-04-16,19:00-20:00,0.0
青鸾苑宿管办,2019-04-16,20:00-21:00,0.0
青鸾苑宿管办,2019-04-16,21:00-22:00,0.0
青鸾苑宿管办,2019-04-16,22:00-23:00,0.0
青鸾苑宿管办,2019-04-16,23:00-24:00,0.0
青鸾苑宿管办,2019-04-17,00:00-01:00,0.0
青鸾苑宿管办,2019-04-17,01:00-02:00,0.0
青鸾苑宿管办,2019-04-17,02:00-03:00,0.0
青鸾苑宿管办,2019-04-17,03:00-04:00,0.0
青鸾苑宿管办,2019-04-17,04:00-05:00,0.0
青鸾苑宿管办,2019-04-17,05:00-06:00,0.0
青鸾苑宿管办,2019-04-17,06:00-07:00,0.0
青鸾苑宿管办,2019-04-17,07:00-08:00,0.0
青鸾苑宿管办,2019-04-17,08:00-09:00,0.0
青鸾苑宿管办,2019-04-17,09:00-10:00,0.0
青鸾苑宿管办,2019-04-17,10:00-11:00,0.0
青鸾苑宿管办,2019-04-17,11:00-12:00,0.0
青鸾苑宿管办,2019-04-17,12:00-13:00,0.0
青鸾苑宿管办,2019-04-17,13:00-14:00,0.0
青鸾苑宿管办,2019-04-17,14:00-15:00,0.0
青鸾苑宿管办,2019-04-17,15:00-16:00,0.0
青鸾苑宿管办,2019-04-17,16:00-17:00,0.0
青鸾苑宿管办,2019-04-17,17:00-18:00,0.0
青鸾苑宿管办,2019-04-17,18:00-19:00,0.0
青鸾苑宿管办,2019-04-17,19:00-20:00,0.0
青鸾苑宿管办,2019-04-17,20:00-21:00,0.0
青鸾苑宿管办,2019-04-17,21:00-22:00,0.0
青鸾苑宿管办,2019-04-17,22:00-23:00,0.0
青鸾苑宿管办,2019-04-17,23:00-24:00,0.0
青鸾苑宿管办,2019-04-18,00:00-01:00,0.0
青鸾苑宿管办,2019-04-18,01:00-02:00,0.0
青鸾苑宿管办,2019-04-18,02:00-03:00,0.0
青鸾苑宿管办,2019-04-18,03:00-04:00,0.0
青鸾苑宿管办,2019-04-18,04:00-05:00,0.0
青鸾苑宿管办,2019-04-18,05:00-06:00,0.0
青鸾苑宿管办,2019-04-18,06:00-07:00,0.0
青鸾苑宿管办,2019-04-18,07:00-08:00,20.0
青鸾苑宿管办,2019-04-18,08:00-09:00,0.0
青鸾苑宿管办,2019-04-18,09:00-10:00,0.0
青鸾苑宿管办,2019-04-18,10:00-11:00,0.0
青鸾苑宿管办,2019-04-18,11:00-12:00,0.0
青鸾苑宿管办,2019-04-18,12:00-13:00,0.0
青鸾苑宿管办,2019-04-18,13:00-14:00,0.0
青鸾苑宿管办,2019-04-18,14:00-15:00,0.0
青鸾苑宿管办,2019-04-18,15:00-16:00,0.0
青鸾苑宿管办,2019-04-18,16:00-17:00,0.0
青鸾苑宿管办,2019-04-18,17:00-18:00,0.0
青鸾苑宿管办,2019-04-18,18:00-19:00,0.0
青鸾苑宿管办,2019-04-18,19:00-20:00,0.0
青鸾苑宿管办,2019-04-18,20:00-21:00,0.0
青鸾苑宿管办,2019-04-18,21:00-22:00,0.0
青鸾苑宿管办,2019-04-18,22:00-23:00,0.0
青鸾苑宿管办,2019-04-18,23:00-24:00,0.0
青鸾苑宿管办,2019-04-19,00:00-01:00,0.0
青鸾苑宿管办,2019-04-19,01:00-02:00,0.0
青鸾苑宿管办,2019-04-19,02:00-03:00,0.0
青鸾苑宿管办,2019-04-19,03:00-04:00,10.0
青鸾苑宿管办,2019-04-19,04:00-05:00,0.0
青鸾苑宿管办,2019-04-19,05:00-06:00,0.0
青鸾苑宿管办,2019-04-19,06:00-07:00,0.0
青鸾苑宿管办,2019-04-19,07:00-08:00,0.0
青鸾苑宿管办,2019-04-19,08:00-09:00,0.0
青鸾苑宿管办,2019-04-19,09:00-10:00,0.0
青鸾苑宿管办,2019-04-19,10:00-11:00,0.0
青鸾苑宿管办,2019-04-19,11:00-12:00,0.0
青鸾苑宿管办,2019-04-19,12:00-13:00,0.0
青鸾苑宿管办,2019-04-19,13:00-14:00,0.0
青鸾苑宿管办,2019-04-19,14:00-15:00,0.0
青鸾苑宿管办,2019-04-19,15:00-16:00,0.0
青鸾苑宿管办,2019-04-19,16:00-17:00,0.0
青鸾苑宿管办,2019-04-19,17:00-18:00,0.0
青鸾苑宿管办,2019-04-19,18:00-19:00,0.0
青鸾苑宿管办,2019-04-19,19:00-20:00,0.0
青鸾苑宿管办,2019-04-19,20:00-21:00,0.0
青鸾苑宿管办,2019-04-19,21:00-22:00,0.0
青鸾苑宿管办,2019-04-19,22:00-23:00,0.0
青鸾苑宿管办,2019-04-19,23:00-24:00,0.0
青鸾苑宿管办,2019-04-20,00:00-01:00,0.0
青鸾苑宿管办,2019-04-20,01:00-02:00,0.0
青鸾苑宿管办,2019-04-20,02:00-03:00,0.0
青鸾苑宿管办,2019-04-20,03:00-04:00,0.0
青鸾苑宿管办,2019-04-20,04:00-05:00,0.0
青鸾苑宿管办,2019-04-20,05:00-06:00,0.0
青鸾苑宿管办,2019-04-20,06:00-07:00,0.0
青鸾苑宿管办,2019-04-20,07:00-08:00,0.0
青鸾苑宿管办,2019-04-20,08:00-09:00,0.0
青鸾苑宿管办,2019-04-20,09:00-10:00,0.0
青鸾苑宿管办,2019-04-20,10:00-11:00,0.0
青鸾苑宿管办,2019-04-20,11:00-12:00,0.0
青鸾苑宿管办,2019-04-20,12:00-13:00,0.0
青鸾苑宿管办,2019-04-20,13:00-14:00,0.0
青鸾苑宿管办,2019-04-20,14:00-15:00,0.0
青鸾苑宿管办,2019-04-20,15:00-16:00,0.0
青鸾苑宿管办,2019-04-20,16:00-17:00,0.0
青鸾苑宿管办,2019-04-20,17:00-18:00,0.0
青鸾苑宿管办,2019-04-20,18:00-19:00,0.0
青鸾苑宿管办,2019-04-20,19:00-20:00,0.0
青鸾苑宿管办,2019-04-20,20:00-21:00,0.0
青鸾苑宿管办,2019-04-20,21:00-22:00,0.0
青鸾苑宿管办,2019-04-20,22:00-23:00,0.0
青鸾苑宿管办,2019-04-20,23:00-24:00,0.0
青鸾苑宿管办,2019-04-21,00:00-01:00,0.0
青鸾苑宿管办,2019-04-21,01:00-02:00,0.0
青鸾苑宿管办,2019-04-21,02:00-03:00,0.0
青鸾苑宿管办,2019-04-21,03:00-04:00,0.0
青鸾苑宿管办,2019-04-21,04:00-05:00,0.0
青鸾苑宿管办,2019-04-21,05:00-06:00,0.0
青鸾苑宿管办,2019-04-21,06:00-07:00,0.0
青鸾苑宿管办,2019-04-21,07:00-08:00,0.0
青鸾苑宿管办,2019-04-21,08:00-09:00,0.0
青鸾苑宿管办,2019-04-21,09:00-10:00,0.0
青鸾苑宿管办,2019-04-21,10:00-11:00,0.0
青鸾苑宿管办,2019-04-21,11:00-12:00,0.0
青鸾苑宿管办,2019-04-21,12:00-13:00,0.0
青鸾苑宿管办,2019-04-21,13:00-14:00,0.0
青鸾苑宿管办,2019-04-21,14:00-15:00,0.0
青鸾苑宿管办,2019-04-21,15:00-16:00,0.0
青鸾苑宿管办,2019-04-21,16:00-17:00,0.0
青鸾苑宿管办,2019-04-21,17:00-18:00,0.0
青鸾苑宿管办,2019-04-21,18:00-19:00,0.0
青鸾苑宿管办,2019-04-21,19:00-20:00,0.0
青鸾苑宿管办,2019-04-21,20:00-21:00,0.0
青鸾苑宿管办,2019-04-21,21:00-22:00,0.0
青鸾苑宿管办,2019-04-21,22:00-23:00,0.0
青鸾苑宿管办,2019-04-21,23:00-24:00,0.0
青鸾苑宿管办,2019-04-22,00:00-01:00,0.0
青鸾苑宿管办,2019-04-22,01:00-02:00,0.0
青鸾苑宿管办,2019-04-22,02:00-03:00,0.0
青鸾苑宿管办,2019-04-22,03:00-04:00,0.0
青鸾苑宿管办,2019-04-22,04:00-05:00,0.0
青鸾苑宿管办,2019-04-22,05:00-06:00,0.0
青鸾苑宿管办,2019-04-22,06:00-07:00,0.0
青鸾苑宿管办,2019-04-22,07:00-08:00,0.0
青鸾苑宿管办,2019-04-22,08:00-09:00,0.0
青鸾苑宿管办,2019-04-22,09:00-10:00,0.0
青鸾苑宿管办,2019-04-22,10:00-11:00,0.0
青鸾苑宿管办,2019-04-22,11:00-12:00,0.0
青鸾苑宿管办,2019-04-22,12:00-13:00,0.0
青鸾苑宿管办,2019-04-22,13:00-14:00,0.0
青鸾苑宿管办,2019-04-22,14:00-15:00,0.0
青鸾苑宿管办,2019-04-22,15:00-16:00,0.0
青鸾苑宿管办,2019-04-22,16:00-17:00,0.0
青鸾苑宿管办,2019-04-22,17:00-18:00,0.0
青鸾苑宿管办,2019-04-22,18:00-19:00,0.0
青鸾苑宿管办,2019-04-22,19:00-20:00,0.0
青鸾苑宿管办,2019-04-22,20:00-21:00,0.0
青鸾苑宿管办,2019-04-22,21:00-22:00,0.0
青鸾苑宿管办,2019-04-22,22:00-23:00,0.0
青鸾苑宿管办,2019-04-22,23:00-24:00,0.0
青鸾苑宿管办,2019-04-23,00:00-01:00,0.0
青鸾苑宿管办,2019-04-23,01:00-02:00,0.0
青鸾苑宿管办,2019-04-23,02:00-03:00,0.0
青鸾苑宿管办,2019-04-23,03:00-04:00,0.0
青鸾苑宿管办,2019-04-23,04:00-05:00,0.0
青鸾苑宿管办,2019-04-23,05:00-06:00,0.0
青鸾苑宿管办,2019-04-23,06:00-07:00,0.0
青鸾苑宿管办,2019-04-23,07:00-08:00,0.0
青鸾苑宿管办,2019-04-23,08:00-09:00,0.0
青鸾苑宿管办,2019-04-23,09:00-10:00,0.0
青鸾苑宿管办,2019-04-23,10:00-11:00,0.0
青鸾苑宿管办,2019-04-23,11:00-12:00,0.0
青鸾苑宿管办,2019-04-23,12:00-13:00,0.0
青鸾苑宿管办,2019-04-23,13:00-14:00,0.0
青鸾苑宿管办,2019-04-23,14:00-15:00,0.0
青鸾苑宿管办,2019-04-23,15:00-16:00,0.0
青鸾苑宿管办,2019-04-23,16:00-17:00,0.0
青鸾苑宿管办,2019-04-23,17:00-18:00,0.0
青鸾苑宿管办,2019-04-23,18:00-19:00,0.0
青鸾苑宿管办,2019-04-23,19:00-20:00,0.0
青鸾苑宿管办,2019-04-23,20:00-21:00,0.0
青鸾苑宿管办,2019-04-23,21:00-22:00,0.0
青鸾苑宿管办,2019-04-23,22:00-23:00,0.0
青鸾苑宿管办,2019-04-23,23:00-24:00,0.0
青鸾苑宿管办,2019-04-24,00:00-01:00,0.0
青鸾苑宿管办,2019-04-24,01:00-02:00,0.0
青鸾苑宿管办,2019-04-24,02:00-03:00,0.0
青鸾苑宿管办,2019-04-24,03:00-04:00,0.0
青鸾苑宿管办,2019-04-24,04:00-05:00,0.0
青鸾苑宿管办,2019-04-24,05:00-06:00,0.0
青鸾苑宿管办,2019-04-24,06:00-07:00,0.0
青鸾苑宿管办,2019-04-24,07:00-08:00,0.0
青鸾苑宿管办,2019-04-24,08:00-09:00,0.0
青鸾苑宿管办,2019-04-24,09:00-10:00,0.0
青鸾苑宿管办,2019-04-24,10:00-11:00,0.0
青鸾苑宿管办,2019-04-24,11:00-12:00,0.0
青鸾苑宿管办,2019-04-24,12:00-13:00,0.0
青鸾苑宿管办,2019-04-24,13:00-14:00,0.0
青鸾苑宿管办,2019-04-24,14:00-15:00,0.0
青鸾苑宿管办,2019-04-24,15:00-16:00,0.0
青鸾苑宿管办,2019-04-24,16:00-17:00,0.0
青鸾苑宿管办,2019-04-24,17:00-18:00,0.0
青鸾苑宿管办,2019-04-24,18:00-19:00,0.0
青鸾苑宿管办,2019-04-24,19:00-20:00,0.0
青鸾苑宿管办,2019-04-24,20:00-21:00,0.0
青鸾苑宿管办,2019-04-24,21:00-22:00,0.0
青鸾苑宿管办,2019-04-24,22:00-23:00,0.0
青鸾苑宿管办,2019-04-24,23:00-24:00,0.0
青鸾苑宿管办,2019-04-25,00:00-01:00,0.0
青鸾苑宿管办,2019-04-25,01:00-02:00,0.0
青鸾苑宿管办,2019-04-25,02:00-03:00,0.0
青鸾苑宿管办,2019-04-25,03:00-04:00,0.0
青鸾苑宿管办,2019-04-25,04:00-05:00,0.0
青鸾苑宿管办,2019-04-25,05:00-06:00,0.0
青鸾苑宿管办,2019-04-25,06:00-07:00,0.0
青鸾苑宿管办,2019-04-25,07:00-08:00,0.0
青鸾苑宿管办,2019-04-25,08:00-09:00,0.0
青鸾苑宿管办,2019-04-25,09:00-10:00,0.0
青鸾苑宿管办,2019-04-25,10:00-11:00,0.0
青鸾苑宿管办,2019-04-25,11:00-12:00,0.0
青鸾苑宿管办,2019-04-25,12:00-13:00,0.0
青鸾苑宿管办,2019-04-25,13:00-14:00,0.0
青鸾苑宿管办,2019-04-25,14:00-15:00,0.0
青鸾苑宿管办,2019-04-25,15:00-16:00,0.0
青鸾苑宿管办,2019-04-25,16:00-17:00,0.0
青鸾苑宿管办,2019-04-25,17:00-18:00,0.0
青鸾苑宿管办,2019-04-25,18:00-19:00,0.0
青鸾苑宿管办,2019-04-25,19:00-20:00,0.0
青鸾苑宿管办,2019-04-25,20:00-21:00,0.0
青鸾苑宿管办,2019-04-25,21:00-22:00,0.0
青鸾苑宿管办,2019-04-25,22:00-23:00,0.0
青鸾苑宿管办,2019-04-25,23:00-24:00,0.0
青鸾苑宿管办,2019-04-26,00:00-01:00,0.0
青鸾苑宿管办,2019-04-26,01:00-02:00,0.0
青鸾苑宿管办,2019-04-26,02:00-03:00,0.0
青鸾苑宿管办,2019-04-26,03:00-04:00,0.0
青鸾苑宿管办,2019-04-26,04:00-05:00,0.0
青鸾苑宿管办,2019-04-26,05:00-06:00,0.0
青鸾苑宿管办,2019-04-26,06:00-07:00,0.0
青鸾苑宿管办,2019-04-26,07:00-08:00,0.0
青鸾苑宿管办,2019-04-26,08:00-09:00,0.0
青鸾苑宿管办,2019-04-26,09:00-10:00,0.0
青鸾苑宿管办,2019-04-26,10:00-11:00,0.0
青鸾苑宿管办,2019-04-26,11:00-12:00,0.0
青鸾苑宿管办,2019-04-26,12:00-13:00,0.0
青鸾苑宿管办,2019-04-26,13:00-14:00,0.0
青鸾苑宿管办,2019-04-26,14:00-15:00,0.0
青鸾苑宿管办,2019-04-26,15:00-16:00,0.0
青鸾苑宿管办,2019-04-26,16:00-17:00,0.0
青鸾苑宿管办,2019-04-26,17:00-18:00,0.0
青鸾苑宿管办,2019-04-26,18:00-19:00,0.0
青鸾苑宿管办,2019-04-26,19:00-20:00,0.0
青鸾苑宿管办,2019-04-26,20:00-21:00,0.0
青鸾苑宿管办,2019-04-26,21:00-22:00,0.0
青鸾苑宿管办,2019-04-26,22:00-23:00,0.0
青鸾苑宿管办,2019-04-26,23:00-24:00,0.0
青鸾苑宿管办,2019-04-27,00:00-01:00,0.0
青鸾苑宿管办,2019-04-27,01:00-02:00,0.0
青鸾苑宿管办,2019-04-27,02:00-03:00,0.0
青鸾苑宿管办,2019-04-27,03:00-04:00,0.0
青鸾苑宿管办,2019-04-27,04:00-05:00,0.0
青鸾苑宿管办,2019-04-27,05:00-06:00,0.0
青鸾苑宿管办,2019-04-27,06:00-07:00,0.0
青鸾苑宿管办,2019-04-27,07:00-08:00,0.0
青鸾苑宿管办,2019-04-27,08:00-09:00,0.0
青鸾苑宿管办,2019-04-27,09:00-10:00,0.0
青鸾苑宿管办,2019-04-27,10:00-11:00,0.0
青鸾苑宿管办,2019-04-27,11:00-12:00,0.0
青鸾苑宿管办,2019-04-27,12:00-13:00,0.0
青鸾苑宿管办,2019-04-27,13:00-14:00,0.0
青鸾苑宿管办,2019-04-27,14:00-15:00,0.0
青鸾苑宿管办,2019-04-27,15:00-16:00,0.0
青鸾苑宿管办,2019-04-27,16:00-17:00,0.0
青鸾苑宿管办,2019-04-27,17:00-18:00,0.0
青鸾苑宿管办,2019-04-27,18:00-19:00,0.0
青鸾苑宿管办,2019-04-27,19:00-20:00,0.0
青鸾苑宿管办,2019-04-27,20:00-21:00,0.0
青鸾苑宿管办,2019-04-27,21:00-22:00,0.0
青鸾苑宿管办,2019-04-27,22:00-23:00,0.0
青鸾苑宿管办,2019-04-27,23:00-24:00,0.0
青鸾苑宿管办,2019-04-28,00:00-01:00,0.0
青鸾苑宿管办,2019-04-28,01:00-02:00,0.0
青鸾苑宿管办,2019-04-28,02:00-03:00,0.0
青鸾苑宿管办,2019-04-28,03:00-04:00,0.0
青鸾苑宿管办,2019-04-28,04:00-05:00,0.0
青鸾苑宿管办,2019-04-28,05:00-06:00,0.0
青鸾苑宿管办,2019-04-28,06:00-07:00,0.0
青鸾苑宿管办,2019-04-28,07:00-08:00,0.0
青鸾苑宿管办,2019-04-28,08:00-09:00,0.0
青鸾苑宿管办,2019-04-28,09:00-10:00,0.0
青鸾苑宿管办,2019-04-28,10:00-11:00,0.0
青鸾苑宿管办,2019-04-28,11:00-12:00,0.0
青鸾苑宿管办,2019-04-28,12:00-13:00,0.0
青鸾苑宿管办,2019-04-28,13:00-14:00,0.0
青鸾苑宿管办,2019-04-28,14:00-15:00,0.0
青鸾苑宿管办,2019-04-28,15:00-16:00,0.0
青鸾苑宿管办,2019-04-28,16:00-17:00,0.0
青鸾苑宿管办,2019-04-28,17:00-18:00,0.0
青鸾苑宿管办,2019-04-28,18:00-19:00,0.0
青鸾苑宿管办,2019-04-28,19:00-20:00,0.0
青鸾苑宿管办,2019-04-28,20:00-21:00,0.0
青鸾苑宿管办,2019-04-28,21:00-22:00,0.0
青鸾苑宿管办,2019-04-28,22:00-23:00,0.0
青鸾苑宿管办,2019-04-28,23:00-24:00,0.0
青鸾苑宿管办,2019-04-29,00:00-01:00,0.0
青鸾苑宿管办,2019-04-29,01:00-02:00,0.0
青鸾苑宿管办,2019-04-29,02:00-03:00,0.0
青鸾苑宿管办,2019-04-29,03:00-04:00,0.0
青鸾苑宿管办,2019-04-29,04:00-05:00,0.0
青鸾苑宿管办,2019-04-29,05:00-06:00,0.0
青鸾苑宿管办,2019-04-29,06:00-07:00,0.0
青鸾苑宿管办,2019-04-29,07:00-08:00,0.0
青鸾苑宿管办,2019-04-29,08:00-09:00,0.0
青鸾苑宿管办,2019-04-29,09:00-10:00,0.0
青鸾苑宿管办,2019-04-29,10:00-11:00,0.0
青鸾苑宿管办,2019-04-29,11:00-12:00,0.0
青鸾苑宿管办,2019-04-29,12:00-13:00,0.0
青鸾苑宿管办,2019-04-29,13:00-14:00,0.0
青鸾苑宿管办,2019-04-29,14:00-15:00,0.0
青鸾苑宿管办,2019-04-29,15:00-16:00,0.0
青鸾苑宿管办,2019-04-29,16:00-17:00,0.0
青鸾苑宿管办,2019-04-29,17:00-18:00,0.0
青鸾苑宿管办,2019-04-29,18:00-19:00,0.0
青鸾苑宿管办,2019-04-29,19:00-20:00,0.0
青鸾苑宿管办,2019-04-29,20:00-21:00,0.0
青鸾苑宿管办,2019-04-29,21:00-22:00,0.0
青鸾苑宿管办,2019-04-29,22:00-23:00,0.0
青鸾苑宿管办,2019-04-29,23:00-24:00,0.0
青鸾苑宿管办,2019-04-30,00:00-01:00,0.0
青鸾苑宿管办,2019-04-30,01:00-02:00,0.0
青鸾苑宿管办,2019-04-30,02:00-03:00,0.0
青鸾苑宿管办,2019-04-30,03:00-04:00,0.0
青鸾苑宿管办,2019-04-30,04:00-05:00,0.0
青鸾苑宿管办,2019-04-30,05:00-06:00,0.0
青鸾苑宿管办,2019-04-30,06:00-07:00,0.0
青鸾苑宿管办,2019-04-30,07:00-08:00,0.0
青鸾苑宿管办,2019-04-30,08:00-09:00,0.0
青鸾苑宿管办,2019-04-30,09:00-10:00,0.0
青鸾苑宿管办,2019-04-30,10:00-11:00,0.0
青鸾苑宿管办,2019-04-30,11:00-12:00,0.0
青鸾苑宿管办,2019-04-30,12:00-13:00,0.0
青鸾苑宿管办,2019-04-30,13:00-14:00,20.0
青鸾苑宿管办,2019-04-30,14:00-15:00,0.0
青鸾苑宿管办,2019-04-30,15:00-16:00,0.0
青鸾苑宿管办,2019-04-30,16:00-17:00,0.0
青鸾苑宿管办,2019-04-30,17:00-18:00,0.0
青鸾苑宿管办,2019-04-30,18:00-19:00,0.0
青鸾苑宿管办,2019-04-30,19:00-20:00,0.0
青鸾苑宿管办,2019-04-30,20:00-21:00,0.0
青鸾苑宿管办,2019-04-30,21:00-22:00,0.0
青鸾苑宿管办,2019-04-30,22:00-23:00,0.0
青鸾苑宿管办,2019-04-30,23:00-24:00,0.0
飞凤轩宿管办,2019-04-01,00:00-01:00,0.0
飞凤轩宿管办,2019-04-01,01:00-02:00,0.0
飞凤轩宿管办,2019-04-01,02:00-03:00,0.0
飞凤轩宿管办,2019-04-01,03:00-04:00,0.0
飞凤轩宿管办,2019-04-01,04:00-05:00,0.0
飞凤轩宿管办,2019-04-01,05:00-06:00,0.0
飞凤轩宿管办,2019-04-01,06:00-07:00,0.0
飞凤轩宿管办,2019-04-01,07:00-08:00,0.0
飞凤轩宿管办,2019-04-01,08:00-09:00,0.0
飞凤轩宿管办,2019-04-01,09:00-10:00,0.0
飞凤轩宿管办,2019-04-01,10:00-11:00,0.0
飞凤轩宿管办,2019-04-01,11:00-12:00,0.0
飞凤轩宿管办,2019-04-01,12:00-13:00,0.0
飞凤轩宿管办,2019-04-01,13:00-14:00,0.0
飞凤轩宿管办,2019-04-01,14:00-15:00,0.0
飞凤轩宿管办,2019-04-01,15:00-16:00,0.0
飞凤轩宿管办,2019-04-01,16:00-17:00,0.0
飞凤轩宿管办,2019-04-01,17:00-18:00,0.0
飞凤轩宿管办,2019-04-01,18:00-19:00,0.0
飞凤轩宿管办,2019-04-01,19:00-20:00,0.0
飞凤轩宿管办,2019-04-01,20:00-21:00,0.0
飞凤轩宿管办,2019-04-01,21:00-22:00,0.0
飞凤轩宿管办,2019-04-01,22:00-23:00,0.0
飞凤轩宿管办,2019-04-01,23:00-24:00,0.0
飞凤轩宿管办,2019-04-02,00:00-01:00,0.0
飞凤轩宿管办,2019-04-02,01:00-02:00,0.0
飞凤轩宿管办,2019-04-02,02:00-03:00,0.0
飞凤轩宿管办,2019-04-02,03:00-04:00,0.0
飞凤轩宿管办,2019-04-02,04:00-05:00,0.0
飞凤轩宿管办,2019-04-02,05:00-06:00,0.0
飞凤轩宿管办,2019-04-02,06:00-07:00,0.0
飞凤轩宿管办,2019-04-02,07:00-08:00,0.0
飞凤轩宿管办,2019-04-02,08:00-09:00,0.0
飞凤轩宿管办,2019-04-02,09:00-10:00,0.0
飞凤轩宿管办,2019-04-02,10:00-11:00,0.0
飞凤轩宿管办,2019-04-02,11:00-12:00,0.0
飞凤轩宿管办,2019-04-02,12:00-13:00,0.0
飞凤轩宿管办,2019-04-02,13:00-14:00,0.0
飞凤轩宿管办,2019-04-02,14:00-15:00,0.0
飞凤轩宿管办,2019-04-02,15:00-16:00,0.0
飞凤轩宿管办,2019-04-02,16:00-17:00,0.0
飞凤轩宿管办,2019-04-02,17:00-18:00,0.0
飞凤轩宿管办,2019-04-02,18:00-19:00,0.0
飞凤轩宿管办,2019-04-02,19:00-20:00,0.0
飞凤轩宿管办,2019-04-02,20:00-21:00,0.0
飞凤轩宿管办,2019-04-02,21:00-22:00,0.0
飞凤轩宿管办,2019-04-02,22:00-23:00,0.0
飞凤轩宿管办,2019-04-02,23:00-24:00,0.0
飞凤轩宿管办,2019-04-03,00:00-01:00,0.0
飞凤轩宿管办,2019-04-03,01:00-02:00,0.0
飞凤轩宿管办,2019-04-03,02:00-03:00,0.0
飞凤轩宿管办,2019-04-03,03:00-04:00,0.0
飞凤轩宿管办,2019-04-03,04:00-05:00,0.0
飞凤轩宿管办,2019-04-03,05:00-06:00,0.0
飞凤轩宿管办,2019-04-03,06:00-07:00,0.0
飞凤轩宿管办,2019-04-03,07:00-08:00,0.0
飞凤轩宿管办,2019-04-03,08:00-09:00,0.0
飞凤轩宿管办,2019-04-03,09:00-10:00,0.0
飞凤轩宿管办,2019-04-03,10:00-11:00,0.0
飞凤轩宿管办,2019-04-03,11:00-12:00,0.0
飞凤轩宿管办,2019-04-03,12:00-13:00,0.0
飞凤轩宿管办,2019-04-03,13:00-14:00,0.0
飞凤轩宿管办,2019-04-03,14:00-15:00,0.0
飞凤轩宿管办,2019-04-03,15:00-16:00,0.0
飞凤轩宿管办,2019-04-03,16:00-17:00,0.0
飞凤轩宿管办,2019-04-03,17:00-18:00,0.0
飞凤轩宿管办,2019-04-03,18:00-19:00,0.0
飞凤轩宿管办,2019-04-03,19:00-20:00,0.0
飞凤轩宿管办,2019-04-03,20:00-21:00,0.0
飞凤轩宿管办,2019-04-03,21:00-22:00,0.0
飞凤轩宿管办,2019-04-03,22:00-23:00,0.0
飞凤轩宿管办,2019-04-03,23:00-24:00,0.0
飞凤轩宿管办,2019-04-04,00:00-01:00,0.0
飞凤轩宿管办,2019-04-04,01:00-02:00,0.0
飞凤轩宿管办,2019-04-04,02:00-03:00,0.0
飞凤轩宿管办,2019-04-04,03:00-04:00,0.0
飞凤轩宿管办,2019-04-04,04:00-05:00,0.0
飞凤轩宿管办,2019-04-04,05:00-06:00,0.0
飞凤轩宿管办,2019-04-04,06:00-07:00,0.0
飞凤轩宿管办,2019-04-04,07:00-08:00,0.0
飞凤轩宿管办,2019-04-04,08:00-09:00,0.0
飞凤轩宿管办,2019-04-04,09:00-10:00,0.0
飞凤轩宿管办,2019-04-04,10:00-11:00,0.0
飞凤轩宿管办,2019-04-04,11:00-12:00,0.0
飞凤轩宿管办,2019-04-04,12:00-13:00,0.0
飞凤轩宿管办,2019-04-04,13:00-14:00,0.0
飞凤轩宿管办,2019-04-04,14:00-15:00,0.0
飞凤轩宿管办,2019-04-04,15:00-16:00,0.0
飞凤轩宿管办,2019-04-04,16:00-17:00,0.0
飞凤轩宿管办,2019-04-04,17:00-18:00,0.0
飞凤轩宿管办,2019-04-04,18:00-19:00,0.0
飞凤轩宿管办,2019-04-04,19:00-20:00,0.0
飞凤轩宿管办,2019-04-04,20:00-21:00,0.0
飞凤轩宿管办,2019-04-04,21:00-22:00,0.0
飞凤轩宿管办,2019-04-04,22:00-23:00,0.0
飞凤轩宿管办,2019-04-04,23:00-24:00,0.0
飞凤轩宿管办,2019-04-05,00:00-01:00,0.0
飞凤轩宿管办,2019-04-05,01:00-02:00,0.0
飞凤轩宿管办,2019-04-05,02:00-03:00,0.0
飞凤轩宿管办,2019-04-05,03:00-04:00,0.0
飞凤轩宿管办,2019-04-05,04:00-05:00,0.0
飞凤轩宿管办,2019-04-05,05:00-06:00,0.0
飞凤轩宿管办,2019-04-05,06:00-07:00,0.0
飞凤轩宿管办,2019-04-05,07:00-08:00,0.0
飞凤轩宿管办,2019-04-05,08:00-09:00,0.0
飞凤轩宿管办,2019-04-05,09:00-10:00,0.0
飞凤轩宿管办,2019-04-05,10:00-11:00,0.0
飞凤轩宿管办,2019-04-05,11:00-12:00,0.0
飞凤轩宿管办,2019-04-05,12:00-13:00,0.0
飞凤轩宿管办,2019-04-05,13:00-14:00,0.0
飞凤轩宿管办,2019-04-05,14:00-15:00,0.0
飞凤轩宿管办,2019-04-05,15:00-16:00,0.0
飞凤轩宿管办,2019-04-05,16:00-17:00,0.0
飞凤轩宿管办,2019-04-05,17:00-18:00,0.0
飞凤轩宿管办,2019-04-05,18:00-19:00,0.0
飞凤轩宿管办,2019-04-05,19:00-20:00,0.0
飞凤轩宿管办,2019-04-05,20:00-21:00,0.0
飞凤轩宿管办,2019-04-05,21:00-22:00,0.0
飞凤轩宿管办,2019-04-05,22:00-23:00,0.0
飞凤轩宿管办,2019-04-05,23:00-24:00,0.0
飞凤轩宿管办,2019-04-06,00:00-01:00,0.0
飞凤轩宿管办,2019-04-06,01:00-02:00,0.0
飞凤轩宿管办,2019-04-06,02:00-03:00,0.0
飞凤轩宿管办,2019-04-06,03:00-04:00,0.0
飞凤轩宿管办,2019-04-06,04:00-05:00,0.0
飞凤轩宿管办,2019-04-06,05:00-06:00,0.0
飞凤轩宿管办,2019-04-06,06:00-07:00,0.0
飞凤轩宿管办,2019-04-06,07:00-08:00,0.0
飞凤轩宿管办,2019-04-06,08:00-09:00,0.0
飞凤轩宿管办,2019-04-06,09:00-10:00,0.0
飞凤轩宿管办,2019-04-06,10:00-11:00,0.0
飞凤轩宿管办,2019-04-06,11:00-12:00,0.0
飞凤轩宿管办,2019-04-06,12:00-13:00,0.0
飞凤轩宿管办,2019-04-06,13:00-14:00,0.0
飞凤轩宿管办,2019-04-06,14:00-15:00,0.0
飞凤轩宿管办,2019-04-06,15:00-16:00,0.0
飞凤轩宿管办,2019-04-06,16:00-17:00,0.0
飞凤轩宿管办,2019-04-06,17:00-18:00,0.0
飞凤轩宿管办,2019-04-06,18:00-19:00,0.0
飞凤轩宿管办,2019-04-06,19:00-20:00,0.0
飞凤轩宿管办,2019-04-06,20:00-21:00,0.0
飞凤轩宿管办,2019-04-06,21:00-22:00,0.0
飞凤轩宿管办,2019-04-06,22:00-23:00,0.0
飞凤轩宿管办,2019-04-06,23:00-24:00,0.0
飞凤轩宿管办,2019-04-07,00:00-01:00,0.0
飞凤轩宿管办,2019-04-07,01:00-02:00,0.0
飞凤轩宿管办,2019-04-07,02:00-03:00,0.0
飞凤轩宿管办,2019-04-07,03:00-04:00,0.0
飞凤轩宿管办,2019-04-07,04:00-05:00,0.0
飞凤轩宿管办,2019-04-07,05:00-06:00,0.0
飞凤轩宿管办,2019-04-07,06:00-07:00,0.0
飞凤轩宿管办,2019-04-07,07:00-08:00,0.0
飞凤轩宿管办,2019-04-07,08:00-09:00,0.0
飞凤轩宿管办,2019-04-07,09:00-10:00,0.0
飞凤轩宿管办,2019-04-07,10:00-11:00,0.0
飞凤轩宿管办,2019-04-07,11:00-12:00,0.0
飞凤轩宿管办,2019-04-07,12:00-13:00,0.0
飞凤轩宿管办,2019-04-07,13:00-14:00,0.0
飞凤轩宿管办,2019-04-07,14:00-15:00,0.0
飞凤轩宿管办,2019-04-07,15:00-16:00,0.0
飞凤轩宿管办,2019-04-07,16:00-17:00,0.0
飞凤轩宿管办,2019-04-07,17:00-18:00,0.0
飞凤轩宿管办,2019-04-07,18:00-19:00,0.0
飞凤轩宿管办,2019-04-07,19:00-20:00,0.0
飞凤轩宿管办,2019-04-07,20:00-21:00,0.0
飞凤轩宿管办,2019-04-07,21:00-22:00,0.0
飞凤轩宿管办,2019-04-07,22:00-23:00,0.0
飞凤轩宿管办,2019-04-07,23:00-24:00,0.0
飞凤轩宿管办,2019-04-08,00:00-01:00,0.0
飞凤轩宿管办,2019-04-08,01:00-02:00,0.0
飞凤轩宿管办,2019-04-08,02:00-03:00,0.0
飞凤轩宿管办,2019-04-08,03:00-04:00,0.0
飞凤轩宿管办,2019-04-08,04:00-05:00,0.0
飞凤轩宿管办,2019-04-08,05:00-06:00,0.0
飞凤轩宿管办,2019-04-08,06:00-07:00,0.0
飞凤轩宿管办,2019-04-08,07:00-08:00,0.0
飞凤轩宿管办,2019-04-08,08:00-09:00,0.0
飞凤轩宿管办,2019-04-08,09:00-10:00,0.0
飞凤轩宿管办,2019-04-08,10:00-11:00,0.0
飞凤轩宿管办,2019-04-08,11:00-12:00,0.0
飞凤轩宿管办,2019-04-08,12:00-13:00,0.0
飞凤轩宿管办,2019-04-08,13:00-14:00,0.0
飞凤轩宿管办,2019-04-08,14:00-15:00,0.0
飞凤轩宿管办,2019-04-08,15:00-16:00,0.0
飞凤轩宿管办,2019-04-08,16:00-17:00,0.0
飞凤轩宿管办,2019-04-08,17:00-18:00,0.0
飞凤轩宿管办,2019-04-08,18:00-19:00,0.0
飞凤轩宿管办,2019-04-08,19:00-20:00,0.0
飞凤轩宿管办,2019-04-08,20:00-21:00,0.0
飞凤轩宿管办,2019-04-08,21:00-22:00,0.0
飞凤轩宿管办,2019-04-08,22:00-23:00,0.0
飞凤轩宿管办,2019-04-08,23:00-24:00,0.0
飞凤轩宿管办,2019-04-09,00:00-01:00,0.0
飞凤轩宿管办,2019-04-09,01:00-02:00,0.0
飞凤轩宿管办,2019-04-09,02:00-03:00,0.0
飞凤轩宿管办,2019-04-09,03:00-04:00,0.0
飞凤轩宿管办,2019-04-09,04:00-05:00,0.0
飞凤轩宿管办,2019-04-09,05:00-06:00,0.0
飞凤轩宿管办,2019-04-09,06:00-07:00,0.0
飞凤轩宿管办,2019-04-09,07:00-08:00,0.0
飞凤轩宿管办,2019-04-09,08:00-09:00,0.0
飞凤轩宿管办,2019-04-09,09:00-10:00,0.0
飞凤轩宿管办,2019-04-09,10:00-11:00,0.0
飞凤轩宿管办,2019-04-09,11:00-12:00,0.0
飞凤轩宿管办,2019-04-09,12:00-13:00,0.0
飞凤轩宿管办,2019-04-09,13:00-14:00,0.0
飞凤轩宿管办,2019-04-09,14:00-15:00,0.0
飞凤轩宿管办,2019-04-09,15:00-16:00,0.0
飞凤轩宿管办,2019-04-09,16:00-17:00,0.0
飞凤轩宿管办,2019-04-09,17:00-18:00,0.0
飞凤轩宿管办,2019-04-09,18:00-19:00,0.0
飞凤轩宿管办,2019-04-09,19:00-20:00,0.0
飞凤轩宿管办,2019-04-09,20:00-21:00,0.0
飞凤轩宿管办,2019-04-09,21:00-22:00,0.0
飞凤轩宿管办,2019-04-09,22:00-23:00,0.0
飞凤轩宿管办,2019-04-09,23:00-24:00,0.0
飞凤轩宿管办,2019-04-10,00:00-01:00,0.0
飞凤轩宿管办,2019-04-10,01:00-02:00,0.0
飞凤轩宿管办,2019-04-10,02:00-03:00,0.0
飞凤轩宿管办,2019-04-10,03:00-04:00,0.0
飞凤轩宿管办,2019-04-10,04:00-05:00,0.0
飞凤轩宿管办,2019-04-10,05:00-06:00,0.0
飞凤轩宿管办,2019-04-10,06:00-07:00,0.0
飞凤轩宿管办,2019-04-10,07:00-08:00,0.0
飞凤轩宿管办,2019-04-10,08:00-09:00,0.0
飞凤轩宿管办,2019-04-10,09:00-10:00,0.0
飞凤轩宿管办,2019-04-10,10:00-11:00,0.0
飞凤轩宿管办,2019-04-10,11:00-12:00,0.0
飞凤轩宿管办,2019-04-10,12:00-13:00,0.0
飞凤轩宿管办,2019-04-10,13:00-14:00,0.0
飞凤轩宿管办,2019-04-10,14:00-15:00,0.0
飞凤轩宿管办,2019-04-10,15:00-16:00,0.0
飞凤轩宿管办,2019-04-10,16:00-17:00,0.0
飞凤轩宿管办,2019-04-10,17:00-18:00,0.0
飞凤轩宿管办,2019-04-10,18:00-19:00,0.0
飞凤轩宿管办,2019-04-10,19:00-20:00,0.0
飞凤轩宿管办,2019-04-10,20:00-21:00,0.0
飞凤轩宿管办,2019-04-10,21:00-22:00,0.0
飞凤轩宿管办,2019-04-10,22:00-23:00,0.0
飞凤轩宿管办,2019-04-10,23:00-24:00,0.0
飞凤轩宿管办,2019-04-11,00:00-01:00,0.0
飞凤轩宿管办,2019-04-11,01:00-02:00,0.0
飞凤轩宿管办,2019-04-11,02:00-03:00,0.0
飞凤轩宿管办,2019-04-11,03:00-04:00,0.0
飞凤轩宿管办,2019-04-11,04:00-05:00,0.0
飞凤轩宿管办,2019-04-11,05:00-06:00,0.0
飞凤轩宿管办,2019-04-11,06:00-07:00,0.0
飞凤轩宿管办,2019-04-11,07:00-08:00,0.0
飞凤轩宿管办,2019-04-11,08:00-09:00,0.0
飞凤轩宿管办,2019-04-11,09:00-10:00,0.0
飞凤轩宿管办,2019-04-11,10:00-11:00,0.0
飞凤轩宿管办,2019-04-11,11:00-12:00,0.0
飞凤轩宿管办,2019-04-11,12:00-13:00,0.0
飞凤轩宿管办,2019-04-11,13:00-14:00,0.0
飞凤轩宿管办,2019-04-11,14:00-15:00,0.0
飞凤轩宿管办,2019-04-11,15:00-16:00,0.0
飞凤轩宿管办,2019-04-11,16:00-17:00,0.0
飞凤轩宿管办,2019-04-11,17:00-18:00,0.0
飞凤轩宿管办,2019-04-11,18:00-19:00,0.0
飞凤轩宿管办,2019-04-11,19:00-20:00,0.0
飞凤轩宿管办,2019-04-11,20:00-21:00,0.0
飞凤轩宿管办,2019-04-11,21:00-22:00,0.0
飞凤轩宿管办,2019-04-11,22:00-23:00,0.0
飞凤轩宿管办,2019-04-11,23:00-24:00,0.0
飞凤轩宿管办,2019-04-12,00:00-01:00,0.0
飞凤轩宿管办,2019-04-12,01:00-02:00,0.0
飞凤轩宿管办,2019-04-12,02:00-03:00,0.0
飞凤轩宿管办,2019-04-12,03:00-04:00,0.0
飞凤轩宿管办,2019-04-12,04:00-05:00,0.0
飞凤轩宿管办,2019-04-12,05:00-06:00,0.0
飞凤轩宿管办,2019-04-12,06:00-07:00,0.0
飞凤轩宿管办,2019-04-12,07:00-08:00,0.0
飞凤轩宿管办,2019-04-12,08:00-09:00,0.0
飞凤轩宿管办,2019-04-12,09:00-10:00,0.0
飞凤轩宿管办,2019-04-12,10:00-11:00,0.0
飞凤轩宿管办,2019-04-12,11:00-12:00,0.0
飞凤轩宿管办,2019-04-12,12:00-13:00,0.0
飞凤轩宿管办,2019-04-12,13:00-14:00,0.0
飞凤轩宿管办,2019-04-12,14:00-15:00,0.0
飞凤轩宿管办,2019-04-12,15:00-16:00,0.0
飞凤轩宿管办,2019-04-12,16:00-17:00,0.0
飞凤轩宿管办,2019-04-12,17:00-18:00,0.0
飞凤轩宿管办,2019-04-12,18:00-19:00,0.0
飞凤轩宿管办,2019-04-12,19:00-20:00,0.0
飞凤轩宿管办,2019-04-12,20:00-21:00,0.0
飞凤轩宿管办,2019-04-12,21:00-22:00,0.0
飞凤轩宿管办,2019-04-12,22:00-23:00,0.0
飞凤轩宿管办,2019-04-12,23:00-24:00,0.0
飞凤轩宿管办,2019-04-13,00:00-01:00,0.0
飞凤轩宿管办,2019-04-13,01:00-02:00,0.0
飞凤轩宿管办,2019-04-13,02:00-03:00,0.0
飞凤轩宿管办,2019-04-13,03:00-04:00,0.0
飞凤轩宿管办,2019-04-13,04:00-05:00,0.0
飞凤轩宿管办,2019-04-13,05:00-06:00,0.0
飞凤轩宿管办,2019-04-13,06:00-07:00,0.0
飞凤轩宿管办,2019-04-13,07:00-08:00,0.0
飞凤轩宿管办,2019-04-13,08:00-09:00,0.0
飞凤轩宿管办,2019-04-13,09:00-10:00,0.0
飞凤轩宿管办,2019-04-13,10:00-11:00,0.0
飞凤轩宿管办,2019-04-13,11:00-12:00,0.0
飞凤轩宿管办,2019-04-13,12:00-13:00,0.0
飞凤轩宿管办,2019-04-13,13:00-14:00,0.0
飞凤轩宿管办,2019-04-13,14:00-15:00,0.0
飞凤轩宿管办,2019-04-13,15:00-16:00,0.0
飞凤轩宿管办,2019-04-13,16:00-17:00,0.0
飞凤轩宿管办,2019-04-13,17:00-18:00,0.0
飞凤轩宿管办,2019-04-13,18:00-19:00,0.0
飞凤轩宿管办,2019-04-13,19:00-20:00,0.0
飞凤轩宿管办,2019-04-13,20:00-21:00,0.0
飞凤轩宿管办,2019-04-13,21:00-22:00,0.0
飞凤轩宿管办,2019-04-13,22:00-23:00,0.0
飞凤轩宿管办,2019-04-13,23:00-24:00,0.0
飞凤轩宿管办,2019-04-14,00:00-01:00,0.0
飞凤轩宿管办,2019-04-14,01:00-02:00,0.0
飞凤轩宿管办,2019-04-14,02:00-03:00,0.0
飞凤轩宿管办,2019-04-14,03:00-04:00,0.0
飞凤轩宿管办,2019-04-14,04:00-05:00,0.0
飞凤轩宿管办,2019-04-14,05:00-06:00,0.0
飞凤轩宿管办,2019-04-14,06:00-07:00,0.0
飞凤轩宿管办,2019-04-14,07:00-08:00,0.0
飞凤轩宿管办,2019-04-14,08:00-09:00,0.0
飞凤轩宿管办,2019-04-14,09:00-10:00,0.0
飞凤轩宿管办,2019-04-14,10:00-11:00,0.0
飞凤轩宿管办,2019-04-14,11:00-12:00,0.0
飞凤轩宿管办,2019-04-14,12:00-13:00,0.0
飞凤轩宿管办,2019-04-14,13:00-14:00,0.0
飞凤轩宿管办,2019-04-14,14:00-15:00,0.0
飞凤轩宿管办,2019-04-14,15:00-16:00,0.0
飞凤轩宿管办,2019-04-14,16:00-17:00,0.0
飞凤轩宿管办,2019-04-14,17:00-18:00,0.0
飞凤轩宿管办,2019-04-14,18:00-19:00,0.0
飞凤轩宿管办,2019-04-14,19:00-20:00,0.0
飞凤轩宿管办,2019-04-14,20:00-21:00,0.0
飞凤轩宿管办,2019-04-14,21:00-22:00,10.0
飞凤轩宿管办,2019-04-14,22:00-23:00,0.0
飞凤轩宿管办,2019-04-14,23:00-24:00,0.0
飞凤轩宿管办,2019-04-15,00:00-01:00,0.0
飞凤轩宿管办,2019-04-15,01:00-02:00,0.0
飞凤轩宿管办,2019-04-15,02:00-03:00,0.0
飞凤轩宿管办,2019-04-15,03:00-04:00,0.0
飞凤轩宿管办,2019-04-15,04:00-05:00,0.0
飞凤轩宿管办,2019-04-15,05:00-06:00,0.0
飞凤轩宿管办,2019-04-15,06:00-07:00,0.0
飞凤轩宿管办,2019-04-15,07:00-08:00,0.0
飞凤轩宿管办,2019-04-15,08:00-09:00,0.0
飞凤轩宿管办,2019-04-15,09:00-10:00,0.0
飞凤轩宿管办,2019-04-15,10:00-11:00,0.0
飞凤轩宿管办,2019-04-15,11:00-12:00,0.0
飞凤轩宿管办,2019-04-15,12:00-13:00,0.0
飞凤轩宿管办,2019-04-15,13:00-14:00,0.0
飞凤轩宿管办,2019-04-15,14:00-15:00,0.0
飞凤轩宿管办,2019-04-15,15:00-16:00,0.0
飞凤轩宿管办,2019-04-15,16:00-17:00,0.0
飞凤轩宿管办,2019-04-15,17:00-18:00,0.0
飞凤轩宿管办,2019-04-15,18:00-19:00,0.0
飞凤轩宿管办,2019-04-15,19:00-20:00,0.0
飞凤轩宿管办,2019-04-15,20:00-21:00,0.0
飞凤轩宿管办,2019-04-15,21:00-22:00,0.0
飞凤轩宿管办,2019-04-15,22:00-23:00,0.0
飞凤轩宿管办,2019-04-15,23:00-24:00,0.0
飞凤轩宿管办,2019-04-16,00:00-01:00,0.0
飞凤轩宿管办,2019-04-16,01:00-02:00,0.0
飞凤轩宿管办,2019-04-16,02:00-03:00,0.0
飞凤轩宿管办,2019-04-16,03:00-04:00,0.0
飞凤轩宿管办,2019-04-16,04:00-05:00,0.0
飞凤轩宿管办,2019-04-16,05:00-06:00,0.0
飞凤轩宿管办,2019-04-16,06:00-07:00,0.0
飞凤轩宿管办,2019-04-16,07:00-08:00,0.0
飞凤轩宿管办,2019-04-16,08:00-09:00,0.0
飞凤轩宿管办,2019-04-16,09:00-10:00,0.0
飞凤轩宿管办,2019-04-16,10:00-11:00,0.0
飞凤轩宿管办,2019-04-16,11:00-12:00,0.0
飞凤轩宿管办,2019-04-16,12:00-13:00,0.0
飞凤轩宿管办,2019-04-16,13:00-14:00,0.0
飞凤轩宿管办,2019-04-16,14:00-15:00,0.0
飞凤轩宿管办,2019-04-16,15:00-16:00,0.0
飞凤轩宿管办,2019-04-16,16:00-17:00,0.0
飞凤轩宿管办,2019-04-16,17:00-18:00,0.0
飞凤轩宿管办,2019-04-16,18:00-19:00,0.0
飞凤轩宿管办,2019-04-16,19:00-20:00,0.0
飞凤轩宿管办,2019-04-16,20:00-21:00,0.0
飞凤轩宿管办,2019-04-16,21:00-22:00,0.0
飞凤轩宿管办,2019-04-16,22:00-23:00,0.0
飞凤轩宿管办,2019-04-16,23:00-24:00,0.0
飞凤轩宿管办,2019-04-17,00:00-01:00,0.0
飞凤轩宿管办,2019-04-17,01:00-02:00,0.0
飞凤轩宿管办,2019-04-17,02:00-03:00,0.0
飞凤轩宿管办,2019-04-17,03:00-04:00,0.0
飞凤轩宿管办,2019-04-17,04:00-05:00,0.0
飞凤轩宿管办,2019-04-17,05:00-06:00,0.0
飞凤轩宿管办,2019-04-17,06:00-07:00,0.0
飞凤轩宿管办,2019-04-17,07:00-08:00,0.0
飞凤轩宿管办,2019-04-17,08:00-09:00,0.0
飞凤轩宿管办,2019-04-17,09:00-10:00,0.0
飞凤轩宿管办,2019-04-17,10:00-11:00,0.0
飞凤轩宿管办,2019-04-17,11:00-12:00,0.0
飞凤轩宿管办,2019-04-17,12:00-13:00,0.0
飞凤轩宿管办,2019-04-17,13:00-14:00,0.0
飞凤轩宿管办,2019-04-17,14:00-15:00,0.0
飞凤轩宿管办,2019-04-17,15:00-16:00,0.0
飞凤轩宿管办,2019-04-17,16:00-17:00,0.0
飞凤轩宿管办,2019-04-17,17:00-18:00,0.0
飞凤轩宿管办,2019-04-17,18:00-19:00,0.0
飞凤轩宿管办,2019-04-17,19:00-20:00,0.0
飞凤轩宿管办,2019-04-17,20:00-21:00,0.0
飞凤轩宿管办,2019-04-17,21:00-22:00,0.0
飞凤轩宿管办,2019-04-17,22:00-23:00,0.0
飞凤轩宿管办,2019-04-17,23:00-24:00,0.0
飞凤轩宿管办,2019-04-18,00:00-01:00,0.0
飞凤轩宿管办,2019-04-18,01:00-02:00,0.0
飞凤轩宿管办,2019-04-18,02:00-03:00,0.0
飞凤轩宿管办,2019-04-18,03:00-04:00,0.0
飞凤轩宿管办,2019-04-18,04:00-05:00,0.0
飞凤轩宿管办,2019-04-18,05:00-06:00,0.0
飞凤轩宿管办,2019-04-18,06:00-07:00,0.0
飞凤轩宿管办,2019-04-18,07:00-08:00,0.0
飞凤轩宿管办,2019-04-18,08:00-09:00,0.0
飞凤轩宿管办,2019-04-18,09:00-10:00,0.0
飞凤轩宿管办,2019-04-18,10:00-11:00,0.0
飞凤轩宿管办,2019-04-18,11:00-12:00,0.0
飞凤轩宿管办,2019-04-18,12:00-13:00,0.0
飞凤轩宿管办,2019-04-18,13:00-14:00,0.0
飞凤轩宿管办,2019-04-18,14:00-15:00,0.0
飞凤轩宿管办,2019-04-18,15:00-16:00,0.0
飞凤轩宿管办,2019-04-18,16:00-17:00,0.0
飞凤轩宿管办,2019-04-18,17:00-18:00,0.0
飞凤轩宿管办,2019-04-18,18:00-19:00,0.0
飞凤轩宿管办,2019-04-18,19:00-20:00,0.0
飞凤轩宿管办,2019-04-18,20:00-21:00,0.0
飞凤轩宿管办,2019-04-18,21:00-22:00,0.0
飞凤轩宿管办,2019-04-18,22:00-23:00,0.0
飞凤轩宿管办,2019-04-18,23:00-24:00,0.0
飞凤轩宿管办,2019-04-19,00:00-01:00,0.0
飞凤轩宿管办,2019-04-19,01:00-02:00,0.0
飞凤轩宿管办,2019-04-19,02:00-03:00,0.0
飞凤轩宿管办,2019-04-19,03:00-04:00,0.0
飞凤轩宿管办,2019-04-19,04:00-05:00,0.0
飞凤轩宿管办,2019-04-19,05:00-06:00,0.0
飞凤轩宿管办,2019-04-19,06:00-07:00,0.0
飞凤轩宿管办,2019-04-19,07:00-08:00,0.0
飞凤轩宿管办,2019-04-19,08:00-09:00,0.0
飞凤轩宿管办,2019-04-19,09:00-10:00,0.0
飞凤轩宿管办,2019-04-19,10:00-11:00,0.0
飞凤轩宿管办,2019-04-19,11:00-12:00,0.0
飞凤轩宿管办,2019-04-19,12:00-13:00,0.0
飞凤轩宿管办,2019-04-19,13:00-14:00,0.0
飞凤轩宿管办,2019-04-19,14:00-15:00,0.0
飞凤轩宿管办,2019-04-19,15:00-16:00,0.0
飞凤轩宿管办,2019-04-19,16:00-17:00,0.0
飞凤轩宿管办,2019-04-19,17:00-18:00,20.0
飞凤轩宿管办,2019-04-19,18:00-19:00,0.0
飞凤轩宿管办,2019-04-19,19:00-20:00,0.0
飞凤轩宿管办,2019-04-19,20:00-21:00,0.0
飞凤轩宿管办,2019-04-19,21:00-22:00,0.0
飞凤轩宿管办,2019-04-19,22:00-23:00,0.0
飞凤轩宿管办,2019-04-19,23:00-24:00,0.0
飞凤轩宿管办,2019-04-20,00:00-01:00,0.0
飞凤轩宿管办,2019-04-20,01:00-02:00,0.0
飞凤轩宿管办,2019-04-20,02:00-03:00,0.0
飞凤轩宿管办,2019-04-20,03:00-04:00,0.0
飞凤轩宿管办,2019-04-20,04:00-05:00,0.0
飞凤轩宿管办,2019-04-20,05:00-06:00,0.0
飞凤轩宿管办,2019-04-20,06:00-07:00,0.0
飞凤轩宿管办,2019-04-20,07:00-08:00,0.0
飞凤轩宿管办,2019-04-20,08:00-09:00,0.0
飞凤轩宿管办,2019-04-20,09:00-10:00,0.0
飞凤轩宿管办,2019-04-20,10:00-11:00,0.0
飞凤轩宿管办,2019-04-20,11:00-12:00,0.0
飞凤轩宿管办,2019-04-20,12:00-13:00,0.0
飞凤轩宿管办,2019-04-20,13:00-14:00,0.0
飞凤轩宿管办,2019-04-20,14:00-15:00,0.0
飞凤轩宿管办,2019-04-20,15:00-16:00,0.0
飞凤轩宿管办,2019-04-20,16:00-17:00,0.0
飞凤轩宿管办,2019-04-20,17:00-18:00,0.0
飞凤轩宿管办,2019-04-20,18:00-19:00,0.0
飞凤轩宿管办,2019-04-20,19:00-20:00,0.0
飞凤轩宿管办,2019-04-20,20:00-21:00,0.0
飞凤轩宿管办,2019-04-20,21:00-22:00,0.0
飞凤轩宿管办,2019-04-20,22:00-23:00,0.0
飞凤轩宿管办,2019-04-20,23:00-24:00,0.0
飞凤轩宿管办,2019-04-21,00:00-01:00,0.0
飞凤轩宿管办,2019-04-21,01:00-02:00,0.0
飞凤轩宿管办,2019-04-21,02:00-03:00,0.0
飞凤轩宿管办,2019-04-21,03:00-04:00,0.0
飞凤轩宿管办,2019-04-21,04:00-05:00,0.0
飞凤轩宿管办,2019-04-21,05:00-06:00,0.0
飞凤轩宿管办,2019-04-21,06:00-07:00,0.0
飞凤轩宿管办,2019-04-21,07:00-08:00,0.0
飞凤轩宿管办,2019-04-21,08:00-09:00,0.0
飞凤轩宿管办,2019-04-21,09:00-10:00,0.0
飞凤轩宿管办,2019-04-21,10:00-11:00,0.0
飞凤轩宿管办,2019-04-21,11:00-12:00,0.0
飞凤轩宿管办,2019-04-21,12:00-13:00,0.0
飞凤轩宿管办,2019-04-21,13:00-14:00,0.0
飞凤轩宿管办,2019-04-21,14:00-15:00,10.0
飞凤轩宿管办,2019-04-21,15:00-16:00,0.0
飞凤轩宿管办,2019-04-21,16:00-17:00,0.0
飞凤轩宿管办,2019-04-21,17:00-18:00,0.0
飞凤轩宿管办,2019-04-21,18:00-19:00,0.0
飞凤轩宿管办,2019-04-21,19:00-20:00,0.0
飞凤轩宿管办,2019-04-21,20:00-21:00,0.0
飞凤轩宿管办,2019-04-21,21:00-22:00,0.0
飞凤轩宿管办,2019-04-21,22:00-23:00,0.0
飞凤轩宿管办,2019-04-21,23:00-24:00,0.0
飞凤轩宿管办,2019-04-22,00:00-01:00,0.0
飞凤轩宿管办,2019-04-22,01:00-02:00,0.0
飞凤轩宿管办,2019-04-22,02:00-03:00,0.0
飞凤轩宿管办,2019-04-22,03:00-04:00,0.0
飞凤轩宿管办,2019-04-22,04:00-05:00,0.0
飞凤轩宿管办,2019-04-22,05:00-06:00,0.0
飞凤轩宿管办,2019-04-22,06:00-07:00,0.0
飞凤轩宿管办,2019-04-22,07:00-08:00,0.0
飞凤轩宿管办,2019-04-22,08:00-09:00,0.0
飞凤轩宿管办,2019-04-22,09:00-10:00,0.0
飞凤轩宿管办,2019-04-22,10:00-11:00,0.0
飞凤轩宿管办,2019-04-22,11:00-12:00,0.0
飞凤轩宿管办,2019-04-22,12:00-13:00,0.0
飞凤轩宿管办,2019-04-22,13:00-14:00,0.0
飞凤轩宿管办,2019-04-22,14:00-15:00,0.0
飞凤轩宿管办,2019-04-22,15:00-16:00,0.0
飞凤轩宿管办,2019-04-22,16:00-17:00,0.0
飞凤轩宿管办,2019-04-22,17:00-18:00,0.0
飞凤轩宿管办,2019-04-22,18:00-19:00,0.0
飞凤轩宿管办,2019-04-22,19:00-20:00,10.0
飞凤轩宿管办,2019-04-22,20:00-21:00,0.0
飞凤轩宿管办,2019-04-22,21:00-22:00,0.0
飞凤轩宿管办,2019-04-22,22:00-23:00,0.0
飞凤轩宿管办,2019-04-22,23:00-24:00,0.0
飞凤轩宿管办,2019-04-23,00:00-01:00,0.0
飞凤轩宿管办,2019-04-23,01:00-02:00,0.0
飞凤轩宿管办,2019-04-23,02:00-03:00,0.0
飞凤轩宿管办,2019-04-23,03:00-04:00,0.0
飞凤轩宿管办,2019-04-23,04:00-05:00,0.0
飞凤轩宿管办,2019-04-23,05:00-06:00,0.0
飞凤轩宿管办,2019-04-23,06:00-07:00,0.0
飞凤轩宿管办,2019-04-23,07:00-08:00,0.0
飞凤轩宿管办,2019-04-23,08:00-09:00,0.0
飞凤轩宿管办,2019-04-23,09:00-10:00,0.0
飞凤轩宿管办,2019-04-23,10:00-11:00,0.0
飞凤轩宿管办,2019-04-23,11:00-12:00,0.0
飞凤轩宿管办,2019-04-23,12:00-13:00,0.0
飞凤轩宿管办,2019-04-23,13:00-14:00,0.0
飞凤轩宿管办,2019-04-23,14:00-15:00,0.0
飞凤轩宿管办,2019-04-23,15:00-16:00,0.0
飞凤轩宿管办,2019-04-23,16:00-17:00,0.0
飞凤轩宿管办,2019-04-23,17:00-18:00,0.0
飞凤轩宿管办,2019-04-23,18:00-19:00,0.0
飞凤轩宿管办,2019-04-23,19:00-20:00,0.0
飞凤轩宿管办,2019-04-23,20:00-21:00,0.0
飞凤轩宿管办,2019-04-23,21:00-22:00,0.0
飞凤轩宿管办,2019-04-23,22:00-23:00,0.0
飞凤轩宿管办,2019-04-23,23:00-24:00,0.0
飞凤轩宿管办,2019-04-24,00:00-01:00,0.0
飞凤轩宿管办,2019-04-24,01:00-02:00,0.0
飞凤轩宿管办,2019-04-24,02:00-03:00,0.0
飞凤轩宿管办,2019-04-24,03:00-04:00,0.0
飞凤轩宿管办,2019-04-24,04:00-05:00,0.0
飞凤轩宿管办,2019-04-24,05:00-06:00,0.0
飞凤轩宿管办,2019-04-24,06:00-07:00,0.0
飞凤轩宿管办,2019-04-24,07:00-08:00,0.0
飞凤轩宿管办,2019-04-24,08:00-09:00,0.0
飞凤轩宿管办,2019-04-24,09:00-10:00,0.0
飞凤轩宿管办,2019-04-24,10:00-11:00,0.0
飞凤轩宿管办,2019-04-24,11:00-12:00,0.0
飞凤轩宿管办,2019-04-24,12:00-13:00,0.0
飞凤轩宿管办,2019-04-24,13:00-14:00,0.0
飞凤轩宿管办,2019-04-24,14:00-15:00,0.0
飞凤轩宿管办,2019-04-24,15:00-16:00,0.0
飞凤轩宿管办,2019-04-24,16:00-17:00,0.0
飞凤轩宿管办,2019-04-24,17:00-18:00,0.0
飞凤轩宿管办,2019-04-24,18:00-19:00,0.0
飞凤轩宿管办,2019-04-24,19:00-20:00,0.0
飞凤轩宿管办,2019-04-24,20:00-21:00,0.0
飞凤轩宿管办,2019-04-24,21:00-22:00,0.0
飞凤轩宿管办,2019-04-24,22:00-23:00,0.0
飞凤轩宿管办,2019-04-24,23:00-24:00,0.0
飞凤轩宿管办,2019-04-25,00:00-01:00,0.0
飞凤轩宿管办,2019-04-25,01:00-02:00,0.0
飞凤轩宿管办,2019-04-25,02:00-03:00,0.0
飞凤轩宿管办,2019-04-25,03:00-04:00,0.0
飞凤轩宿管办,2019-04-25,04:00-05:00,0.0
飞凤轩宿管办,2019-04-25,05:00-06:00,0.0
飞凤轩宿管办,2019-04-25,06:00-07:00,0.0
飞凤轩宿管办,2019-04-25,07:00-08:00,0.0
飞凤轩宿管办,2019-04-25,08:00-09:00,0.0
飞凤轩宿管办,2019-04-25,09:00-10:00,0.0
飞凤轩宿管办,2019-04-25,10:00-11:00,0.0
飞凤轩宿管办,2019-04-25,11:00-12:00,0.0
飞凤轩宿管办,2019-04-25,12:00-13:00,0.0
飞凤轩宿管办,2019-04-25,13:00-14:00,0.0
飞凤轩宿管办,2019-04-25,14:00-15:00,0.0
飞凤轩宿管办,2019-04-25,15:00-16:00,0.0
飞凤轩宿管办,2019-04-25,16:00-17:00,0.0
飞凤轩宿管办,2019-04-25,17:00-18:00,0.0
飞凤轩宿管办,2019-04-25,18:00-19:00,0.0
飞凤轩宿管办,2019-04-25,19:00-20:00,0.0
飞凤轩宿管办,2019-04-25,20:00-21:00,0.0
飞凤轩宿管办,2019-04-25,21:00-22:00,0.0
飞凤轩宿管办,2019-04-25,22:00-23:00,0.0
飞凤轩宿管办,2019-04-25,23:00-24:00,0.0
飞凤轩宿管办,2019-04-26,00:00-01:00,0.0
飞凤轩宿管办,2019-04-26,01:00-02:00,0.0
飞凤轩宿管办,2019-04-26,02:00-03:00,0.0
飞凤轩宿管办,2019-04-26,03:00-04:00,0.0
飞凤轩宿管办,2019-04-26,04:00-05:00,0.0
飞凤轩宿管办,2019-04-26,05:00-06:00,0.0
飞凤轩宿管办,2019-04-26,06:00-07:00,0.0
飞凤轩宿管办,2019-04-26,07:00-08:00,0.0
飞凤轩宿管办,2019-04-26,08:00-09:00,0.0
飞凤轩宿管办,2019-04-26,09:00-10:00,0.0
飞凤轩宿管办,2019-04-26,10:00-11:00,0.0
飞凤轩宿管办,2019-04-26,11:00-12:00,0.0
飞凤轩宿管办,2019-04-26,12:00-13:00,0.0
飞凤轩宿管办,2019-04-26,13:00-14:00,0.0
飞凤轩宿管办,2019-04-26,14:00-15:00,0.0
飞凤轩宿管办,2019-04-26,15:00-16:00,0.0
飞凤轩宿管办,2019-04-26,16:00-17:00,0.0
飞凤轩宿管办,2019-04-26,17:00-18:00,0.0
飞凤轩宿管办,2019-04-26,18:00-19:00,0.0
飞凤轩宿管办,2019-04-26,19:00-20:00,0.0
飞凤轩宿管办,2019-04-26,20:00-21:00,0.0
飞凤轩宿管办,2019-04-26,21:00-22:00,0.0
飞凤轩宿管办,2019-04-26,22:00-23:00,0.0
飞凤轩宿管办,2019-04-26,23:00-24:00,0.0
飞凤轩宿管办,2019-04-27,00:00-01:00,0.0
飞凤轩宿管办,2019-04-27,01:00-02:00,0.0
飞凤轩宿管办,2019-04-27,02:00-03:00,0.0
飞凤轩宿管办,2019-04-27,03:00-04:00,0.0
飞凤轩宿管办,2019-04-27,04:00-05:00,0.0
飞凤轩宿管办,2019-04-27,05:00-06:00,0.0
飞凤轩宿管办,2019-04-27,06:00-07:00,0.0
飞凤轩宿管办,2019-04-27,07:00-08:00,0.0
飞凤轩宿管办,2019-04-27,08:00-09:00,0.0
飞凤轩宿管办,2019-04-27,09:00-10:00,0.0
飞凤轩宿管办,2019-04-27,10:00-11:00,0.0
飞凤轩宿管办,2019-04-27,11:00-12:00,0.0
飞凤轩宿管办,2019-04-27,12:00-13:00,0.0
飞凤轩宿管办,2019-04-27,13:00-14:00,0.0
飞凤轩宿管办,2019-04-27,14:00-15:00,0.0
飞凤轩宿管办,2019-04-27,15:00-16:00,0.0
飞凤轩宿管办,2019-04-27,16:00-17:00,0.0
飞凤轩宿管办,2019-04-27,17:00-18:00,0.0
飞凤轩宿管办,2019-04-27,18:00-19:00,0.0
飞凤轩宿管办,2019-04-27,19:00-20:00,0.0
飞凤轩宿管办,2019-04-27,20:00-21:00,0.0
飞凤轩宿管办,2019-04-27,21:00-22:00,0.0
飞凤轩宿管办,2019-04-27,22:00-23:00,0.0
飞凤轩宿管办,2019-04-27,23:00-24:00,0.0
飞凤轩宿管办,2019-04-28,00:00-01:00,0.0
飞凤轩宿管办,2019-04-28,01:00-02:00,0.0
飞凤轩宿管办,2019-04-28,02:00-03:00,0.0
飞凤轩宿管办,2019-04-28,03:00-04:00,0.0
飞凤轩宿管办,2019-04-28,04:00-05:00,0.0
飞凤轩宿管办,2019-04-28,05:00-06:00,0.0
飞凤轩宿管办,2019-04-28,06:00-07:00,0.0
飞凤轩宿管办,2019-04-28,07:00-08:00,0.0
飞凤轩宿管办,2019-04-28,08:00-09:00,0.0
飞凤轩宿管办,2019-04-28,09:00-10:00,0.0
飞凤轩宿管办,2019-04-28,10:00-11:00,0.0
飞凤轩宿管办,2019-04-28,11:00-12:00,0.0
飞凤轩宿管办,2019-04-28,12:00-13:00,0.0
飞凤轩宿管办,2019-04-28,13:00-14:00,0.0
飞凤轩宿管办,2019-04-28,14:00-15:00,0.0
飞凤轩宿管办,2019-04-28,15:00-16:00,0.0
飞凤轩宿管办,2019-04-28,16:00-17:00,0.0
飞凤轩宿管办,2019-04-28,17:00-18:00,0.0
飞凤轩宿管办,2019-04-28,18:00-19:00,0.0
飞凤轩宿管办,2019-04-28,19:00-20:00,0.0
飞凤轩宿管办,2019-04-28,20:00-21:00,0.0
飞凤轩宿管办,2019-04-28,21:00-22:00,0.0
飞凤轩宿管办,2019-04-28,22:00-23:00,0.0
飞凤轩宿管办,2019-04-28,23:00-24:00,0.0
飞凤轩宿管办,2019-04-29,00:00-01:00,0.0
飞凤轩宿管办,2019-04-29,01:00-02:00,0.0
飞凤轩宿管办,2019-04-29,02:00-03:00,0.0
飞凤轩宿管办,2019-04-29,03:00-04:00,0.0
飞凤轩宿管办,2019-04-29,04:00-05:00,0.0
飞凤轩宿管办,2019-04-29,05:00-06:00,0.0
飞凤轩宿管办,2019-04-29,06:00-07:00,0.0
飞凤轩宿管办,2019-04-29,07:00-08:00,0.0
飞凤轩宿管办,2019-04-29,08:00-09:00,0.0
飞凤轩宿管办,2019-04-29,09:00-10:00,0.0
飞凤轩宿管办,2019-04-29,10:00-11:00,0.0
飞凤轩宿管办,2019-04-29,11:00-12:00,0.0
飞凤轩宿管办,2019-04-29,12:00-13:00,0.0
飞凤轩宿管办,2019-04-29,13:00-14:00,0.0
飞凤轩宿管办,2019-04-29,14:00-15:00,0.0
飞凤轩宿管办,2019-04-29,15:00-16:00,0.0
飞凤轩宿管办,2019-04-29,16:00-17:00,0.0
飞凤轩宿管办,2019-04-29,17:00-18:00,0.0
飞凤轩宿管办,2019-04-29,18:00-19:00,0.0
飞凤轩宿管办,2019-04-29,19:00-20:00,0.0
飞凤轩宿管办,2019-04-29,20:00-21:00,0.0
飞凤轩宿管办,2019-04-29,21:00-22:00,0.0
飞凤轩宿管办,2019-04-29,22:00-23:00,0.0
飞凤轩宿管办,2019-04-29,23:00-24:00,0.0
飞凤轩宿管办,2019-04-30,00:00-01:00,0.0
飞凤轩宿管办,2019-04-30,01:00-02:00,0.0
飞凤轩宿管办,2019-04-30,02:00-03:00,0.0
飞凤轩宿管办,2019-04-30,03:00-04:00,0.0
飞凤轩宿管办,2019-04-30,04:00-05:00,0.0
飞凤轩宿管办,2019-04-30,05:00-06:00,0.0
飞凤轩宿管办,2019-04-30,06:00-07:00,0.0
飞凤轩宿管办,2019-04-30,07:00-08:00,0.0
飞凤轩宿管办,2019-04-30,08:00-09:00,0.0
飞凤轩宿管办,2019-04-30,09:00-10:00,0.0
飞凤轩宿管办,2019-04-30,10:00-11:00,0.0
飞凤轩宿管办,2019-04-30,11:00-12:00,0.0
飞凤轩宿管办,2019-04-30,12:00-13:00,0.0
飞凤轩宿管办,2019-04-30,13:00-14:00,0.0
飞凤轩宿管办,2019-04-30,14:00-15:00,0.0
飞凤轩宿管办,2019-04-30,15:00-16:00,0.0
飞凤轩宿管办,2019-04-30,16:00-17:00,0.0
飞凤轩宿管办,2019-04-30,17:00-18:00,0.0
飞凤轩宿管办,2019-04-30,18:00-19:00,0.0
飞凤轩宿管办,2019-04-30,19:00-20:00,0.0
飞凤轩宿管办,2019-04-30,20:00-21:00,0.0
飞凤轩宿管办,2019-04-30,21:00-22:00,0.0
飞凤轩宿管办,2019-04-30,22:00-23:00,0.0
飞凤轩宿管办,2019-04-30,23:00-24:00,0.0
